Date,Avg_Precip_mm,PRECIPmm
1/1/1951,0,0
1/2/1951,0,0
1/3/1951,0,0
1/4/1951,0,0
1/5/1951,0,0
1/6/1951,0,0
1/7/1951,0,0
1/8/1951,0,0
1/9/1951,0,0
1/10/1951,0,0
1/11/1951,0,0
1/12/1951,0,0
1/13/1951,0,0
1/14/1951,0,0
1/15/1951,0,0
1/16/1951,0,0
1/17/1951,0,0
1/18/1951,0,0
1/19/1951,0,0
1/20/1951,0,0
1/21/1951,0.055785615,0
1/22/1951,3.275583230769231,0
1/23/1951,0,0
1/24/1951,0,0
1/25/1951,0,0
1/26/1951,0,0
1/27/1951,0,0
1/28/1951,0,0
1/29/1951,0,0
1/30/1951,0,0
1/31/1951,0,0
2/1/1951,0,0
2/2/1951,0,0
2/3/1951,0,0
2/4/1951,0,0
2/5/1951,0,0
2/6/1951,0,0
2/7/1951,0,0
2/8/1951,0,0
2/9/1951,0,0
2/10/1951,0,0
2/11/1951,0,0
2/12/1951,0,0
2/13/1951,0,0
2/14/1951,0,0
2/15/1951,0,0
2/16/1951,0,0
2/17/1951,0,0
2/18/1951,0,0
2/19/1951,0,0
2/20/1951,0,0
2/21/1951,0,0
2/22/1951,0,0
2/23/1951,0,0
2/24/1951,0,0
2/25/1951,0,0
2/26/1951,0,0
2/27/1951,0,0
2/28/1951,0,0
3/1/1951,0,0
3/2/1951,0,0
3/3/1951,0,0
3/4/1951,0,0
3/5/1951,0,0
3/6/1951,0,0
3/7/1951,0,0
3/8/1951,0,0
3/9/1951,0,0
3/10/1951,0,0
3/11/1951,0,0
3/12/1951,0,0
3/13/1951,0,0
3/14/1951,0,0
3/15/1951,0,0
3/16/1951,0,0
3/17/1951,0,0
3/18/1951,0.2384266153846154,0
3/19/1951,0,0
3/20/1951,0.6732584615384615,0
3/21/1951,0.061769077,0
3/22/1951,0.044337231,0
3/23/1951,0.008729231,0
3/24/1951,0.12741946153846154,0
3/25/1951,2.238556153846154,0
3/26/1951,9.029176923076923,0
3/27/1951,15.727815384615385,0
3/28/1951,1.1546099230769231,0
3/29/1951,4.584129231,0
3/30/1951,16.93503846153846,0
3/31/1951,15.406984615384612,0
4/1/1951,21.758692307692307,0
4/2/1951,0.9638804615384614,0
4/3/1951,0.5241993846153845,0
4/4/1951,0.045335462,0
4/5/1951,0.15723092307692307,0
4/6/1951,1.678306923076923,0
4/7/1951,0.6431894615384616,0
4/8/1951,0.013859231,0
4/9/1951,0,0
4/10/1951,14.327830769230768,0
4/11/1951,9.325261538,0
4/12/1951,0,0
4/13/1951,0,0
4/14/1951,0,0
4/15/1951,0,0
4/16/1951,0,0
4/17/1951,0,0
4/18/1951,0,0
4/19/1951,0,0
4/20/1951,0.8690246153846156,0
4/21/1951,0.13509200000000002,0
4/22/1951,3.7467192307692305,0
4/23/1951,0.7104215384615384,0
4/24/1951,0,0
4/25/1951,0,0
4/26/1951,0,0
4/27/1951,0,0
4/28/1951,0,0
4/29/1951,0.042378846,0
4/30/1951,0.10025653846153847,0
5/1/1951,0.5460905384615384,0
5/2/1951,0,0
5/3/1951,1.9700084615384614,0
5/4/1951,2.0041393076923075,0
5/5/1951,0.8174744615384615,0
5/6/1951,0,0
5/7/1951,1.5601999999999998,0
5/8/1951,0,0
5/9/1951,0,0
5/10/1951,0,0
5/11/1951,0,0
5/12/1951,0,0
5/13/1951,0,0
5/14/1951,0,0
5/15/1951,0,0
5/16/1951,0,0
5/17/1951,0.025557308,0
5/18/1951,0,0
5/19/1951,0,0
5/20/1951,0.045938923,0
5/21/1951,0,0
5/22/1951,0.12014615384615385,0
5/23/1951,6.027661538461538,0
5/24/1951,7.046030769230769,0
5/25/1951,0.040283923,0
5/26/1951,0,0
5/27/1951,1.0141953846153846,0
5/28/1951,1.4945661538461539,0
5/29/1951,2.035053846153846,0
5/30/1951,1.485646153846154,0
5/31/1951,1.8937623076923076,0
6/1/1951,0.059866615384615386,0
6/2/1951,4.215315384615385,0
6/3/1951,0.072300846,0
6/4/1951,0.40480892307692307,0
6/5/1951,0.250088,0
6/6/1951,1.045297846153846,0
6/7/1951,2.1410286153846156,0
6/8/1951,0,0
6/9/1951,2.7080984615384605,0
6/10/1951,0,0
6/11/1951,0,0
6/12/1951,0.005602538,0
6/13/1951,0.062476000000000004,0
6/14/1951,0.1869508461538461,0
6/15/1951,2.2089369230769234,0
6/16/1951,9.275830769230769,0
6/17/1951,0.433751,0
6/18/1951,0.615292846,0
6/19/1951,0,0
6/20/1951,0.18713246153846155,0
6/21/1951,0.4634815384615385,0
6/22/1951,0.20282184615384619,0
6/23/1951,1.5491682307692307,0
6/24/1951,0,0
6/25/1951,5.569092307692307,0
6/26/1951,15.89640769230769,0
6/27/1951,3.217225538461539,0
6/28/1951,21.687515384615384,0
6/29/1951,1.1176253846153845,0
6/30/1951,0.1142763076923077,0
7/1/1951,20.28266923076923,0
7/2/1951,47.12792307692307,0
7/3/1951,7.314338461538461,0
7/4/1951,1.5189684615384615,0
7/5/1951,3.0846461538461543,0
7/6/1951,6.753207692307692,0
7/7/1951,8.430484615384614,0
7/8/1951,5.921830769,0
7/9/1951,19.62010769230769,0
7/10/1951,11.406153846153845,0
7/11/1951,12.99976923076923,0
7/12/1951,9.649623076923076,0
7/13/1951,3.8517307692307696,0
7/14/1951,4.339858461538461,0
7/15/1951,0,0
7/16/1951,3.2656692307692308,0
7/17/1951,0.8468119230769232,0
7/18/1951,5.193292307692307,0
7/19/1951,4.4994,0
7/20/1951,1.4856923076923076,0
7/21/1951,1.5357338461538461,0
7/22/1951,11.209100000000003,0
7/23/1951,20.57623076923077,0
7/24/1951,2.0805866923076923,0
7/25/1951,5.8383692307692305,0
7/26/1951,44.10269230769231,0
7/27/1951,42.282769230769226,0
7/28/1951,0,0
7/29/1951,0.078570692,0
7/30/1951,0.020633384615384616,0
7/31/1951,7.338438461538461,0
8/1/1951,28.88453846153846,0
8/2/1951,1.1013883076923077,0
8/3/1951,0.086474077,0
8/4/1951,25.598769230769236,0
8/5/1951,8.054223846153846,0
8/6/1951,16.354099999999995,0
8/7/1951,10.47536923076923,0
8/8/1951,8.757784615384615,0
8/9/1951,7.0598769230769225,0
8/10/1951,18.390853846153846,0
8/11/1951,7.5630538461538475,0
8/12/1951,9.376407692307692,0
8/13/1951,5.321892307692307,0
8/14/1951,1.0791963846153847,0
8/15/1951,2.9677669230769235,0
8/16/1951,4.41,0
8/17/1951,24.356230769230766,0
8/18/1951,18.071230769230766,0
8/19/1951,0.3685886153846154,0
8/20/1951,0.682613,0
8/21/1951,1.1383074615384614,0
8/22/1951,19.646846153846152,0
8/23/1951,3.1448384615384617,0
8/24/1951,10.307946153846153,0
8/25/1951,0.39435661538461536,0
8/26/1951,0.18919423076923075,0
8/27/1951,2.2008669999999997,0
8/28/1951,4.461962384615385,0
8/29/1951,4.273093846153848,0
8/30/1951,1.3540643846153846,0
8/31/1951,35.98023076923077,0
9/1/1951,18.742230769230773,0
9/2/1951,1.9523992307692308,0
9/3/1951,4.142376153846153,0
9/4/1951,1.3871826153846152,0
9/5/1951,2.2946669230769228,0
9/6/1951,2.717083076923077,0
9/7/1951,4.3138207692307695,0
9/8/1951,12.696530769230767,0
9/9/1951,1.6747484615384616,0
9/10/1951,10.546167692307694,0
9/11/1951,0.27958846153846156,0
9/12/1951,1.854336153846154,0
9/13/1951,17.063461538461542,0
9/14/1951,3.5293907692307696,0
9/15/1951,5.674484615384615,0
9/16/1951,0.032749153846153845,0
9/17/1951,0.053218230769230775,0
9/18/1951,0,0
9/19/1951,6.132307692307691,0
9/20/1951,0,0
9/21/1951,0,0
9/22/1951,0,0
9/23/1951,0.12399130769230768,0
9/24/1951,0.36466846153846144,0
9/25/1951,0.218161,0
9/26/1951,2.0301182307692303,0
9/27/1951,0.1417030769230769,0
9/28/1951,1.389469538461538,0
9/29/1951,1.729386,0
9/30/1951,16.467453846153848,0
10/1/1951,26.83315384615385,0
10/2/1951,13.314676923076924,0
10/3/1951,17.398615384615386,0
10/4/1951,8.083,0
10/5/1951,16.922976923076924,0
10/6/1951,0,0
10/7/1951,0,0
10/8/1951,0,0
10/9/1951,0,0
10/10/1951,0,0
10/11/1951,0.49813676923076916,0
10/12/1951,15.878930769230768,0
10/13/1951,14.286084615384617,0
10/14/1951,2.4924776923076926,0
10/15/1951,9.855623076923077,0
10/16/1951,0.004307769,0
10/17/1951,2.231742307692308,0
10/18/1951,2.8561426923076927,0
10/19/1951,0,0
10/20/1951,0,0
10/21/1951,0,0
10/22/1951,0.009436154,0
10/23/1951,0,0
10/24/1951,0,0
10/25/1951,0,0
10/26/1951,0,0
10/27/1951,0,0
10/28/1951,0.5741895384615385,0
10/29/1951,0.5016332307692308,0
10/30/1951,20.383261538461543,0
10/31/1951,7.0497538461538465,0
11/1/1951,0.7884147692307693,0
11/2/1951,0.071248846,0
11/3/1951,0.076446615,0
11/4/1951,0,0
11/5/1951,0,0
11/6/1951,0.19622330769230772,0
11/7/1951,0.4994570000000001,0
11/8/1951,0,0
11/9/1951,0,0
11/10/1951,0,0
11/11/1951,0,0
11/12/1951,0,0
11/13/1951,0,0
11/14/1951,0,0
11/15/1951,0,0
11/16/1951,0,0
11/17/1951,0,0
11/18/1951,0,0
11/19/1951,0,0
11/20/1951,0,0
11/21/1951,0,0
11/22/1951,0,0
11/23/1951,0,0
11/24/1951,0,0
11/25/1951,0,0
11/26/1951,2.1223684615384615,0
11/27/1951,38.732846153846154,0
11/28/1951,0.4485558461538461,0
11/29/1951,0,0
11/30/1951,0,0
12/1/1951,0,0
12/2/1951,0,0
12/3/1951,0,0
12/4/1951,0,0
12/5/1951,0,0
12/6/1951,0,0
12/7/1951,0,0
12/8/1951,0,0
12/9/1951,0,0
12/10/1951,0,0
12/11/1951,0,0
12/12/1951,0,0
12/13/1951,0,0
12/14/1951,0,0
12/15/1951,0,0
12/16/1951,0,0
12/17/1951,0,0
12/18/1951,0,0
12/19/1951,0,0
12/20/1951,0,0
12/21/1951,0,0
12/22/1951,0,0
12/23/1951,0,0
12/24/1951,0,0
12/25/1951,0,0
12/26/1951,0,0
12/27/1951,0,0
12/28/1951,0,0
12/29/1951,0,0
12/30/1951,0,0
12/31/1951,0,0
1/1/1952,0,0
1/2/1952,0,0
1/3/1952,0,0
1/4/1952,0,0
1/5/1952,0,0
1/6/1952,0,0
1/7/1952,0,0
1/8/1952,0,0
1/9/1952,0,0
1/10/1952,0,0
1/11/1952,0,0
1/12/1952,0,0
1/13/1952,0,0
1/14/1952,0,0
1/15/1952,0,0
1/16/1952,0,0
1/17/1952,0,0
1/18/1952,0,0
1/19/1952,0,0
1/20/1952,0,0
1/21/1952,0,0
1/22/1952,0,0
1/23/1952,0,0
1/24/1952,0,0
1/25/1952,0,0
1/26/1952,0,0
1/27/1952,0,0
1/28/1952,0,0
1/29/1952,0,0
1/30/1952,0,0
1/31/1952,0,0
2/1/1952,0,0
2/2/1952,0,0
2/3/1952,0,0
2/4/1952,0,0
2/5/1952,0,0
2/6/1952,0,0
2/7/1952,0,0
2/8/1952,0,0
2/9/1952,0,0
2/10/1952,0,0
2/11/1952,0.2937736153846154,0
2/12/1952,0.079752308,0
2/13/1952,0,0
2/14/1952,0,0
2/15/1952,0,0
2/16/1952,0,0
2/17/1952,0,0
2/18/1952,0,0
2/19/1952,0,0
2/20/1952,0,0
2/21/1952,0,0
2/22/1952,0.019881923,0
2/23/1952,1.2409853846153847,0
2/24/1952,0.6802907692307693,0
2/25/1952,0.37299153846153843,0
2/26/1952,0,0
2/27/1952,0,0
2/28/1952,0,0
2/29/1952,0,0
3/1/1952,0.4511818461538462,0
3/2/1952,0,0
3/3/1952,0.053539461538461536,0
3/4/1952,8.684969230769232,0
3/5/1952,0,0
3/6/1952,0,0
3/7/1952,0,0
3/8/1952,0,0
3/9/1952,0,0
3/10/1952,0,0
3/11/1952,0,0
3/12/1952,2.894188615384616,0
3/13/1952,0.5073357692307693,0
3/14/1952,0.116811,0
3/15/1952,0.069507077,0
3/16/1952,0.7434246153846154,0
3/17/1952,2.753718461538462,0
3/18/1952,4.1033469230769235,0
3/19/1952,0,0
3/20/1952,0,0
3/21/1952,0,0
3/22/1952,0,0
3/23/1952,0,0
3/24/1952,0.16109030769230767,0
3/25/1952,1.3651746153846154,0
3/26/1952,0.35054846153846153,0
3/27/1952,0,0
3/28/1952,0,0
3/29/1952,0,0
3/30/1952,0,0
3/31/1952,0.05923,0
4/1/1952,0,0.1
4/2/1952,0.05923,0.1
4/3/1952,0.8146800769230769,0.1
4/4/1952,2.6073853846153843,0.1
4/5/1952,2.3202269230769232,0.1
4/6/1952,0,0.1
4/7/1952,2.3944561538461544,0.1
4/8/1952,0,0.1
4/9/1952,1.7675707692307692,0.1
4/10/1952,0.017588692,0.1
4/11/1952,0,0.1
4/12/1952,0,0.1
4/13/1952,0,0.1
4/14/1952,1.9232500000000003,0.1
4/15/1952,0.042212308,0.1
4/16/1952,0,0.1
4/17/1952,18.53456076923077,0.1
4/18/1952,3.8694415384615386,0.1
4/19/1952,1.3507476923076926,0.1
4/20/1952,0.16401038461538464,0.1
4/21/1952,0.025879307692307695,0.1
4/22/1952,0.7837538461538462,0.1
4/23/1952,0.42197238461538455,0.1
4/24/1952,1.8100130769230771,0.1
4/25/1952,1.0738646153846154,4.2
4/26/1952,1.8029386153846152,4.2
4/27/1952,8.123371538461539,4.2
4/28/1952,15.996692307692307,4.2
4/29/1952,0,4.2
4/30/1952,0.7474092307692307,4.2
5/1/1952,0,4.2
5/2/1952,0,4.2
5/3/1952,0,4.2
5/4/1952,0,4.2
5/5/1952,0.3341936923076923,4.2
5/6/1952,0.057931538,4.2
5/7/1952,5.276348615384616,4.2
5/8/1952,0.084204615,4.2
5/9/1952,1.3729188461538462,4.2
5/10/1952,0,4.2
5/11/1952,2.4105907692307693,4.2
5/12/1952,8.350469230769232,4.2
5/13/1952,0.3743109230769231,4.2
5/14/1952,40.67031153846154,4.2
5/15/1952,3.0175153846153844,4.2
5/16/1952,0,4.2
5/17/1952,0,4.2
5/18/1952,0.12711992307692307,4.2
5/19/1952,5.335141538461538,0
5/20/1952,0,0
5/21/1952,0,0
5/22/1952,0,0
5/23/1952,2.176562153846154,0
5/24/1952,0.4336719230769231,0
5/25/1952,0,0
5/26/1952,0,0
5/27/1952,0,0
5/28/1952,0.12239246153846153,0
5/29/1952,1.576224846153846,0
5/30/1952,0.21318776923076926,0
5/31/1952,21.333653846153847,0
6/1/1952,0,0
6/2/1952,0,0
6/3/1952,0,0
6/4/1952,0.21353123076923078,0
6/5/1952,11.738446153846152,0
6/6/1952,0,0
6/7/1952,0.6849130769230769,0
6/8/1952,0.5281899230769231,0
6/9/1952,3.277933692307692,0
6/10/1952,0.039763077,0
6/11/1952,0,0
6/12/1952,0,0
6/13/1952,0,0
6/14/1952,0,0
6/15/1952,0.11942153846153847,0
6/16/1952,0.48291,0
6/17/1952,1.6770758461538462,0
6/18/1952,8.921715384615386,0
6/19/1952,0.1882949230769231,0
6/20/1952,3.865713846153847,0
6/21/1952,12.390838461538461,0
6/22/1952,27.762600000000003,0
6/23/1952,16.612453846153848,0
6/24/1952,4.9786307692307705,0
6/25/1952,35.92015384615385,0
6/26/1952,14.087999999999997,0
6/27/1952,55.96853846153845,0
6/28/1952,6.909530769,0
6/29/1952,3.2721930769230765,0
6/30/1952,0.7077016923076923,0
7/1/1952,7.5653,0
7/2/1952,5.261813076923077,0
7/3/1952,0.088050769,0
7/4/1952,0.9927082307692309,0
7/5/1952,14.613746153846154,0
7/6/1952,186.1149153846154,0
7/7/1952,4.513069230769231,0
7/8/1952,3.9759015384615384,0
7/9/1952,7.2114076923076915,0
7/10/1952,3.902699231,0
7/11/1952,2.495263076923077,0
7/12/1952,3.7562565384615394,0
7/13/1952,2.8365107692307694,0
7/14/1952,2.5924984615384616,0
7/15/1952,15.813323076923076,0
7/16/1952,0.091755308,0
7/17/1952,16.246423076923072,0
7/18/1952,4.3855615384615385,0
7/19/1952,6.279728461538462,0
7/20/1952,47.81492307692308,0
7/21/1952,35.710846153846155,0
7/22/1952,27.36307692307692,0
7/23/1952,15.681246153846153,0
7/24/1952,17.018015384615385,0
7/25/1952,30.508292307692308,0
7/26/1952,0.6594461538461539,0
7/27/1952,0.7605948461538462,0
7/28/1952,8.443,0
7/29/1952,34.132269230769225,0
7/30/1952,1.4401215384615382,0
7/31/1952,0.9623440000000001,0
8/1/1952,1.8071330769230771,0
8/2/1952,2.7826853846153843,0
8/3/1952,1.3976161538461538,0
8/4/1952,14.203838461538462,0
8/5/1952,9.265649230769231,0
8/6/1952,1.2433444615384615,0
8/7/1952,0.010971538461538461,0
8/8/1952,7.487746153846155,0
8/9/1952,19.66007692307692,0
8/10/1952,25.559769230769227,0
8/11/1952,33.60092307692308,0
8/12/1952,58.030923076923074,0
8/13/1952,56.051984615384626,0
8/14/1952,7.632639231,0
8/15/1952,13.857815384615385,0
8/16/1952,5.297910000000001,0
8/17/1952,9.381830769230767,0
8/18/1952,6.182953846153846,0
8/19/1952,0.794123846,0
8/20/1952,0.42559846153846154,0
8/21/1952,6.817657692307693,0
8/22/1952,23.4067,0
8/23/1952,18.944938461538463,0
8/24/1952,7.139915384615383,0
8/25/1952,2.6597007692307693,0
8/26/1952,47.74276923076923,0
8/27/1952,8.380519231,0
8/28/1952,1.9887446153846153,0
8/29/1952,0.009904385,0
8/30/1952,0.009017462,0
8/31/1952,4.477386153846154,0
9/1/1952,18.666076923076922,0
9/2/1952,41.900753846153854,0
9/3/1952,1.9125661538461538,0
9/4/1952,1.5911946153846157,0
9/5/1952,8.317392307692305,0
9/6/1952,20.32630769230769,0
9/7/1952,1.5257253846153844,0
9/8/1952,7.241779999999999,0
9/9/1952,7.052606923076923,0
9/10/1952,37.51938461538462,0
9/11/1952,19.862384615384617,0
9/12/1952,36.85976923076923,0
9/13/1952,4.600907692307692,0
9/14/1952,2.3656067692307694,0
9/15/1952,0.6418326923076924,0
9/16/1952,0.6361023076923077,0
9/17/1952,21.422923076923077,0
9/18/1952,14.53053846153846,0
9/19/1952,1.22019,0
9/20/1952,11.321427692307692,0
9/21/1952,14.473069230769234,0
9/22/1952,21.461192307692304,0
9/23/1952,31.195307692307686,0
9/24/1952,5.429453846153847,0
9/25/1952,4.211099538461538,0
9/26/1952,10.93376076923077,0
9/27/1952,1.202681923076923,0
9/28/1952,0.20720723076923075,0
9/29/1952,0.18591538461538462,0
9/30/1952,2.7674653846153845,0
10/1/1952,10.825823076923077,0
10/2/1952,15.418538461538462,0
10/3/1952,3.0442792307692303,0
10/4/1952,1.042876923076923,0
10/5/1952,0.14248923076923076,0
10/6/1952,0.9351530769230769,0
10/7/1952,4.3792075384615385,0
10/8/1952,36.59515384615384,0
10/9/1952,36.863846153846154,0
10/10/1952,14.373292307692308,0
10/11/1952,5.6130992307692305,0
10/12/1952,2.1419192307692314,0
10/13/1952,2.5579438461538464,0
10/14/1952,36.42423076923077,0
10/15/1952,1.822217692307692,0
10/16/1952,13.051964615384616,0
10/17/1952,17.452476923076922,0
10/18/1952,0.838561923,0
10/19/1952,0.12883076923076925,0
10/20/1952,3.700822307692308,0
10/21/1952,0,0
10/22/1952,0,0
10/23/1952,0,0
10/24/1952,0,0
10/25/1952,0,0
10/26/1952,0,0
10/27/1952,0,0
10/28/1952,0,0
10/29/1952,0,0
10/30/1952,0,0
10/31/1952,0,0
11/1/1952,0,0
11/2/1952,0,0
11/3/1952,0,0
11/4/1952,0,0
11/5/1952,0,0
11/6/1952,0,0
11/7/1952,0,0
11/8/1952,0,0
11/9/1952,0,0
11/10/1952,0,0
11/11/1952,0,0
11/12/1952,0,0
11/13/1952,0,0
11/14/1952,0,0
11/15/1952,0,0
11/16/1952,0,0
11/17/1952,0,0
11/18/1952,0,0
11/19/1952,0,0
11/20/1952,0,0
11/21/1952,0,0
11/22/1952,0,0
11/23/1952,0,0
11/24/1952,0,0
11/25/1952,0,0
11/26/1952,0,0
11/27/1952,0,0
11/28/1952,0,0
11/29/1952,0,0
11/30/1952,0,0
12/1/1952,0,0
12/2/1952,0,0
12/3/1952,0,0
12/4/1952,0,0
12/5/1952,0,0
12/6/1952,0,0
12/7/1952,0,0
12/8/1952,0,0
12/9/1952,0,0
12/10/1952,0,0
12/11/1952,0.9568407692307692,0
12/12/1952,0,0
12/13/1952,0,0
12/14/1952,0,0
12/15/1952,0,0
12/16/1952,0,0
12/17/1952,0,0
12/18/1952,0,0
12/19/1952,0,0
12/20/1952,0,0
12/21/1952,0,0
12/22/1952,0,0
12/23/1952,0,0
12/24/1952,0,0
12/25/1952,0,0
12/26/1952,0,0
12/27/1952,0,0
12/28/1952,0,0
12/29/1952,0,0
12/30/1952,0,0
12/31/1952,0,0
1/1/1953,0,0
1/2/1953,0,0
1/3/1953,0,0
1/4/1953,0,0
1/5/1953,0,0
1/6/1953,0,0
1/7/1953,0,0
1/8/1953,0,0
1/9/1953,0,0
1/10/1953,0,0
1/11/1953,0,0
1/12/1953,0,0
1/13/1953,0,0
1/14/1953,0,0
1/15/1953,0,0
1/16/1953,0.2501142307692308,0
1/17/1953,0.026577692307692306,0
1/18/1953,0,0
1/19/1953,0.5396430769230769,0
1/20/1953,0,0
1/21/1953,0,0
1/22/1953,15.913669230769228,0
1/23/1953,2.9381461538461533,0
1/24/1953,25.17237692307693,0
1/25/1953,0.48704492307692304,0
1/26/1953,0,0
1/27/1953,0,0
1/28/1953,0,0
1/29/1953,0,0
1/30/1953,0,0
1/31/1953,0,0
2/1/1953,0,0
2/2/1953,0.088475692,0
2/3/1953,2.9374600000000006,0
2/4/1953,0,0
2/5/1953,0,0
2/6/1953,0,0
2/7/1953,0.6470022307692307,0
2/8/1953,0,0
2/9/1953,0.1865533846153846,0
2/10/1953,0,0
2/11/1953,0,0
2/12/1953,0,0
2/13/1953,0,0
2/14/1953,0,0
2/15/1953,0,0
2/16/1953,0,0
2/17/1953,0,0
2/18/1953,0,0
2/19/1953,0,0
2/20/1953,0,0
2/21/1953,0,0
2/22/1953,0,0
2/23/1953,0,0
2/24/1953,0,0
2/25/1953,0,0
2/26/1953,0,0
2/27/1953,0,0
2/28/1953,0,0
3/1/1953,0,0
3/2/1953,0,0
3/3/1953,0,0
3/4/1953,0,0
3/5/1953,0,0
3/6/1953,0,0
3/7/1953,0,0
3/8/1953,0,0
3/9/1953,0,0
3/10/1953,0,0
3/11/1953,0,0
3/12/1953,0,0
3/13/1953,0,0
3/14/1953,0,0
3/15/1953,0.013665462,0
3/16/1953,0,0
3/17/1953,0,0
3/18/1953,0,0
3/19/1953,0,0
3/20/1953,0,0
3/21/1953,0,0
3/22/1953,0,0
3/23/1953,0,0
3/24/1953,0,0
3/25/1953,0,0
3/26/1953,0,0
3/27/1953,0,0
3/28/1953,0,0
3/29/1953,0,0
3/30/1953,0,0
3/31/1953,0,0
4/1/1953,0,0
4/2/1953,0,0
4/3/1953,0,0
4/4/1953,0,0
4/5/1953,0,0
4/6/1953,0,0
4/7/1953,0,0
4/8/1953,0,0
4/9/1953,0,0
4/10/1953,0,0
4/11/1953,0,0
4/12/1953,0.004178,0
4/13/1953,0,0
4/14/1953,0,0
4/15/1953,0,0
4/16/1953,0.062476000000000004,0
4/17/1953,0,0
4/18/1953,0.062476000000000004,0
4/19/1953,0,0
4/20/1953,0,0
4/21/1953,0.008993846,0
4/22/1953,0.13816915384615383,0
4/23/1953,0,0
4/24/1953,0,0
4/25/1953,0,0
4/26/1953,0,0
4/27/1953,0,0
4/28/1953,0,0
4/29/1953,0,0
4/30/1953,0,0
5/1/1953,0.4041426923076923,0
5/2/1953,0.11724615384615385,0
5/3/1953,1.2932715384615383,0
5/4/1953,0.007109462,0
5/5/1953,0.6309261538461539,0
5/6/1953,0.16282846153846153,0
5/7/1953,0,0
5/8/1953,2.5026846153846147,0
5/9/1953,0.18288923076923075,0
5/10/1953,0.584439923,0
5/11/1953,3.4815307692307687,0
5/12/1953,0.3684105384615385,0
5/13/1953,0,0
5/14/1953,0,0
5/15/1953,0,0
5/16/1953,0.032749153846153845,0
5/17/1953,0.074454385,0
5/18/1953,0,0
5/19/1953,0,0
5/20/1953,0,0
5/21/1953,0.088009154,0
5/22/1953,0,0
5/23/1953,0,0
5/24/1953,1.0141953846153846,0
5/25/1953,0,0
5/26/1953,0,0
5/27/1953,0,0
5/28/1953,0,0
5/29/1953,0,0
5/30/1953,0,0
5/31/1953,0,0
6/1/1953,2.7381784615384612,0
6/2/1953,0,0
6/3/1953,0,0
6/4/1953,0.003590538,0
6/5/1953,19.814523076923077,0
6/6/1953,0,0
6/7/1953,0,0
6/8/1953,0,0
6/9/1953,0,0
6/10/1953,0,0
6/11/1953,0,0
6/12/1953,7.686992307692308,0
6/13/1953,0.338990077,0
6/14/1953,15.98230769230769,0
6/15/1953,5.230984615384615,0
6/16/1953,1.365682153846154,0
6/17/1953,5.360723076923078,0
6/18/1953,4.5143699999999995,0
6/19/1953,22.331323076923074,0
6/20/1953,9.155438461538463,0
6/21/1953,9.474161538,0
6/22/1953,3.0647369230769232,0
6/23/1953,4.225638461538461,0
6/24/1953,0.053955154,0
6/25/1953,0.5408019230769231,0
6/26/1953,0.036117769,0
6/27/1953,0.8947957692307693,0
6/28/1953,4.601100000000001,0
6/29/1953,0,0
6/30/1953,0.095371,0
7/1/1953,9.965038461538462,0
7/2/1953,3.252323076923077,0
7/3/1953,11.234363846153844,0
7/4/1953,22.637101538461536,0
7/5/1953,5.345946923076923,0
7/6/1953,2.3837946923076925,0
7/7/1953,1.0945463846153844,0
7/8/1953,1.3809015384615384,0
7/9/1953,0.5545864615384615,0
7/10/1953,3.6545461538461543,0
7/11/1953,6.384424615384613,0
7/12/1953,30.81876923076923,0
7/13/1953,0.6376437692307693,0
7/14/1953,18.335307692307694,0
7/15/1953,8.735353846153847,0
7/16/1953,0.82311,0
7/17/1953,2.1742384615384616,0
7/18/1953,1.9127546153846153,0
7/19/1953,30.720538461538464,0
7/20/1953,4.337878076923077,0
7/21/1953,1.7821023076923075,0
7/22/1953,0.018517769,0
7/23/1953,5.403321461538462,0
7/24/1953,11.674,0
7/25/1953,6.708276923076922,0
7/26/1953,6.630943076923078,0
7/27/1953,36.10546153846154,0
7/28/1953,33.84423076923076,0
7/29/1953,5.136485384615384,0
7/30/1953,13.747607692307692,0
7/31/1953,4.205938461538461,0
8/1/1953,24.864600000000003,0
8/2/1953,2.6730638461538465,0
8/3/1953,40.43969230769231,0
8/4/1953,182.7826923076923,0
8/5/1953,17.370761538461537,0
8/6/1953,0,0
8/7/1953,0,0
8/8/1953,1.764105615384615,0
8/9/1953,43.17892307692308,0
8/10/1953,13.111730769230768,0
8/11/1953,1.6719046153846153,0
8/12/1953,21.528307692307692,0
8/13/1953,25.251023076923072,0
8/14/1953,9.210776923076923,0
8/15/1953,14.254553846153843,0
8/16/1953,13.676115384615384,0
8/17/1953,36.36138461538461,0
8/18/1953,9.637715384615383,0
8/19/1953,6.024623076923078,0
8/20/1953,1.7031348461538462,0
8/21/1953,0.7156367692307692,0
8/22/1953,0.31231284615384614,0
8/23/1953,0.6427573846153846,0
8/24/1953,29.149076923076922,0
8/25/1953,22.437438461538463,0
8/26/1953,3.4012337692307693,0
8/27/1953,0.32107523076923083,0
8/28/1953,9.996607692307691,0
8/29/1953,8.772346153846156,0
8/30/1953,0.5654671538461538,0
8/31/1953,4.084868461538462,0
9/1/1953,0.3185553846153846,0
9/2/1953,13.651476923076924,0
9/3/1953,2.8051998461538457,0
9/4/1953,0.30379884615384617,0
9/5/1953,1.749656153846154,0
9/6/1953,1.3056679230769233,0
9/7/1953,0.8991024615384613,0
9/8/1953,11.583469230769229,0
9/9/1953,4.453913076923077,0
9/10/1953,5.0872192307692305,0
9/11/1953,4.364253846153846,0
9/12/1953,11.479092307692307,0
9/13/1953,1.0315637692307693,0
9/14/1953,0,0
9/15/1953,8.728446153846154,0
9/16/1953,8.597507692307692,0
9/17/1953,19.19933076923077,0
9/18/1953,0.8363930769230769,0
9/19/1953,3.6333923076923074,0
9/20/1953,1.4228146153846153,0
9/21/1953,5.026253846153845,0
9/22/1953,1.0060715384615384,0
9/23/1953,44.05046153846153,0
9/24/1953,2.477069230769231,0
9/25/1953,6.649207692307693,0
9/26/1953,2.5817376923076925,0
9/27/1953,5.325761538461538,0
9/28/1953,34.43569230769231,0
9/29/1953,0.093501,0
9/30/1953,0.1891353846153846,0
10/1/1953,0.002948538,0
10/2/1953,0.026331615384615384,0
10/3/1953,0.011862692307692307,0
10/4/1953,0.7950984615384615,0
10/5/1953,0,0
10/6/1953,0,0
10/7/1953,0,0
10/8/1953,3.135523076923077,0
10/9/1953,3.8833723076923077,0
10/10/1953,1.7333007692307691,0
10/11/1953,0.34992246153846157,0
10/12/1953,0.31385469230769225,0
10/13/1953,0,0
10/14/1953,0.1445139230769231,0
10/15/1953,0.4383243076923077,0
10/16/1953,0.004189923,0
10/17/1953,0.4539742307692307,0
10/18/1953,0,0
10/19/1953,0.2084923846153846,0
10/20/1953,0.5217993076923076,0
10/21/1953,0.12014615384615385,0
10/22/1953,0,0
10/23/1953,0,0
10/24/1953,0.6057823076923077,0
10/25/1953,2.8907195384615383,0
10/26/1953,1.9486323076923076,0
10/27/1953,0.47461799999999993,0
10/28/1953,0.092515538,0
10/29/1953,0,0
10/30/1953,0,0
10/31/1953,0,0
11/1/1953,0,0
11/2/1953,0,0
11/3/1953,0,0
11/4/1953,0,0
11/5/1953,0,0
11/6/1953,0,0
11/7/1953,0,0
11/8/1953,0,0
11/9/1953,0.8625887692307693,0
11/10/1953,5.815763846153847,0
11/11/1953,5.636323076923077,0
11/12/1953,6.915323076923078,0
11/13/1953,0.5528303846153846,0
11/14/1953,0.062585692,0
11/15/1953,0.5937334615384615,0
11/16/1953,0,0
11/17/1953,0,0
11/18/1953,0,0
11/19/1953,0,0
11/20/1953,0,0
11/21/1953,0,0
11/22/1953,0,0
11/23/1953,0,0
11/24/1953,0,0
11/25/1953,0,0
11/26/1953,0,0
11/27/1953,0,0
11/28/1953,0,0
11/29/1953,0,0
11/30/1953,0,0
12/1/1953,0,0
12/2/1953,0,0
12/3/1953,0,0
12/4/1953,0,0
12/5/1953,0,0
12/6/1953,0,0
12/7/1953,0,0
12/8/1953,0,0
12/9/1953,0,0
12/10/1953,0,0
12/11/1953,0,0
12/12/1953,0,0
12/13/1953,0,0
12/14/1953,0,0
12/15/1953,0,0
12/16/1953,0,0
12/17/1953,0,0
12/18/1953,0,0
12/19/1953,0,0
12/20/1953,0,0
12/21/1953,0,0
12/22/1953,0,0
12/23/1953,0,0
12/24/1953,0,0
12/25/1953,0,0
12/26/1953,0,0
12/27/1953,0,0
12/28/1953,0,0
12/29/1953,0,0
12/30/1953,0,0
12/31/1953,0,0
1/1/1954,0,0
1/2/1954,0,0
1/3/1954,0,0
1/4/1954,0,0
1/5/1954,0,0
1/6/1954,0,0
1/7/1954,0,0
1/8/1954,0,0
1/9/1954,0,0
1/10/1954,0,0
1/11/1954,0,0
1/12/1954,0,0
1/13/1954,0,0
1/14/1954,0,0
1/15/1954,0,0
1/16/1954,0,0
1/17/1954,0,0
1/18/1954,0,0
1/19/1954,0,0
1/20/1954,0,0
1/21/1954,0,0
1/22/1954,0.017588692,0
1/23/1954,0,0
1/24/1954,0,0
1/25/1954,0,0
1/26/1954,0,0
1/27/1954,0,0
1/28/1954,0,0
1/29/1954,0,0
1/30/1954,0,0
1/31/1954,0,0
2/1/1954,0,0
2/2/1954,0,0
2/3/1954,0,0
2/4/1954,0,0
2/5/1954,0,0
2/6/1954,0,0
2/7/1954,0,0
2/8/1954,0,0
2/9/1954,0,0
2/10/1954,0,0
2/11/1954,0,0
2/12/1954,0,0
2/13/1954,0,0
2/14/1954,0,0
2/15/1954,0,0
2/16/1954,0,0
2/17/1954,0,0
2/18/1954,0,0
2/19/1954,0,0
2/20/1954,0,0
2/21/1954,0,0
2/22/1954,0,0
2/23/1954,0.3635131538461538,0
2/24/1954,2.985378538461539,0
2/25/1954,0.087624231,0
2/26/1954,3.2335023076923073,0
2/27/1954,0,0
2/28/1954,0,0
3/1/1954,0,0
3/2/1954,0,0
3/3/1954,0,0
3/4/1954,0,0
3/5/1954,0,0
3/6/1954,0,0
3/7/1954,0,0
3/8/1954,0,0
3/9/1954,0,0
3/10/1954,0,0
3/11/1954,0,0
3/12/1954,0,0
3/13/1954,0,0
3/14/1954,0,0
3/15/1954,0,0
3/16/1954,0.5281592307692309,0
3/17/1954,3.474270769,0
3/18/1954,0.18263846153846153,0
3/19/1954,0.10459876923076922,0
3/20/1954,0,0
3/21/1954,0,0
3/22/1954,0,0
3/23/1954,0,0
3/24/1954,0,0
3/25/1954,0.028533307692307695,0
3/26/1954,0.3365778461538461,0
3/27/1954,0,0
3/28/1954,0,0
3/29/1954,0,0
3/30/1954,0,0
3/31/1954,2.3510284615384616,0
4/1/1954,0,0
4/2/1954,0.092429462,0
4/3/1954,0,0
4/4/1954,1.8455415384615383,0
4/5/1954,0,0
4/6/1954,0,0
4/7/1954,3.4414599999999997,0
4/8/1954,0,0
4/9/1954,0,0
4/10/1954,0,0
4/11/1954,0,0
4/12/1954,0,0
4/13/1954,0,0
4/14/1954,0.020520769,0
4/15/1954,0,0
4/16/1954,0,0
4/17/1954,0,0
4/18/1954,0,0
4/19/1954,0,0
4/20/1954,0,0
4/21/1954,0.044761846,0
4/22/1954,0,0
4/23/1954,0,0
4/24/1954,0,0
4/25/1954,0,0
4/26/1954,0,0
4/27/1954,0,0
4/28/1954,0.20862992307692307,0
4/29/1954,0,0
4/30/1954,0,0
5/1/1954,1.4662695384615387,0
5/2/1954,0,0
5/3/1954,3.956570538461538,0
5/4/1954,0.18383384615384615,0
5/5/1954,2.226687692307692,0
5/6/1954,3.2326746153846146,0
5/7/1954,0.050028231,0
5/8/1954,0.34252076923076924,0
5/9/1954,0.035444615,0
5/10/1954,0,0
5/11/1954,0,0
5/12/1954,1.098373923076923,0
5/13/1954,0,0
5/14/1954,0.15089992307692307,0
5/15/1954,0,0
5/16/1954,0.6337662307692308,0
5/17/1954,7.179584615384615,0
5/18/1954,1.4063608461538462,0
5/19/1954,0,0
5/20/1954,0,0
5/21/1954,1.5900123076923076,0
5/22/1954,2.3802174615384617,0
5/23/1954,5.319007692307694,0
5/24/1954,0,0
5/25/1954,2.1413815384615384,0
5/26/1954,2.2756466153846153,0
5/27/1954,0,0
5/28/1954,0.11001230769230769,0
5/29/1954,0.003779231,0
5/30/1954,0.3771381538461538,0
5/31/1954,0,0
6/1/1954,0.22437392307692308,0
6/2/1954,19.798953846153843,0
6/3/1954,3.4959519230769227,0
6/4/1954,8.030369230769232,0
6/5/1954,10.789715384615382,0
6/6/1954,1.5108492307692312,0
6/7/1954,10.898676923076923,0
6/8/1954,0,0
6/9/1954,2.9908553846153847,0
6/10/1954,17.289084615384613,0
6/11/1954,0.2581449230769231,0
6/12/1954,3.622437692307692,0
6/13/1954,7.010559230769231,0
6/14/1954,16.96929230769231,0
6/15/1954,2.128233384615385,0
6/16/1954,35.67453846153846,0
6/17/1954,12.939346153846149,0
6/18/1954,6.1437846153846145,0
6/19/1954,6.827392307692308,0
6/20/1954,9.627046153846154,0
6/21/1954,0.8966338461538462,0
6/22/1954,1.4582482307692308,0
6/23/1954,0.20485461538461538,0
6/24/1954,0.928826923,0
6/25/1954,0,0
6/26/1954,2.0853392307692307,0
6/27/1954,6.372462153846152,0
6/28/1954,0,0
6/29/1954,0,0
6/30/1954,0.064415385,0
7/1/1954,3.6735892307692306,0
7/2/1954,12.644115384615382,0
7/3/1954,1.0377515384615386,0
7/4/1954,2.5059384615384612,0
7/5/1954,6.896184615384616,0
7/6/1954,10.787146153846153,0
7/7/1954,30.220538461538467,0
7/8/1954,4.809376923076924,0
7/9/1954,12.375482307692307,0
7/10/1954,3.5942384615384615,0
7/11/1954,1.8331460000000004,0
7/12/1954,3.677257692307693,0
7/13/1954,0.091918462,0
7/14/1954,0.709741,0
7/15/1954,7.908076923076924,0
7/16/1954,11.391961538461537,0
7/17/1954,0.26576284615384616,0
7/18/1954,0.046763692,0
7/19/1954,0.6468946153846153,0
7/20/1954,0.6770365384615384,0
7/21/1954,0.081062308,0
7/22/1954,1.662859,0
7/23/1954,1.3807326153846153,0
7/24/1954,3.698712307692307,0
7/25/1954,0.13245961538461537,0
7/26/1954,0,0
7/27/1954,0,0
7/28/1954,0.047569999999999994,0
7/29/1954,3.5742123076923074,0
7/30/1954,11.352676923076924,0
7/31/1954,5.216953846153847,0
8/1/1954,0.10104538461538462,0
8/2/1954,0.059241692307692315,0
8/3/1954,1.1955056923076923,0
8/4/1954,13.925438461538459,0
8/5/1954,16.81636153846154,0
8/6/1954,11.37873846153846,0
8/7/1954,6.667969231,0
8/8/1954,4.463138461538461,0
8/9/1954,14.182353846153847,0
8/10/1954,27.77523076923077,0
8/11/1954,3.2740915384615388,0
8/12/1954,20.766923076923074,0
8/13/1954,14.4117,0
8/14/1954,7.1197099999999995,0
8/15/1954,8.854984615384616,0
8/16/1954,12.525292307692306,0
8/17/1954,32.702000000000005,0
8/18/1954,1.1706646153846154,0
8/19/1954,4.261485384615384,0
8/20/1954,7.848146153846153,0
8/21/1954,11.21359076923077,0
8/22/1954,5.271676923076924,0
8/23/1954,1.8864484615384616,0
8/24/1954,0.3965380769230769,0
8/25/1954,0.377749,0
8/26/1954,1.1340753846153846,0
8/27/1954,0.5419114615384616,0
8/28/1954,0.9068124615384616,0
8/29/1954,3.930209230769231,0
8/30/1954,15.947434615384616,0
8/31/1954,8.992561538461537,0
9/1/1954,4.226326923076922,0
9/2/1954,1.8203684615384619,0
9/3/1954,2.2313566153846156,0
9/4/1954,13.984999999999998,0
9/5/1954,19.205330769230766,0
9/6/1954,5.220246153846154,0
9/7/1954,2.993453076923077,0
9/8/1954,6.495516153846154,0
9/9/1954,60.03793076923077,0
9/10/1954,7.996892307692308,0
9/11/1954,2.7389607692307694,0
9/12/1954,12.199700000000004,0
9/13/1954,6.261207692307692,0
9/14/1954,12.818461538461538,0
9/15/1954,24.19853846153846,0
9/16/1954,2.417476923076923,0
9/17/1954,56.88032307692307,0
9/18/1954,7.156615384615384,0
9/19/1954,1.6767235384615387,0
9/20/1954,3.336176923076923,0
9/21/1954,5.012157692307694,0
9/22/1954,8.263761538461539,0
9/23/1954,47.11638461538462,0
9/24/1954,6.735830769230769,0
9/25/1954,3.0369923076923087,0
9/26/1954,11.00316153846154,0
9/27/1954,2.888475384615385,0
9/28/1954,10.359907692307694,0
9/29/1954,10.416492307692307,0
9/30/1954,0.031659154,0
10/1/1954,1.6682445384615385,0
10/2/1954,2.3824415384615385,0
10/3/1954,0,0
10/4/1954,0.5436907692307693,0
10/5/1954,22.790846153846157,0
10/6/1954,2.289428846153846,0
10/7/1954,0.029026462,0
10/8/1954,0,0
10/9/1954,0,0
10/10/1954,0,0
10/11/1954,0,0
10/12/1954,0,0
10/13/1954,0,0
10/14/1954,0,0
10/15/1954,1.568153846153846,0
10/16/1954,0.1733607692307692,0
10/17/1954,0,0
10/18/1954,0.099814615,0
10/19/1954,0.38079230769230765,0
10/20/1954,0,0
10/21/1954,0,0
10/22/1954,0,0
10/23/1954,0.3511,0
10/24/1954,15.836099999999998,0
10/25/1954,51.42392307692308,0
10/26/1954,35.643153846153844,0
10/27/1954,1.8098769230769234,0
10/28/1954,0,0
10/29/1954,0,0
10/30/1954,0,0
10/31/1954,0,0
11/1/1954,0,0
11/2/1954,0,0
11/3/1954,0,0
11/4/1954,0,0
11/5/1954,0,0
11/6/1954,0,0
11/7/1954,0,0
11/8/1954,0,0
11/9/1954,0,0
11/10/1954,0,0
11/11/1954,0,0
11/12/1954,0,0
11/13/1954,0,0
11/14/1954,0,0
11/15/1954,0,0
11/16/1954,0,0
11/17/1954,0,0
11/18/1954,0,0
11/19/1954,0,0
11/20/1954,0,0
11/21/1954,0,0
11/22/1954,0,0
11/23/1954,0,0
11/24/1954,0,0
11/25/1954,0,0
11/26/1954,0,0
11/27/1954,0,0
11/28/1954,0,0
11/29/1954,0,0
11/30/1954,0,0
12/1/1954,0,0
12/2/1954,0,0
12/3/1954,0,0
12/4/1954,0,0
12/5/1954,0,0
12/6/1954,0,0
12/7/1954,0,0
12/8/1954,0,0
12/9/1954,0,0
12/10/1954,0,0
12/11/1954,0,0
12/12/1954,0,0
12/13/1954,0,0
12/14/1954,0,0
12/15/1954,0,0
12/16/1954,0,0
12/17/1954,0,0
12/18/1954,0,0
12/19/1954,0.031157769230769232,0
12/20/1954,0.4848930769230769,0
12/21/1954,0.081356154,0
12/22/1954,0,0
12/23/1954,0,0
12/24/1954,0,0
12/25/1954,0,0
12/26/1954,0,0
12/27/1954,0.033417692,0
12/28/1954,0.076674308,0
12/29/1954,0.083784154,0
12/30/1954,4.675253846153846,0
12/31/1954,2.4732446153846155,0
1/1/1955,2.613931538461538,0
1/2/1955,0,0
1/3/1955,0,0
1/4/1955,0,0
1/5/1955,0,0
1/6/1955,0,0
1/7/1955,0,0
1/8/1955,0,0
1/9/1955,0,0
1/10/1955,0,0
1/11/1955,0,0
1/12/1955,0,0
1/13/1955,0,0
1/14/1955,0,0
1/15/1955,0,0
1/16/1955,0,0
1/17/1955,0,0
1/18/1955,0,0
1/19/1955,0,0
1/20/1955,0,0
1/21/1955,0,0
1/22/1955,0,0
1/23/1955,0,0
1/24/1955,0,0
1/25/1955,0,0
1/26/1955,0,0
1/27/1955,0,0
1/28/1955,0,0
1/29/1955,0,0
1/30/1955,0,0
1/31/1955,0,0
2/1/1955,0,0
2/2/1955,0,0
2/3/1955,0,0
2/4/1955,0,0
2/5/1955,0,0
2/6/1955,0,0
2/7/1955,0,0
2/8/1955,0,0
2/9/1955,0,0
2/10/1955,0,0
2/11/1955,0,0
2/12/1955,0,0
2/13/1955,0,0
2/14/1955,0,0
2/15/1955,0,0
2/16/1955,0,0
2/17/1955,0,0
2/18/1955,0,0
2/19/1955,0,0
2/20/1955,0,0
2/21/1955,0,0
2/22/1955,0,0
2/23/1955,0,0
2/24/1955,0,0
2/25/1955,0,0
2/26/1955,0,0
2/27/1955,0,0
2/28/1955,0,0
3/1/1955,0,0
3/2/1955,0,0
3/3/1955,0,0
3/4/1955,0.003044615,0
3/5/1955,0.3811,0
3/6/1955,0.067239231,0
3/7/1955,0.22813000000000003,0
3/8/1955,0,0
3/9/1955,0,0
3/10/1955,0,0
3/11/1955,0,0
3/12/1955,0,0
3/13/1955,0,0
3/14/1955,0,0
3/15/1955,0,0
3/16/1955,0,0
3/17/1955,0,0
3/18/1955,0,0
3/19/1955,0,0
3/20/1955,0,0
3/21/1955,0,0
3/22/1955,0,0
3/23/1955,0,0
3/24/1955,0.15060099999999998,0
3/25/1955,0.013405153846153846,0
3/26/1955,0.141734,0
3/27/1955,0.6153166153846155,0
3/28/1955,3.031707692307693,0
3/29/1955,8.572923076923079,0
3/30/1955,0,0
3/31/1955,0,0
4/1/1955,2.3510284615384616,0
4/2/1955,0,0
4/3/1955,0.12825307692307694,0
4/4/1955,0.095561538,0
4/5/1955,5.269392307692309,0
4/6/1955,0.3260914615384616,0
4/7/1955,0.14969307692307693,0
4/8/1955,5.536955384615384,0
4/9/1955,0,0
4/10/1955,0,0
4/11/1955,1.1436684615384616,0
4/12/1955,0,0
4/13/1955,0.050028231,0
4/14/1955,0,0
4/15/1955,0,0
4/16/1955,0,0
4/17/1955,0,0
4/18/1955,0,0
4/19/1955,0,0
4/20/1955,0.1004953846153846,0
4/21/1955,0,0
4/22/1955,0,0
4/23/1955,0,0
4/24/1955,0.20795730769230772,0
4/25/1955,0,0
4/26/1955,0,0
4/27/1955,0,0
4/28/1955,0.1244250769230769,0
4/29/1955,0,0
4/30/1955,0.051468692307692306,0
5/1/1955,1.0976492307692307,0
5/2/1955,1.7415376923076924,0
5/3/1955,0.7375207692307691,0
5/4/1955,0.30804615384615386,0
5/5/1955,2.8256861538461537,0
5/6/1955,3.9682107692307698,0
5/7/1955,0.048566154,0
5/8/1955,0.094789923,0
5/9/1955,0.012734846153846154,0
5/10/1955,0.012734846153846154,0
5/11/1955,0.2528130769230769,0
5/12/1955,0.068034615,0
5/13/1955,0.12814384615384616,0
5/14/1955,0.084680769,0
5/15/1955,0,0
5/16/1955,0.1310437692307692,0
5/17/1955,0.082502846,0
5/18/1955,0.012734846153846154,0
5/19/1955,0.039057,0
5/20/1955,0.6382615384615384,0
5/21/1955,3.5532478461538464,0
5/22/1955,6.013293076923076,0
5/23/1955,0,0
5/24/1955,0.4184476923076923,0
5/25/1955,0.039057,0
5/26/1955,0,0
5/27/1955,0.7402273846153845,0
5/28/1955,0.19728515384615383,0
5/29/1955,0.12187569230769231,0
5/30/1955,0.046956231,0
5/31/1955,1.3182299999999998,0
6/1/1955,0,0
6/2/1955,0,0
6/3/1955,0,0
6/4/1955,0.004568615,0
6/5/1955,0.1609446153846154,0
6/6/1955,0.061530154,0
6/7/1955,0,0
6/8/1955,0.40471538461538464,0
6/9/1955,7.300052307692308,0
6/10/1955,16.71610769230769,0
6/11/1955,0.4888700769230769,0
6/12/1955,0.057173076923076924,0
6/13/1955,0.5519163846153846,0
6/14/1955,1.418003846153846,0
6/15/1955,0.40703230769230764,0
6/16/1955,0.2651507692307692,0
6/17/1955,0.6430802307692308,0
6/18/1955,15.680407692307691,0
6/19/1955,6.409298461538461,0
6/20/1955,10.322953846153847,0
6/21/1955,3.9817769230769233,0
6/22/1955,5.862232307692308,0
6/23/1955,1.9326416153846155,0
6/24/1955,13.454400000000001,0
6/25/1955,20.08135384615384,0
6/26/1955,9.018907538461537,0
6/27/1955,10.325499999999998,0
6/28/1955,37.58925384615385,0
6/29/1955,16.408900000000003,0
6/30/1955,17.796507692307692,0
7/1/1955,18.53318,0
7/2/1955,6.274225384615385,0
7/3/1955,4.8271,0
7/4/1955,8.998169231,0
7/5/1955,28.256292307692313,0
7/6/1955,17.185415384615386,0
7/7/1955,0.34347569230769237,0
7/8/1955,14.452053846153847,0
7/9/1955,9.031069230769232,0
7/10/1955,1.912996153846154,0
7/11/1955,2.335600769230769,0
7/12/1955,12.9847,0
7/13/1955,5.988076923076923,0
7/14/1955,7.7081515384615376,0
7/15/1955,1.9561053846153844,0
7/16/1955,7.116938461538463,0
7/17/1955,3.70537,0
7/18/1955,5.510366153846154,0
7/19/1955,19.266461538461538,0
7/20/1955,14.467815384615383,0
7/21/1955,8.484607692307694,0
7/22/1955,1.2509092307692309,0
7/23/1955,2.64515,0
7/24/1955,5.132076923076924,0
7/25/1955,5.553698461538461,0
7/26/1955,1.6062730000000003,0
7/27/1955,0.10220307692307692,0
7/28/1955,1.6501152307692308,0
7/29/1955,5.759202307692309,0
7/30/1955,0.18296076923076926,0
7/31/1955,1.4062196923076924,0
8/1/1955,0.2602123846153846,0
8/2/1955,0.8242399999999999,0
8/3/1955,4.744746153846155,0
8/4/1955,8.369869230769229,0
8/5/1955,10.903884615384614,0
8/6/1955,4.1676153846153845,0
8/7/1955,15.771061538461536,0
8/8/1955,11.06710769230769,0
8/9/1955,21.56130769230769,0
8/10/1955,6.832423076923078,0
8/11/1955,2.463234692307692,0
8/12/1955,4.512369230769231,0
8/13/1955,3.141261538461538,0
8/14/1955,9.909523076923078,0
8/15/1955,1.0270353846153846,0
8/16/1955,39.94593076923076,0
8/17/1955,10.9178,0
8/18/1955,3.4651899999999998,0
8/19/1955,1.967969230769231,0
8/20/1955,3.2233,0
8/21/1955,11.584492307692308,0
8/22/1955,2.673858461538462,0
8/23/1955,8.079275384615384,0
8/24/1955,6.947812307692307,0
8/25/1955,34.16154615384615,0
8/26/1955,17.656784615384616,0
8/27/1955,9.459784615384617,0
8/28/1955,15.095461538461539,0
8/29/1955,17.728461538461538,0
8/30/1955,10.960561538461537,0
8/31/1955,84.21238462,0
9/1/1955,8.580961538461539,0
9/2/1955,16.582684615384615,0
9/3/1955,17.573884615384618,0
9/4/1955,105.71853846153847,0
9/5/1955,130.20476923076924,0
9/6/1955,2.0507776153846153,0
9/7/1955,8.700797692307694,0
9/8/1955,7.129661538461538,0
9/9/1955,7.121707692307691,0
9/10/1955,9.023830769230768,0
9/11/1955,6.367576923076923,0
9/12/1955,7.857600000000001,0
9/13/1955,8.481813076923077,0
9/14/1955,12.813653846153844,0
9/15/1955,6.914920769,0
9/16/1955,0.6133184615384615,0
9/17/1955,0.8681981538461538,0
9/18/1955,5.949476923076923,0
9/19/1955,2.8579438461538462,0
9/20/1955,0.10846207692307691,0
9/21/1955,3.7879700000000005,0
9/22/1955,0.7353153846153847,0
9/23/1955,14.553099999999999,0
9/24/1955,2.936646923076923,0
9/25/1955,7.670246153846154,0
9/26/1955,0.21845653846153842,0
9/27/1955,0.5508623076923077,0
9/28/1955,0.5747765384615384,0
9/29/1955,2.1204995384615386,0
9/30/1955,0.44145384615384614,0
10/1/1955,10.582238461538461,0
10/2/1955,26.971846153846155,0
10/3/1955,16.590153846153846,0
10/4/1955,10.248653846153845,0
10/5/1955,2.5082758461538464,0
10/6/1955,0.9266625384615383,0
10/7/1955,1.089421,0
10/8/1955,1.6921538461538466,0
10/9/1955,4.488376923076923,0
10/10/1955,2.0988084615384612,0
10/11/1955,2.518428461538462,0
10/12/1955,37.12023076923078,0
10/13/1955,12.51683076923077,0
10/14/1955,0,0
10/15/1955,0,0
10/16/1955,0.005179,0
10/17/1955,1.6325429999999999,0
10/18/1955,2.889953846153846,0
10/19/1955,3.576146923076924,0
10/20/1955,0.4037596923076923,0
10/21/1955,3.7537861538461543,0
10/22/1955,1.7292068461538461,0
10/23/1955,14.15312230769231,0
10/24/1955,8.793846153846154,0
10/25/1955,11.953104615384616,0
10/26/1955,0.7212813846153847,0
10/27/1955,37.49692307692308,0
10/28/1955,13.983735384615386,0
10/29/1955,2.848520538461538,0
10/30/1955,10.407676923076924,0
10/31/1955,3.8909030769230766,0
11/1/1955,0,0
11/2/1955,0,0
11/3/1955,0,0
11/4/1955,0,0
11/5/1955,0,0
11/6/1955,0,0
11/7/1955,0.5178884615384616,0
11/8/1955,15.63130769230769,0
11/9/1955,31.49845384615385,0
11/10/1955,0.34252076923076924,0
11/11/1955,0,0
11/12/1955,0,0
11/13/1955,0,0
11/14/1955,0,0
11/15/1955,0,0
11/16/1955,0,0
11/17/1955,0,0
11/18/1955,0,0
11/19/1955,0,0
11/20/1955,0,0
11/21/1955,0,0
11/22/1955,0,0
11/23/1955,0,0
11/24/1955,0,0
11/25/1955,0,0
11/26/1955,0,0
11/27/1955,0,0
11/28/1955,0,0
11/29/1955,0,0
11/30/1955,0,0
12/1/1955,0,0
12/2/1955,0,0
12/3/1955,0,0
12/4/1955,0,0
12/5/1955,0,0
12/6/1955,0,0
12/7/1955,0,0
12/8/1955,0,0
12/9/1955,0,0
12/10/1955,0,0
12/11/1955,0,0
12/12/1955,0,0
12/13/1955,0,0
12/14/1955,0,0
12/15/1955,0,0
12/16/1955,0,0
12/17/1955,0,0
12/18/1955,0,0
12/19/1955,0.031157769230769232,0
12/20/1955,0,0
12/21/1955,0,0
12/22/1955,0,0
12/23/1955,0,0
12/24/1955,0,0
12/25/1955,0,0
12/26/1955,0,0
12/27/1955,0,0
12/28/1955,0,0
12/29/1955,0.003054923,0
12/30/1955,0,0
12/31/1955,0,0
1/1/1956,0,0
1/2/1956,0,0
1/3/1956,0,0
1/4/1956,0,0
1/5/1956,0.13304684615384613,0
1/6/1956,2.148193846153846,0
1/7/1956,0,0
1/8/1956,0,0
1/9/1956,0,0
1/10/1956,0,0
1/11/1956,0,0
1/12/1956,0,0
1/13/1956,0,0
1/14/1956,0,0
1/15/1956,0,0
1/16/1956,0,0
1/17/1956,0,0
1/18/1956,0,0
1/19/1956,0,0
1/20/1956,0,0
1/21/1956,0,0
1/22/1956,0,0
1/23/1956,0,0.9
1/24/1956,0,0.9
1/25/1956,0,0.9
1/26/1956,0,0.9
1/27/1956,0,0.9
1/28/1956,0,0.9
1/29/1956,0,0.9
1/30/1956,0,0.9
1/31/1956,0,0.9
2/1/1956,0,0.9
2/2/1956,0.9181892307692308,0.9
2/3/1956,4.468827692307692,0.9
2/4/1956,9.449917692307691,0.9
2/5/1956,15.80017692307692,0.9
2/6/1956,9.375123076923076,0.9
2/7/1956,0,0.9
2/8/1956,0,0.9
2/9/1956,0,0.9
2/10/1956,0,0.9
2/11/1956,0,0.9
2/12/1956,0,0.9
2/13/1956,0,0.9
2/14/1956,0,0.9
2/15/1956,0,0.9
2/16/1956,0,0
2/17/1956,0,0
2/18/1956,0,0
2/19/1956,0,0
2/20/1956,0,0
2/21/1956,0,0
2/22/1956,0,0
2/23/1956,0,0
2/24/1956,0,0
2/25/1956,0,0
2/26/1956,0,0
2/27/1956,0,0
2/28/1956,0,0
2/29/1956,0,0
3/1/1956,0,0
3/2/1956,0,0
3/3/1956,0,0
3/4/1956,0,0
3/5/1956,0,0
3/6/1956,0,0
3/7/1956,0.20258453846153848,0
3/8/1956,0,0
3/9/1956,0.2718816923076923,0
3/10/1956,0.083025385,0
3/11/1956,10.93843076923077,0
3/12/1956,6.643419230769231,0
3/13/1956,2.0576553846153844,0
3/14/1956,0,0
3/15/1956,1.711455846153846,0
3/16/1956,0.8320484615384616,0
3/17/1956,0,0
3/18/1956,3.521761538461538,0
3/19/1956,0.8290938461538462,0
3/20/1956,0,0
3/21/1956,0,0
3/22/1956,0,0
3/23/1956,0,0
3/24/1956,0.7807030769230768,0
3/25/1956,0,0
3/26/1956,0,0
3/27/1956,0,0
3/28/1956,0,0
3/29/1956,0,0
3/30/1956,0,0
3/31/1956,0,0
4/1/1956,0,0
4/2/1956,0,0
4/3/1956,0,0
4/4/1956,0,0
4/5/1956,0,0
4/6/1956,0.1254493076923077,0
4/7/1956,0,0
4/8/1956,0,0
4/9/1956,0,0
4/10/1956,0,0
4/11/1956,0,0
4/12/1956,0.4258123076923077,0
4/13/1956,0,0
4/14/1956,0,0
4/15/1956,0,0
4/16/1956,0,0
4/17/1956,0,0
4/18/1956,0,0
4/19/1956,0,0
4/20/1956,0,0
4/21/1956,0,0
4/22/1956,0,0
4/23/1956,0.047234000000000005,0
4/24/1956,0,0
4/25/1956,0,0
4/26/1956,0,0
4/27/1956,0,0
4/28/1956,0,0
4/29/1956,0,0
4/30/1956,0,0
5/1/1956,0,0
5/2/1956,0,0
5/3/1956,0,0
5/4/1956,0.10239999999999999,0
5/5/1956,0,0
5/6/1956,0,0
5/7/1956,0,0
5/8/1956,0,0
5/9/1956,0,0
5/10/1956,0,0
5/11/1956,0,0
5/12/1956,0.8796115384615385,0
5/13/1956,1.4514615384615384,0
5/14/1956,0.681916154,0
5/15/1956,7.539596923076923,0
5/16/1956,13.196392307692312,0
5/17/1956,0,0
5/18/1956,0,0
5/19/1956,0.005118923,0
5/20/1956,0.9636584615384616,0
5/21/1956,13.564584615384616,0
5/22/1956,4.5174,3.1
5/23/1956,0.095449231,3.1
5/24/1956,1.7560423076923077,3.1
5/25/1956,0.8934538461538462,3.1
5/26/1956,11.188392307692308,3.1
5/27/1956,8.544061538461538,3.1
5/28/1956,1.0785400000000003,3.1
5/29/1956,7.353129231,3.1
5/30/1956,17.564769230769226,3.1
5/31/1956,6.445653846153847,3.1
6/1/1956,15.457176923076922,3.1
6/2/1956,9.670838461538462,3.1
6/3/1956,24.91975384615385,3.1
6/4/1956,13.721015384615384,3.1
6/5/1956,12.417738461538464,3.1
6/6/1956,1.9765530769230772,3.1
6/7/1956,0.004518385,3.1
6/8/1956,1.06578,3.1
6/9/1956,27.569115384615387,3.1
6/10/1956,30.829615384615384,3.1
6/11/1956,14.08606923076923,3.1
6/12/1956,7.83494,3.1
6/13/1956,1.0067503846153847,3.1
6/14/1956,1.331875923076923,3.1
6/15/1956,6.693238461538461,8.7
6/16/1956,0,8.7
6/17/1956,0.14716692307692308,8.7
6/18/1956,44.90484615384616,8.7
6/19/1956,29.161307692307695,8.7
6/20/1956,13.90437692307692,8.7
6/21/1956,17.22299230769231,8.7
6/22/1956,21.27929230769231,8.7
6/23/1956,8.402992307692308,8.7
6/24/1956,18.115738461538463,8.7
6/25/1956,20.003238461538462,8.7
6/26/1956,9.808476923076924,8.7
6/27/1956,20.398953846153844,8.7
6/28/1956,9.011292307692306,8.7
6/29/1956,8.290923076923077,8.7
6/30/1956,11.425646153846156,8.7
7/1/1956,0.5041918461538462,8.7
7/2/1956,2.8204961538461535,8.7
7/3/1956,28.00369230769231,8.7
7/4/1956,41.71053846153845,8.7
7/5/1956,9.805607692307692,8.7
7/6/1956,37.81775384615384,8.7
7/7/1956,19.584284615384615,8.7
7/8/1956,30.71413846153846,8.7
7/9/1956,15.999792307692307,10.9
7/10/1956,4.229910769230769,10.9
7/11/1956,1.7710336153846151,10.9
7/12/1956,3.7166969230769222,10.9
7/13/1956,16.394230769230766,10.9
7/14/1956,13.538669230769232,10.9
7/15/1956,3.247380769230769,10.9
7/16/1956,4.667476923076924,10.9
7/17/1956,8.466520461538462,10.9
7/18/1956,27.463507692307694,10.9
7/19/1956,2.336109230769231,10.9
7/20/1956,5.862038461538462,10.9
7/21/1956,1.0435092307692309,10.9
7/22/1956,3.061109230769231,10.9
7/23/1956,10.409415384615386,10.9
7/24/1956,10.304307692307692,10.9
7/25/1956,8.297361538461539,10.9
7/26/1956,0.9006030769230768,10.9
7/27/1956,1.4141324615384616,10.9
7/28/1956,0.6001082307692308,10.9
7/29/1956,1.8969888461538462,10.9
7/30/1956,6.908369230769231,10.9
7/31/1956,2.312184846153846,10.9
8/1/1956,3.273823076923077,10.9
8/2/1956,11.555592307692308,0
8/3/1956,38.269615384615385,0
8/4/1956,14.47606153846154,0
8/5/1956,23.014000000000003,0
8/6/1956,12.286766153846154,0
8/7/1956,1.4587373846153846,0
8/8/1956,13.770099999999998,0
8/9/1956,8.098926923076924,0
8/10/1956,0.7752176923076922,0
8/11/1956,2.531636153846154,0
8/12/1956,0.049970846153846143,0
8/13/1956,0.5003746153846154,0
8/14/1956,5.040953846153846,0
8/15/1956,16.038846153846155,0
8/16/1956,17.25953846153846,0
8/17/1956,29.120846153846156,0
8/18/1956,2.253584923076923,0
8/19/1956,1.214507076923077,0
8/20/1956,7.3997692307692295,0
8/21/1956,17.93876923076923,0
8/22/1956,18.312346153846153,0
8/23/1956,11.958423076923076,0
8/24/1956,17.31015384615385,0
8/25/1956,10.686830769230767,0
8/26/1956,8.153146153846153,1.4
8/27/1956,17.628092307692306,1.4
8/28/1956,24.461453846153844,1.4
8/29/1956,13.252046153846155,1.4
8/30/1956,10.947823076923076,1.4
8/31/1956,3.845769231,1.4
9/1/1956,2.897346153846154,1.4
9/2/1956,4.739661538461538,1.4
9/3/1956,0.080032308,1.4
9/4/1956,0.082600769,1.4
9/5/1956,5.3073661538461545,1.4
9/6/1956,6.246546153846154,1.4
9/7/1956,0.8359136923076923,1.4
9/8/1956,3.001739615384615,1.4
9/9/1956,0.4643561538461539,1.4
9/10/1956,5.3527992307692305,1.4
9/11/1956,61.183461538461536,1.4
9/12/1956,26.59138461538461,1.4
9/13/1956,0.13178753846153846,1.4
9/14/1956,1.4197999999999997,1.4
9/15/1956,0.3695005384615385,1.4
9/16/1956,0.9922782307692307,1.4
9/17/1956,2.7494308461538464,1.4
9/18/1956,0.015285692307692307,1.4
9/19/1956,1.460456153846154,17
9/20/1956,8.172391538,17
9/21/1956,8.030369230769232,17
9/22/1956,3.938323076923077,17
9/23/1956,12.405415384615385,17
9/24/1956,12.82293846153846,17
9/25/1956,16.447384615384614,17
9/26/1956,23.209100000000003,17
9/27/1956,12.290197692307693,17
9/28/1956,0.21224099999999996,17
9/29/1956,2.7041238461538457,17
9/30/1956,4.754646153846155,17
10/1/1956,2.484511538461538,17
10/2/1956,4.066130769230768,17
10/3/1956,8.185715384615385,17
10/4/1956,4.490152307692306,17
10/5/1956,5.481746153846154,17
10/6/1956,8.412615384615385,17
10/7/1956,9.706130769,17
10/8/1956,6.015846153846153,17
10/9/1956,4.533076923076922,17
10/10/1956,10.641730769230769,17
10/11/1956,3.8487153846153843,17
10/12/1956,1.0133046153846152,17
10/13/1956,21.828046153846152,15.4
10/14/1956,51.768846153846155,15.4
10/15/1956,1.1070153846153845,15.4
10/16/1956,3.4976992307692303,15.4
10/17/1956,12.265630769230768,15.4
10/18/1956,6.6122,15.4
10/19/1956,0,15.4
10/20/1956,0,15.4
10/21/1956,0,15.4
10/22/1956,6.425846153846155,15.4
10/23/1956,0,15.4
10/24/1956,0,15.4
10/25/1956,0,15.4
10/26/1956,0.019163846153846153,15.4
10/27/1956,3.378138461538462,15.4
10/28/1956,0,15.4
10/29/1956,0,15.4
10/30/1956,0.44341538461538466,15.4
10/31/1956,40.08317692307693,15.4
11/1/1956,13.090853846153847,15.4
11/2/1956,0.2501439230769231,15.4
11/3/1956,0.5528199230769231,15.4
11/4/1956,6.664899230769231,15.4
11/5/1956,0,15.4
11/6/1956,0,24.9
11/7/1956,0,24.9
11/8/1956,0,24.9
11/9/1956,0,24.9
11/10/1956,0,24.9
11/11/1956,0,24.9
11/12/1956,0,24.9
11/13/1956,0,24.9
11/14/1956,0,24.9
11/15/1956,0,24.9
11/16/1956,0,24.9
11/17/1956,0,24.9
11/18/1956,0,24.9
11/19/1956,0,24.9
11/20/1956,0,24.9
11/21/1956,0,24.9
11/22/1956,0,24.9
11/23/1956,0,24.9
11/24/1956,0,24.9
11/25/1956,0,24.9
11/26/1956,0,24.9
11/27/1956,0,24.9
11/28/1956,0,24.9
11/29/1956,0,24.9
11/30/1956,0,0.1
12/1/1956,0,0.1
12/2/1956,0,0.1
12/3/1956,0,0.1
12/4/1956,0,0.1
12/5/1956,0,0.1
12/6/1956,0,0.1
12/7/1956,0,0.1
12/8/1956,0,0.1
12/9/1956,0,0.1
12/10/1956,0,0.1
12/11/1956,0,0.1
12/12/1956,0,0.1
12/13/1956,0,0.1
12/14/1956,0,0.1
12/15/1956,0,0.1
12/16/1956,0,0.1
12/17/1956,0,0.1
12/18/1956,0,0.1
12/19/1956,0,0.1
12/20/1956,0,0.1
12/21/1956,0,0.1
12/22/1956,0,0.1
12/23/1956,0,0.1
12/24/1956,0,0
12/25/1956,0,0
12/26/1956,0,0
12/27/1956,0,0
12/28/1956,0,0
12/29/1956,0,0
12/30/1956,0,0
12/31/1956,0,0
1/1/1957,0.002948692,0
1/2/1957,0,0
1/3/1957,0,0
1/4/1957,0.005861846,0
1/5/1957,0,0
1/6/1957,0,0
1/7/1957,0,0
1/8/1957,3.930614615384615,0
1/9/1957,0.1563343076923077,0
1/10/1957,0.24619930769230772,0
1/11/1957,0,0
1/12/1957,0.077384308,0
1/13/1957,0.7665053846153845,0
1/14/1957,0,0
1/15/1957,0,0
1/16/1957,0,0
1/17/1957,12.500053846153845,0
1/18/1957,0,0
1/19/1957,0,0
1/20/1957,0,0
1/21/1957,0,0
1/22/1957,0,0
1/23/1957,0,0
1/24/1957,0,0
1/25/1957,0,0
1/26/1957,0,0
1/27/1957,0,0
1/28/1957,0,0
1/29/1957,0,0
1/30/1957,0,0
1/31/1957,0,0
2/1/1957,0,0
2/2/1957,0,0
2/3/1957,0,0
2/4/1957,0,0
2/5/1957,0,0
2/6/1957,0,0
2/7/1957,0,0
2/8/1957,0,0
2/9/1957,0,0
2/10/1957,0,0
2/11/1957,0.14033292307692308,0
2/12/1957,2.368386153846154,0
2/13/1957,0,0
2/14/1957,0,0
2/15/1957,0,0
2/16/1957,0,0
2/17/1957,0,0
2/18/1957,0,0
2/19/1957,0,0
2/20/1957,0,0
2/21/1957,0,0
2/22/1957,0,0
2/23/1957,0,0
2/24/1957,0,0
2/25/1957,0,0
2/26/1957,0.1342783076923077,0
2/27/1957,11.43853846153846,0
2/28/1957,8.679684615384616,0
3/1/1957,0.71731,0
3/2/1957,0,0
3/3/1957,0.012608230769230771,0
3/4/1957,6.4704999999999995,0
3/5/1957,6.319876923076922,0
3/6/1957,0.24045384615384616,0.5
3/7/1957,7.062938461538461,0.5
3/8/1957,0,0.5
3/9/1957,0,0.5
3/10/1957,0,0.5
3/11/1957,0,0.5
3/12/1957,0,0.5
3/13/1957,2.2346715384615385,0.5
3/14/1957,2.464233846153846,0.5
3/15/1957,0.028548461538461536,0.5
3/16/1957,0,0.5
3/17/1957,0,0.5
3/18/1957,0,0.5
3/19/1957,0,0.5
3/20/1957,0,0.5
3/21/1957,0,0.5
3/22/1957,0,0.5
3/23/1957,0,0.5
3/24/1957,0,0.5
3/25/1957,0,0.5
3/26/1957,0,0.5
3/27/1957,12.546546153846153,0.5
3/28/1957,3.5031730769230762,0.5
3/29/1957,0.5020961538461538,0.5
3/30/1957,0.17158538461538464,0.1
3/31/1957,0.051989230769230774,0.1
4/1/1957,0.036263846,0.1
4/2/1957,0.011274538461538463,0.1
4/3/1957,0,0.1
4/4/1957,0.19793615384615382,0.1
4/5/1957,0,0.1
4/6/1957,0,0.1
4/7/1957,0,0.1
4/8/1957,0,0.1
4/9/1957,0.8471736923076923,0.1
4/10/1957,0,0.1
4/11/1957,0,0.1
4/12/1957,0,0.1
4/13/1957,0,0.1
4/14/1957,0,0.1
4/15/1957,0.008737692,0.1
4/16/1957,0,0.1
4/17/1957,0,0.1
4/18/1957,0,0.1
4/19/1957,0,0.1
4/20/1957,0,0.1
4/21/1957,0.013680769,0.1
4/22/1957,0.025768462,0.1
4/23/1957,5.58317,0
4/24/1957,0.2358043846153846,0
4/25/1957,0,0
4/26/1957,0,0
4/27/1957,0.6893349230769229,0
4/28/1957,0.12447692307692307,0
4/29/1957,1.2742315384615386,0
4/30/1957,0,0
5/1/1957,0,0
5/2/1957,0,0
5/3/1957,0,0
5/4/1957,0,0
5/5/1957,0,0
5/6/1957,0,0
5/7/1957,0,0
5/8/1957,0,0
5/9/1957,0,0
5/10/1957,0,0
5/11/1957,0,0
5/12/1957,0,0
5/13/1957,0,0
5/14/1957,0,0
5/15/1957,2.052369230769231,0
5/16/1957,0,0
5/17/1957,0.037680307692307694,0
5/18/1957,0,0
5/19/1957,6.804769230769231,0
5/20/1957,3.056272846153846,0
5/21/1957,1.246950769230769,0
5/22/1957,6.237823076923077,0
5/23/1957,0.9593484615384615,0
5/24/1957,0.9932807692307691,0
5/25/1957,0,0
5/26/1957,0,0
5/27/1957,0,0
5/28/1957,0.005705385,0
5/29/1957,0.14173823076923078,0
5/30/1957,0,0
5/31/1957,0.010485384615384615,0
6/1/1957,0.3907534615384615,0
6/2/1957,7.019330769230771,0
6/3/1957,1.558396923076923,0
6/4/1957,0.3901597692307692,0
6/5/1957,0.6359787692307692,0
6/6/1957,6.654625384615385,0
6/7/1957,10.631569230769232,0
6/8/1957,3.1338207692307694,0
6/9/1957,7.586546153846153,0
6/10/1957,0.3958558461538462,19.3
6/11/1957,3.472292461538461,19.3
6/12/1957,2.676587692307692,19.3
6/13/1957,1.469809846153846,19.3
6/14/1957,0,19.3
6/15/1957,0,19.3
6/16/1957,2.2769092307692307,19.3
6/17/1957,10.015411538461539,19.3
6/18/1957,1.4219780769230772,19.3
6/19/1957,0.15341307692307693,19.3
6/20/1957,0,19.3
6/21/1957,2.817307692307693,19.3
6/22/1957,5.208542307692307,19.3
6/23/1957,0.834115154,19.3
6/24/1957,1.0610287692307692,19.3
6/25/1957,15.25973076923077,19.3
6/26/1957,8.181038462,19.3
6/27/1957,1.6137792307692311,19.3
6/28/1957,20.70947692307692,19.3
6/29/1957,12.938546153846154,19.3
6/30/1957,5.988192308,19.3
7/1/1957,0.049775231,19.3
7/2/1957,0.5479753846153845,19.3
7/3/1957,4.914815384615384,19.3
7/4/1957,22.309732307692308,10.9
7/5/1957,8.755507692307692,10.9
7/6/1957,0.42684076923076925,10.9
7/7/1957,0.13191153846153847,10.9
7/8/1957,0.34188384615384615,10.9
7/9/1957,11.122292307692307,10.9
7/10/1957,0.6882445384615387,10.9
7/11/1957,3.923919230769231,10.9
7/12/1957,2.25397,10.9
7/13/1957,12.265423076923078,10.9
7/14/1957,34.92845384615385,10.9
7/15/1957,13.634576923076922,10.9
7/16/1957,1.634596923076923,10.9
7/17/1957,0,10.9
7/18/1957,10.096223076923078,10.9
7/19/1957,4.346846153846153,10.9
7/20/1957,42.39140769,10.9
7/21/1957,14.608084615384614,10.9
7/22/1957,16.361315384615384,10.9
7/23/1957,11.009471538461538,10.9
7/24/1957,3.4688384615384615,10.9
7/25/1957,41.26869230769231,10.9
7/26/1957,17.464599999999997,10.9
7/27/1957,0.7913348461538459,10.9
7/28/1957,0.006759154,0
7/29/1957,0.39259076923076913,0
7/30/1957,0.4033866153846153,0
7/31/1957,0.17003392307692305,0
8/1/1957,3.449353846153846,0
8/2/1957,1.577677692307692,0
8/3/1957,0.1653930769230769,0
8/4/1957,0.8391500000000001,0
8/5/1957,0.516503846,0
8/6/1957,1.6615700000000002,0
8/7/1957,0.26936661538461537,0
8/8/1957,23.919461538461537,0
8/9/1957,43.244076923076925,0
8/10/1957,8.185323846153846,0
8/11/1957,3.0017192307692304,0
8/12/1957,0.818623077,0
8/13/1957,11.174792307692307,0
8/14/1957,7.644123076923078,0
8/15/1957,1.8826953846153847,0
8/16/1957,4.203731538461539,0
8/17/1957,7.975576923076924,0
8/18/1957,17.041499999999996,0
8/19/1957,14.284500000000001,0
8/20/1957,38.32924615384615,0
8/21/1957,12.101076923076924,0
8/22/1957,16.555223076923077,0
8/23/1957,8.796307692307693,0
8/24/1957,1.0629053846153846,0
8/25/1957,3.962456153846154,0
8/26/1957,2.1698698461538464,0
8/27/1957,49.029,0
8/28/1957,14.548961538461539,0
8/29/1957,6.123032307692308,0
8/30/1957,5.613553846153847,0
8/31/1957,15.013501538461536,0
9/1/1957,6.975038461538461,0
9/2/1957,0.7734905384615385,0
9/3/1957,0.32912830769230766,0
9/4/1957,1.5425517692307695,0
9/5/1957,0.9870846153846154,0
9/6/1957,0.40732423076923074,0
9/7/1957,1.1534174615384614,0
9/8/1957,38.40346153846154,0
9/9/1957,24.411384615384616,0
9/10/1957,1.3068930769230767,0
9/11/1957,4.747033076923076,0
9/12/1957,21.400223076923076,0
9/13/1957,15.738615384615382,0
9/14/1957,0.17520407692307688,0
9/15/1957,0.6335833076923078,0
9/16/1957,16.864146153846153,0
9/17/1957,7.743263846153847,0
9/18/1957,3.2661561538461537,0
9/19/1957,4.763476923076923,0
9/20/1957,0.6070315384615385,0
9/21/1957,2.303884384615384,0
9/22/1957,4.9687410000000005,0
9/23/1957,6.168042307692308,0
9/24/1957,4.087205769230769,0
9/25/1957,0.005403,0
9/26/1957,3.833194615384615,0
9/27/1957,0.0112,0
9/28/1957,0,0
9/29/1957,0,0
9/30/1957,2.0969092307692305,0
10/1/1957,0.029090769230769233,0
10/2/1957,0,0
10/3/1957,0,0
10/4/1957,0,0
10/5/1957,0,0
10/6/1957,0,0
10/7/1957,0.8187646153846154,0
10/8/1957,0.002619692,0
10/9/1957,0,0
10/10/1957,0,0
10/11/1957,0,0
10/12/1957,0,0
10/13/1957,0,0
10/14/1957,0,0
10/15/1957,0,0
10/16/1957,0,0
10/17/1957,0,0
10/18/1957,0,0
10/19/1957,0,0
10/20/1957,0,0
10/21/1957,0,0
10/22/1957,0,0
10/23/1957,0,0
10/24/1957,1.8242230769230767,0
10/25/1957,0.5975330769230769,0
10/26/1957,2.7283376923076923,0
10/27/1957,8.600953846153844,0
10/28/1957,3.828666769230769,0
10/29/1957,0.072715385,0
10/30/1957,0.072715385,0
10/31/1957,0.50158,0
11/1/1957,1.8243866153846158,0
11/2/1957,0.29424384615384613,0
11/3/1957,0,0
11/4/1957,0,0
11/5/1957,0,0
11/6/1957,0,0
11/7/1957,0,0
11/8/1957,0,0
11/9/1957,0,0
11/10/1957,0,0
11/11/1957,0,0
11/12/1957,0,0
11/13/1957,0,0
11/14/1957,0,0
11/15/1957,0,0
11/16/1957,0,0
11/17/1957,0,0
11/18/1957,0,0
11/19/1957,0,0
11/20/1957,0,0
11/21/1957,0,0
11/22/1957,0,0
11/23/1957,0,0
11/24/1957,0,0
11/25/1957,0,0
11/26/1957,0,0
11/27/1957,0,0
11/28/1957,0,0
11/29/1957,0,0
11/30/1957,0,0
12/1/1957,0,0
12/2/1957,0,0
12/3/1957,0,0
12/4/1957,0,0
12/5/1957,0,0
12/6/1957,0,0
12/7/1957,0,0
12/8/1957,0,0
12/9/1957,0,0
12/10/1957,0,0
12/11/1957,0,0
12/12/1957,0,0
12/13/1957,0,0
12/14/1957,0,0
12/15/1957,0,0
12/16/1957,0,0
12/17/1957,0,0
12/18/1957,0,0
12/19/1957,0,0
12/20/1957,0,0
12/21/1957,0,0
12/22/1957,0,0
12/23/1957,0,0
12/24/1957,0,0
12/25/1957,0,0
12/26/1957,0,0
12/27/1957,0,0
12/28/1957,0,0
12/29/1957,0,0
12/30/1957,0,0
12/31/1957,0,0
1/1/1958,0,0
1/2/1958,0,0
1/3/1958,0,0
1/4/1958,0,0
1/5/1958,0,0
1/6/1958,0,0
1/7/1958,0,0
1/8/1958,0,0
1/9/1958,0,0
1/10/1958,0,0
1/11/1958,0,0
1/12/1958,0,0
1/13/1958,0,0
1/14/1958,0,0
1/15/1958,0,0
1/16/1958,0,0
1/17/1958,0,0
1/18/1958,0,0
1/19/1958,0,0
1/20/1958,0,0
1/21/1958,0,0
1/22/1958,0,0
1/23/1958,0,0
1/24/1958,0,0
1/25/1958,0,0
1/26/1958,0,0
1/27/1958,0.514476923,0
1/28/1958,0.16930138461538463,0
1/29/1958,0,0
1/30/1958,0.007940769,0
1/31/1958,4.381792307692308,0
2/1/1958,0,0
2/2/1958,0,0
2/3/1958,0,0
2/4/1958,0,0
2/5/1958,0,0.8
2/6/1958,0,0.8
2/7/1958,0,0.8
2/8/1958,0,0.8
2/9/1958,0,0.8
2/10/1958,0,0.8
2/11/1958,0,0.8
2/12/1958,0,0.8
2/13/1958,0,0.8
2/14/1958,0,0.8
2/15/1958,0,0.8
2/16/1958,0,0.8
2/17/1958,0,0.8
2/18/1958,0,0.8
2/19/1958,0,0.8
2/20/1958,0,0.8
2/21/1958,0.9823376923076922,0.8
2/22/1958,0.9949223076923078,0.8
2/23/1958,2.5387900000000005,0.8
2/24/1958,5.435184615384615,0.8
2/25/1958,25.103346153846154,0.8
2/26/1958,14.050892307692305,0.8
2/27/1958,5.011184615384616,0.8
2/28/1958,4.759353846153846,0.8
3/1/1958,2.8160384615384615,0
3/2/1958,5.98072,0
3/3/1958,0.7354038461538462,0
3/4/1958,1.3192261538461538,0
3/5/1958,3.6559449230769228,0
3/6/1958,0.4024987692307692,0
3/7/1958,0,0
3/8/1958,0,0
3/9/1958,0,0
3/10/1958,0,0
3/11/1958,0,0
3/12/1958,0.049528538,0
3/13/1958,0.057803462,0
3/14/1958,0.002576154,0
3/15/1958,0,0
3/16/1958,0,0
3/17/1958,0,0
3/18/1958,0,0
3/19/1958,0,0
3/20/1958,0,0
3/21/1958,0,0
3/22/1958,0,0
3/23/1958,0,0
3/24/1958,0.057148231,0
3/25/1958,0.5444861538461538,4.9
3/26/1958,0.029352461538461543,4.9
3/27/1958,0,4.9
3/28/1958,0.19813076923076922,4.9
3/29/1958,0,4.9
3/30/1958,0,4.9
3/31/1958,0.2670423076923077,4.9
4/1/1958,0.27925,4.9
4/2/1958,0,4.9
4/3/1958,0,4.9
4/4/1958,0.062006846153846155,4.9
4/5/1958,0,4.9
4/6/1958,0,4.9
4/7/1958,0,4.9
4/8/1958,0.069935538,4.9
4/9/1958,0,4.9
4/10/1958,0,4.9
4/11/1958,0,4.9
4/12/1958,0.1773375384615385,4.9
4/13/1958,0.014229231,4.9
4/14/1958,0,4.9
4/15/1958,0,4.9
4/16/1958,0.005210538,4.9
4/17/1958,0,4.9
4/18/1958,0,0
4/19/1958,0,0
4/20/1958,4.967291538461539,0
4/21/1958,2.5328023076923074,0
4/22/1958,0.003261462,0
4/23/1958,0.30574153846153845,0
4/24/1958,1.331906923076923,0
4/25/1958,0.7441692307692307,0
4/26/1958,0,0
4/27/1958,0.1777153846153846,0
4/28/1958,0.6567061538461538,0
4/29/1958,0,0
4/30/1958,2.382392307692308,0
5/1/1958,8.660369230769232,0
5/2/1958,0.8614760000000001,0
5/3/1958,1.832129153846154,0
5/4/1958,0.6798053076923077,0
5/5/1958,0.37010623076923077,0
5/6/1958,0.096618,0
5/7/1958,8.259331538,0
5/8/1958,1.1363053846153846,0
5/9/1958,0,0
5/10/1958,0,0
5/11/1958,0.6846208461538462,0
5/12/1958,2.352919230769231,0
5/13/1958,3.862423076923077,0
5/14/1958,0.006670077,0
5/15/1958,0,0
5/16/1958,0.014271461538461538,0
5/17/1958,0,0
5/18/1958,0.6266177692307693,0
5/19/1958,0,0
5/20/1958,0,0
5/21/1958,0,0
5/22/1958,0,0
5/23/1958,0,0
5/24/1958,0,0
5/25/1958,0,0
5/26/1958,0.017264307692307693,0
5/27/1958,0,0
5/28/1958,0,0
5/29/1958,0.25052384615384615,0
5/30/1958,0.33369615384615386,0
5/31/1958,0,0
6/1/1958,0,0
6/2/1958,0.087626538,0
6/3/1958,0,0
6/4/1958,0.072255154,0
6/5/1958,0,0
6/6/1958,0,0
6/7/1958,0,0
6/8/1958,0.041149461538461544,0
6/9/1958,0.081338615,0
6/10/1958,0.4470501538461538,0
6/11/1958,2.5637553846153844,0
6/12/1958,0.17732607692307692,0
6/13/1958,0,0
6/14/1958,0.5230471538461539,0
6/15/1958,5.171926923076923,0
6/16/1958,1.2399830769230769,0
6/17/1958,4.294592461538461,0
6/18/1958,0.5999857692307693,0
6/19/1958,0.997572,0
6/20/1958,0,0
6/21/1958,6.268269230769231,0
6/22/1958,16.628246153846153,0
6/23/1958,24.19306923076923,0
6/24/1958,21.72157692307692,0
6/25/1958,4.548827692307692,0
6/26/1958,5.839483538461537,0
6/27/1958,22.811438461538458,0
6/28/1958,0.12903846153846152,0
6/29/1958,5.182240000000001,0
6/30/1958,4.234226153846153,0
7/1/1958,2.128727692307692,0
7/2/1958,12.397015384615385,0
7/3/1958,7.670507692307693,0
7/4/1958,26.481707692307694,0
7/5/1958,4.760827692307693,0
7/6/1958,33.58293846153846,0
7/7/1958,7.088669230769232,0
7/8/1958,0.20573846153846154,0
7/9/1958,4.1416538461538455,0
7/10/1958,35.35576923076923,0
7/11/1958,32.336461538461535,0
7/12/1958,28.41976923076923,0
7/13/1958,14.805969230769232,0
7/14/1958,8.118523076923077,0
7/15/1958,13.177807692307692,0
7/16/1958,36.729961538461545,0
7/17/1958,44.27930769230769,0
7/18/1958,16.312800000000003,0
7/19/1958,3.741415384615385,0
7/20/1958,1.3897376923076925,0
7/21/1958,0.2835573076923077,0
7/22/1958,2.4447238461538463,0
7/23/1958,14.608323076923076,0
7/24/1958,28.307638461538456,0
7/25/1958,12.761346153846155,0
7/26/1958,8.658384615384616,0
7/27/1958,27.54170769230769,0
7/28/1958,0.9268323076923076,0
7/29/1958,2.299727692307693,0
7/30/1958,26.62512307692308,0
7/31/1958,24.293023076923077,0
8/1/1958,7.174936153846153,0
8/2/1958,20.83016153846154,0
8/3/1958,6.656853846153846,0
8/4/1958,13.644238461538462,0
8/5/1958,9.840330769230768,0
8/6/1958,18.40493076923077,0
8/7/1958,11.339723076923077,0
8/8/1958,6.629113076923077,0
8/9/1958,25.53306923076923,0
8/10/1958,1.0469428461538464,0
8/11/1958,0.17319223076923076,0
8/12/1958,2.4220307692307688,0
8/13/1958,5.059332307692307,0
8/14/1958,0.45670838461538465,0
8/15/1958,1.2672826153846155,0
8/16/1958,7.350523076923078,0
8/17/1958,8.909346153846153,0
8/18/1958,15.644692307692308,0
8/19/1958,10.832361538461537,0
8/20/1958,21.956592307692308,0
8/21/1958,1.2181707692307693,0
8/22/1958,2.475495384615385,0
8/23/1958,6.2106615384615385,0
8/24/1958,4.385,0
8/25/1958,0.7926213076923075,0
8/26/1958,0.9511860769230769,0
8/27/1958,4.778508461538461,0
8/28/1958,19.78504615384615,0
8/29/1958,17.986223076923075,0
8/30/1958,24.897538461538456,0
8/31/1958,25.78061538461538,0
9/1/1958,19.232923076923075,0
9/2/1958,2.8708850769230767,0
9/3/1958,0.007138615,0
9/4/1958,1.7358002307692302,0
9/5/1958,13.8456,0
9/6/1958,26.44969230769231,0
9/7/1958,4.6292846153846146,0
9/8/1958,26.61384615384615,0
9/9/1958,43.90692307692307,0
9/10/1958,25.295269230769232,0
9/11/1958,1.4645792307692307,0
9/12/1958,13.122330769230768,0
9/13/1958,11.981576923076924,0
9/14/1958,9.246030769230769,0
9/15/1958,5.539138461538461,0
9/16/1958,2.160885076923077,0
9/17/1958,1.3800415384615383,0
9/18/1958,3.8593376923076925,0
9/19/1958,4.840638461538462,0
9/20/1958,1.785167692307692,0
9/21/1958,3.7579615384615384,0
9/22/1958,3.208341538461539,0
9/23/1958,17.099584615384614,0
9/24/1958,19.71530769230769,0
9/25/1958,10.76898615384615,0
9/26/1958,26.97194615384616,0
9/27/1958,9.070046153846153,0
9/28/1958,7.132274615384616,0
9/29/1958,6.858826153846152,0
9/30/1958,6.376761538461537,0
10/1/1958,3.988599230769231,0
10/2/1958,7.276546153846153,0
10/3/1958,1.3696876923076924,0
10/4/1958,0.16450130769230767,0
10/5/1958,0.15152076923076924,0
10/6/1958,0.075760769,0
10/7/1958,0.084006923,0
10/8/1958,28.658376923076922,0
10/9/1958,21.94214615384615,0
10/10/1958,10.753223076923076,0
10/11/1958,6.013384615384617,0
10/12/1958,10.848223076923079,0
10/13/1958,4.708253846153846,0
10/14/1958,5.661084615384614,0
10/15/1958,6.706776923076922,0
10/16/1958,1.2369515384615386,0
10/17/1958,0,0
10/18/1958,0.42636076923076927,0
10/19/1958,7.452069230769231,0
10/20/1958,16.13853076923077,0
10/21/1958,22.233000000000004,0
10/22/1958,13.369876923076923,0
10/23/1958,2.646608461538462,0
10/24/1958,10.278653846153846,0
10/25/1958,2.6992661538461538,0
10/26/1958,9.265823076923075,0
10/27/1958,10.263984615384617,0.2
10/28/1958,4.3393461538461535,0.2
10/29/1958,0,0.2
10/30/1958,0,0.2
10/31/1958,0,0.2
11/1/1958,0,0.2
11/2/1958,0.40501538461538455,0.2
11/3/1958,1.2697623076923075,0.2
11/4/1958,0.061476154,0.2
11/5/1958,0,0.2
11/6/1958,0,0.2
11/7/1958,1.1571815384615385,0.2
11/8/1958,0.23938230769230767,0.2
11/9/1958,0,0.2
11/10/1958,0,0.2
11/11/1958,0,0.2
11/12/1958,3.2957300000000007,0.2
11/13/1958,1.734781538461538,0.2
11/14/1958,0.12116846153846154,0.2
11/15/1958,3.142776153846154,0.2
11/16/1958,0.24785092307692305,0.2
11/17/1958,3.142776153846154,0.2
11/18/1958,3.142776153846154,0.2
11/19/1958,0,0.2
11/20/1958,0,0
11/21/1958,1.5180453846153847,0
11/22/1958,0.3291156153846154,0
11/23/1958,6.586986923076923,0
11/24/1958,3.2101948461538465,0
11/25/1958,0.9245984615384615,0
11/26/1958,2.78396,0
11/27/1958,0,0
11/28/1958,0,0
11/29/1958,0,0
11/30/1958,0,0
12/1/1958,0,0
12/2/1958,0,0
12/3/1958,0,0
12/4/1958,0,0
12/5/1958,0,0
12/6/1958,0,0
12/7/1958,0,0
12/8/1958,0,0
12/9/1958,0,0
12/10/1958,0,0
12/11/1958,0,0
12/12/1958,0,0
12/13/1958,0,0
12/14/1958,0,1
12/15/1958,0,1
12/16/1958,0,1
12/17/1958,0,1
12/18/1958,0,1
12/19/1958,0,1
12/20/1958,0,1
12/21/1958,0,1
12/22/1958,0,1
12/23/1958,0,1
12/24/1958,0,1
12/25/1958,0,1
12/26/1958,0,1
12/27/1958,0,1
12/28/1958,0,1
12/29/1958,0,1
12/30/1958,0,1
12/31/1958,0,1
1/1/1959,0,1
1/2/1959,0,1
1/3/1959,0,1
1/4/1959,0,1
1/5/1959,0,1
1/6/1959,0,1
1/7/1959,0,0.4
1/8/1959,0,0.4
1/9/1959,0,0.4
1/10/1959,0,0.4
1/11/1959,0,0.4
1/12/1959,0,0.4
1/13/1959,0,0.4
1/14/1959,0,0.4
1/15/1959,0,0.4
1/16/1959,0,0.4
1/17/1959,0,0.4
1/18/1959,0,0.4
1/19/1959,0,0.4
1/20/1959,0,0.4
1/21/1959,0.5234083076923077,0.4
1/22/1959,5.779615384615387,0.4
1/23/1959,2.9181623076923078,0.4
1/24/1959,1.3182023076923077,0.4
1/25/1959,0,0.4
1/26/1959,0,0.4
1/27/1959,0,0.4
1/28/1959,0,0.4
1/29/1959,0.060689846,0.4
1/30/1959,0,0.4
1/31/1959,1.3902799999999997,0
2/1/1959,1.380866153846154,0
2/2/1959,0,0
2/3/1959,0,0
2/4/1959,0,0
2/5/1959,0,0
2/6/1959,1.499694,0
2/7/1959,0.36193461538461535,0
2/8/1959,0,0
2/9/1959,0,0
2/10/1959,0,0
2/11/1959,0,0
2/12/1959,0,0
2/13/1959,0.050982846,0
2/14/1959,0,0
2/15/1959,1.5002538461538462,0
2/16/1959,0.089196923,0
2/17/1959,0,0
2/18/1959,0,0
2/19/1959,0,0
2/20/1959,0,0
2/21/1959,0,0
2/22/1959,0,0
2/23/1959,0,0
2/24/1959,0,0
2/25/1959,0,0
2/26/1959,0,0
2/27/1959,0,0
2/28/1959,0,0
3/1/1959,0,0
3/2/1959,0,0
3/3/1959,0,0
3/4/1959,0,0
3/5/1959,0,0
3/6/1959,0,0
3/7/1959,0.004596308,0
3/8/1959,0,0
3/9/1959,0,0
3/10/1959,0,0
3/11/1959,0,0
3/12/1959,0,0
3/13/1959,0,0
3/14/1959,0,0
3/15/1959,0,0
3/16/1959,0,0
3/17/1959,0,0
3/18/1959,0,0
3/19/1959,0,0
3/20/1959,0,2.1
3/21/1959,0,2.1
3/22/1959,0,2.1
3/23/1959,0,2.1
3/24/1959,0,2.1
3/25/1959,0,2.1
3/26/1959,0,2.1
3/27/1959,0,2.1
3/28/1959,0,2.1
3/29/1959,0,2.1
3/30/1959,0,2.1
3/31/1959,0,2.1
4/1/1959,0,2.1
4/2/1959,0,2.1
4/3/1959,0,2.1
4/4/1959,0,2.1
4/5/1959,0,2.1
4/6/1959,0,2.1
4/7/1959,0.20073723076923075,2.1
4/8/1959,0,2.1
4/9/1959,0,2.1
4/10/1959,0,2.1
4/11/1959,0,2.1
4/12/1959,0,2.1
4/13/1959,0,0
4/14/1959,0,0
4/15/1959,0,0
4/16/1959,0,0
4/17/1959,0.1023883076923077,0
4/18/1959,0,0
4/19/1959,0.48434723076923086,0
4/20/1959,1.2764807692307694,0
4/21/1959,0.035433077,0
4/22/1959,0.069688538,0
4/23/1959,0.043274077,0
4/24/1959,0.5509065384615384,0
4/25/1959,0,0
4/26/1959,0,0
4/27/1959,0,0
4/28/1959,0,0
4/29/1959,0,0
4/30/1959,0,0
5/1/1959,0,0
5/2/1959,0,0
5/3/1959,0,0
5/4/1959,0.008572538,0
5/5/1959,0,0
5/6/1959,0.14094492307692308,0
5/7/1959,0,0
5/8/1959,0,0
5/9/1959,0,0
5/10/1959,0,0
5/11/1959,0,0
5/12/1959,0,0
5/13/1959,0.008658846,0
5/14/1959,0,0
5/15/1959,0,0
5/16/1959,0,0
5/17/1959,0,0
5/18/1959,0,0
5/19/1959,0,0
5/20/1959,0,0
5/21/1959,0.013169153846153846,0
5/22/1959,0,0
5/23/1959,4.242410769230769,0
5/24/1959,0.11149907692307691,0
5/25/1959,0,0
5/26/1959,0,0
5/27/1959,0.024334076923076927,0
5/28/1959,0.004244462,0
5/29/1959,6.649651538461539,0
5/30/1959,10.490461538461538,0
5/31/1959,9.266280769230768,0
6/1/1959,0.008360308,0
6/2/1959,1.1842507692307693,0
6/3/1959,0.872766923,0
6/4/1959,7.485984615384615,0
6/5/1959,0.012841538461538462,0
6/6/1959,1.108126923076923,0
6/7/1959,5.3399476923076925,0
6/8/1959,8.872593846153846,0
6/9/1959,0.039257692307692306,0
6/10/1959,4.0988999999999995,0
6/11/1959,10.451453846153846,0
6/12/1959,2.1021384615384617,0
6/13/1959,1.0325775384615385,0
6/14/1959,0.20343976923076923,0
6/15/1959,0.8824286153846154,0
6/16/1959,0.848393846,0
6/17/1959,4.0368038461538465,0
6/18/1959,2.6948146153846153,0
6/19/1959,0.31317000000000006,0
6/20/1959,0,0
6/21/1959,2.9098184615384617,0
6/22/1959,0.048628308,0
6/23/1959,0.5431851538461538,0
6/24/1959,0,0
6/25/1959,0.017776153846153844,0
6/26/1959,0.007563923,0
6/27/1959,0,0
6/28/1959,0.4465336923076923,0
6/29/1959,9.739223076923079,0
6/30/1959,28.26915384615385,0
7/1/1959,17.848853846153848,0
7/2/1959,0.018475,0
7/3/1959,0,0
7/4/1959,2.525706230769231,0
7/5/1959,10.922438461538462,0
7/6/1959,13.383000000000001,0
7/7/1959,1.5895730769230771,0
7/8/1959,1.4289303846153845,0
7/9/1959,0.032040692307692305,0
7/10/1959,0.27443038461538466,0
7/11/1959,32.68869230769231,0
7/12/1959,2.1348846153846153,0
7/13/1959,2.1408123076923076,0
7/14/1959,4.406042307692307,0
7/15/1959,6.760276923076922,0
7/16/1959,27.005615384615382,0
7/17/1959,3.829006923076923,0
7/18/1959,14.20673076923077,0
7/19/1959,6.115557692307691,0
7/20/1959,69.82430769230768,0
7/21/1959,9.368748462,0
7/22/1959,0.12937976923076924,0
7/23/1959,42.235153846153835,0
7/24/1959,8.713230769,0
7/25/1959,4.475300000000001,0
7/26/1959,25.412330769230774,0
7/27/1959,4.151619231,0
7/28/1959,37.77330769,0
7/29/1959,11.828361538461538,0
7/30/1959,8.652292307692308,0
7/31/1959,2.8476953846153847,0
8/1/1959,14.604569230769231,0
8/2/1959,2.0883330769230772,0
8/3/1959,2.661146153846154,0
8/4/1959,2.2089363076923076,0
8/5/1959,25.821307692307695,0
8/6/1959,12.1883,0
8/7/1959,6.697404615384615,0
8/8/1959,0.17414376923076924,0
8/9/1959,0.2799456153846154,0
8/10/1959,5.827592307692307,0
8/11/1959,5.806446153846153,0
8/12/1959,8.526757692307694,0
8/13/1959,56.569538461538464,0
8/14/1959,6.474838461538462,0
8/15/1959,2.3577623076923078,0
8/16/1959,17.460300000000004,0
8/17/1959,0.3834485384615384,0
8/18/1959,0.6692792307692308,0
8/19/1959,0.34405823076923076,0
8/20/1959,0.24678069230769228,0
8/21/1959,25.40392307692308,0
8/22/1959,14.529269230769232,0
8/23/1959,10.273084615384615,0
8/24/1959,3.5108,0
8/25/1959,10.589515384615385,0
8/26/1959,0.24127299999999996,0
8/27/1959,12.081661538461539,0
8/28/1959,28.890307692307694,0
8/29/1959,7.257146153846154,0
8/30/1959,8.258399999999998,0
8/31/1959,11.935307692307694,0
9/1/1959,4.422892307692307,0
9/2/1959,13.242676923076921,0
9/3/1959,2.829692307692308,0
9/4/1959,29.025653846153848,0
9/5/1959,19.876461538461538,0
9/6/1959,38.199615384615385,0
9/7/1959,7.327938461538461,0
9/8/1959,3.2735053846153837,0
9/9/1959,6.317338462,0
9/10/1959,11.98656153846154,0
9/11/1959,18.006307692307693,0
9/12/1959,8.531115384615386,0
9/13/1959,14.327292307692307,0
9/14/1959,7.575469230769231,0
9/15/1959,0.35804961538461544,0
9/16/1959,20.732724615384615,0
9/17/1959,0.091582846,0
9/18/1959,7.329076923076922,0
9/19/1959,0.19158000000000003,0
9/20/1959,13.09413846153846,0
9/21/1959,11.807907692307692,0
9/22/1959,0.003328077,0
9/23/1959,0.3205461538461538,0
9/24/1959,0,0
9/25/1959,0.1303596153846154,0
9/26/1959,2.032968461538461,0
9/27/1959,9.294553846153846,0
9/28/1959,5.156730769,0
9/29/1959,0.081894385,0
9/30/1959,6.966207692307692,0
10/1/1959,5.2255,0
10/2/1959,19.354999999999997,0
10/3/1959,1.700029230769231,0
10/4/1959,0.2055629230769231,0
10/5/1959,1.3320107692307697,0
10/6/1959,7.2471461538461535,0
10/7/1959,5.363323076923077,0
10/8/1959,4.542307692307693,0
10/9/1959,8.480046153846153,0
10/10/1959,2.286800769230769,0
10/11/1959,20.654353846153846,0
10/12/1959,0.4298956923076923,0
10/13/1959,1.0059762307692308,0
10/14/1959,0.3279588461538462,0
10/15/1959,0.002496769,0
10/16/1959,0.009707692,0
10/17/1959,0,0
10/18/1959,0,0
10/19/1959,0.036392308,0
10/20/1959,0.9104684615384616,0
10/21/1959,11.427969230769232,0
10/22/1959,0.34247700000000003,0
10/23/1959,0.49347015384615395,0
10/24/1959,0.13246184615384615,0
10/25/1959,0,0
10/26/1959,0,0
10/27/1959,0.38549423076923073,0
10/28/1959,0.2697453846153846,0
10/29/1959,4.019566153846154,0
10/30/1959,5.370715384615385,0
10/31/1959,0.2019103076923077,0
11/1/1959,0,0
11/2/1959,0.1434426923076923,0
11/3/1959,0,0
11/4/1959,0,0
11/5/1959,0,0
11/6/1959,0,0
11/7/1959,0,0
11/8/1959,0,0
11/9/1959,0,0
11/10/1959,0,0
11/11/1959,0,0
11/12/1959,0.031914461538461544,0
11/13/1959,0,0
11/14/1959,0,0
11/15/1959,0,0
11/16/1959,0,0
11/17/1959,0,0
11/18/1959,0,0
11/19/1959,0,0
11/20/1959,0,0
11/21/1959,0,0
11/22/1959,0,0
11/23/1959,0,0
11/24/1959,0,0
11/25/1959,0,0
11/26/1959,0,0
11/27/1959,0,0
11/28/1959,0,0
11/29/1959,0,0
11/30/1959,0,0
12/1/1959,0,0
12/2/1959,0,0
12/3/1959,0,0
12/4/1959,0,0
12/5/1959,0,0
12/6/1959,0,0
12/7/1959,0,0
12/8/1959,0.010419538461538461,0
12/9/1959,0.382413,0
12/10/1959,2.25815,0
12/11/1959,0,0
12/12/1959,0,0
12/13/1959,0,0
12/14/1959,0,0
12/15/1959,0,0
12/16/1959,0,0
12/17/1959,0,0
12/18/1959,0,0
12/19/1959,0,0
12/20/1959,0,0
12/21/1959,0,0
12/22/1959,0,0
12/23/1959,0,0
12/24/1959,0,0
12/25/1959,0,0
12/26/1959,0,0
12/27/1959,0,0
12/28/1959,0,0
12/29/1959,0,0
12/30/1959,0,0
12/31/1959,0,0
1/1/1960,0,0
1/2/1960,0,0
1/3/1960,0,0
1/4/1960,0,0
1/5/1960,0,0
1/6/1960,0.018872384615384617,0
1/7/1960,0,0
1/8/1960,2.3479206153846155,0
1/9/1960,0.2484140769230769,0
1/10/1960,0,0
1/11/1960,0,0
1/12/1960,0,0
1/13/1960,0,0
1/14/1960,0,0
1/15/1960,0,0
1/16/1960,0,0
1/17/1960,0,0
1/18/1960,0.006699154,0
1/19/1960,0,0
1/20/1960,0,0
1/21/1960,0,0
1/22/1960,0,0
1/23/1960,0,0
1/24/1960,0,0
1/25/1960,0,0
1/26/1960,0,0
1/27/1960,0,0
1/28/1960,0,0
1/29/1960,0,0
1/30/1960,0,0
1/31/1960,0,0
2/1/1960,0,0
2/2/1960,0,0
2/3/1960,0,0
2/4/1960,0,0
2/5/1960,0,0
2/6/1960,0,0
2/7/1960,0,0
2/8/1960,0,0
2/9/1960,0,0
2/10/1960,0,0
2/11/1960,0,0
2/12/1960,0,0
2/13/1960,0,0
2/14/1960,0,0
2/15/1960,0,0
2/16/1960,0,0
2/17/1960,0,0
2/18/1960,0,0
2/19/1960,0,0
2/20/1960,0,0
2/21/1960,0,0
2/22/1960,0,0
2/23/1960,0,0
2/24/1960,0,0
2/25/1960,0,0
2/26/1960,0,0
2/27/1960,0,0
2/28/1960,0,0
2/29/1960,0,0
3/1/1960,0.3108013076923077,0
3/2/1960,0.6849701538461537,0
3/3/1960,0.083151077,0
3/4/1960,0.018959692,0
3/5/1960,0,0
3/6/1960,0,0
3/7/1960,7.132084615384615,0
3/8/1960,29.600384615384616,0
3/9/1960,9.594384615384616,0
3/10/1960,0,0
3/11/1960,0,0
3/12/1960,3.5286246153846155,0
3/13/1960,4.924537692307693,0
3/14/1960,0,0
3/15/1960,0,0
3/16/1960,0,0
3/17/1960,0,0
3/18/1960,0,0
3/19/1960,0,0
3/20/1960,0,0
3/21/1960,1.758704615384615,0
3/22/1960,7.913199999999999,0
3/23/1960,0.077677692,0
3/24/1960,0,0
3/25/1960,0,0
3/26/1960,0,0
3/27/1960,0,0
3/28/1960,0,0
3/29/1960,0,0
3/30/1960,0,0
3/31/1960,0,0
4/1/1960,0,0
4/2/1960,0,0
4/3/1960,0,0
4/4/1960,0,0
4/5/1960,0,0
4/6/1960,0.031616,0
4/7/1960,0.41973600000000005,7.3
4/8/1960,0,7.3
4/9/1960,0.4034374615384616,7.3
4/10/1960,2.09166,7.3
4/11/1960,0,7.3
4/12/1960,0,7.3
4/13/1960,0,7.3
4/14/1960,0,7.3
4/15/1960,0,7.3
4/16/1960,0,7.3
4/17/1960,0,7.3
4/18/1960,0,7.3
4/19/1960,0,7.3
4/20/1960,0,7.3
4/21/1960,0.4838693846153846,7.3
4/22/1960,0,7.3
4/23/1960,2.9846443846153843,7.3
4/24/1960,0.006723538,7.3
4/25/1960,0,7.3
4/26/1960,0,7.3
4/27/1960,0,7.3
4/28/1960,0,7.3
4/29/1960,0.029140846153846156,7.3
4/30/1960,0,7.3
5/1/1960,0,6.3
5/2/1960,0,6.3
5/3/1960,0,6.3
5/4/1960,0,6.3
5/5/1960,0,6.3
5/6/1960,0,6.3
5/7/1960,0,6.3
5/8/1960,0,6.3
5/9/1960,0,6.3
5/10/1960,0.004362154,6.3
5/11/1960,0,6.3
5/12/1960,0,6.3
5/13/1960,0,6.3
5/14/1960,0,6.3
5/15/1960,0.009187692,6.3
5/16/1960,0.010085153846153846,6.3
5/17/1960,0.4204938461538461,6.3
5/18/1960,1.238473076923077,6.3
5/19/1960,0.9209723076923079,6.3
5/20/1960,0,6.3
5/21/1960,0.091685154,6.3
5/22/1960,0.007733077,6.3
5/23/1960,0.078377154,6.3
5/24/1960,0.012026384615384616,6.3
5/25/1960,0,0
5/26/1960,0,0
5/27/1960,1.3995912307692306,0
5/28/1960,6.714869230769232,0
5/29/1960,1.1402569230769228,0
5/30/1960,0.003939692,0
5/31/1960,0.014553846153846155,0
6/1/1960,0,0
6/2/1960,0,0
6/3/1960,0.12731984615384614,0
6/4/1960,0,0
6/5/1960,0.014779846153846154,0
6/6/1960,0.13545876923076922,0
6/7/1960,0.3001363846153846,0
6/8/1960,0.5035804615384616,0
6/9/1960,0.5340420000000001,0
6/10/1960,0.3554837692307693,0
6/11/1960,0.14211076923076923,0
6/12/1960,0.003939692,0
6/13/1960,0,0
6/14/1960,0,0
6/15/1960,0.5984064615384616,0
6/16/1960,21.549516923076922,0
6/17/1960,0.18032776923076918,0
6/18/1960,4.180134307692308,0
6/19/1960,18.88833846153846,0
6/20/1960,6.774130769230769,0
6/21/1960,30.451384615384615,0
6/22/1960,8.671323076923077,0
6/23/1960,0.095537615,0
6/24/1960,0.22456138461538458,0
6/25/1960,10.281838461538463,0
6/26/1960,22.459369230769234,0
6/27/1960,0.7851501538461539,0
6/28/1960,3.867246153846154,0
6/29/1960,14.211253846153845,0
6/30/1960,1.1914375384615385,0
7/1/1960,41.00676923076924,0
7/2/1960,42.61169230769231,0
7/3/1960,10.530030769230766,0
7/4/1960,39.07546153846154,0
7/5/1960,3.563226153846154,0
7/6/1960,0.8753459230769232,0
7/7/1960,2.6131753846153845,0
7/8/1960,66.27507692307691,0
7/9/1960,37.646076923076926,0
7/10/1960,0.417902,0
7/11/1960,0.801823,0
7/12/1960,5.810007692307693,1.4
7/13/1960,16.70023076923077,1.4
7/14/1960,61.20599999999999,1.4
7/15/1960,15.783907692307691,1.4
7/16/1960,2.5260453076923075,1.4
7/17/1960,3.348956923076923,1.4
7/18/1960,17.341076923076926,1.4
7/19/1960,7.787869230769231,1.4
7/20/1960,10.728676923076923,1.4
7/21/1960,0.6920323846153847,1.4
7/22/1960,0.3676823076923077,1.4
7/23/1960,37.330916153846154,1.4
7/24/1960,0.9461055384615383,1.4
7/25/1960,12.20513846153846,1.4
7/26/1960,2.7571823076923083,1.4
7/27/1960,18.84092307692308,1.4
7/28/1960,15.829692307692305,1.4
7/29/1960,27.012061538461538,1.4
7/30/1960,35.317061538461545,1.4
7/31/1960,5.509963076923077,1.4
8/1/1960,8.1711,1.4
8/2/1960,27.907161538461537,1.4
8/3/1960,2.092823076923077,1.4
8/4/1960,13.454861538461538,1.4
8/5/1960,17.998846153846156,0.4
8/6/1960,2.306752307692308,0.4
8/7/1960,1.4079830769230772,0.4
8/8/1960,2.9513906153846152,0.4
8/9/1960,15.966769230769229,0.4
8/10/1960,33.1,0.4
8/11/1960,23.840769230769233,0.4
8/12/1960,0.6229397692307692,0.4
8/13/1960,0.7887838461538462,0.4
8/14/1960,4.5033900000000004,0.4
8/15/1960,19.157046153846153,0.4
8/16/1960,57.79646153846154,0.4
8/17/1960,102.5267692307692,0.4
8/18/1960,44.32600000000001,0.4
8/19/1960,0.8053796923076924,0.4
8/20/1960,0.11940761538461539,0.4
8/21/1960,2.4627223076923075,0.4
8/22/1960,6.040173846153847,0.4
8/23/1960,47.76769230769231,0.4
8/24/1960,2.3262576923076925,0.4
8/25/1960,1.549143076923077,0.4
8/26/1960,5.685108462,0.4
8/27/1960,0.9241607692307693,0.4
8/28/1960,1.8929984615384614,0.4
8/29/1960,1.6496984615384613,2.8
8/30/1960,3.054866923076923,2.8
8/31/1960,2.315226153846154,2.8
9/1/1960,0.9094401538461537,2.8
9/2/1960,0.18554638461538459,2.8
9/3/1960,0.6456279230769231,2.8
9/4/1960,0.8272657692307692,2.8
9/5/1960,0.9890010769230769,2.8
9/6/1960,3.561908461538461,2.8
9/7/1960,0.1400116153846154,2.8
9/8/1960,19.777076923076926,2.8
9/9/1960,1.2866489230769231,2.8
9/10/1960,9.114284615384616,2.8
9/11/1960,1.948526153846154,2.8
9/12/1960,9.36064,2.8
9/13/1960,1.2275972307692309,2.8
9/14/1960,0.5778994615384616,2.8
9/15/1960,3.7225600000000005,2.8
9/16/1960,0.33316461538461534,2.8
9/17/1960,19.352538461538465,2.8
9/18/1960,1.6634896153846155,2.8
9/19/1960,1.7807005384615384,2.8
9/20/1960,1.0950323076923074,2.8
9/21/1960,0.009944615,2.8
9/22/1960,0,0.3
9/23/1960,14.8451,0.3
9/24/1960,1.9955715384615382,0.3
9/25/1960,0.4941666923076923,0.3
9/26/1960,49.37561538461539,0.3
9/27/1960,19.788538461538458,0.3
9/28/1960,2.5727615384615388,0.3
9/29/1960,5.197546153846155,0.3
9/30/1960,2.9533200000000006,0.3
10/1/1960,10.491176923076923,0.3
10/2/1960,16.53773846153846,0.3
10/3/1960,9.260653846153845,0.3
10/4/1960,11.833769230769231,0.3
10/5/1960,11.493376923076921,0.3
10/6/1960,12.652130769230771,0.3
10/7/1960,28.819384615384617,0.3
10/8/1960,17.811453846153846,0.3
10/9/1960,11.227246153846153,0.3
10/10/1960,0,0.3
10/11/1960,0.042868462,0.3
10/12/1960,0.049327692,0.3
10/13/1960,0.20910184615384614,0.3
10/14/1960,0.012133923076923077,0.3
10/15/1960,1.257221,0.3
10/16/1960,0.6211437692307692,2.5
10/17/1960,0.02302,2.5
10/18/1960,0.010826923076923076,2.5
10/19/1960,0,2.5
10/20/1960,0,2.5
10/21/1960,0,2.5
10/22/1960,0,2.5
10/23/1960,0,2.5
10/24/1960,0,2.5
10/25/1960,0,2.5
10/26/1960,0,2.5
10/27/1960,0,2.5
10/28/1960,0,2.5
10/29/1960,0,2.5
10/30/1960,0.090379385,2.5
10/31/1960,0.11511546153846154,2.5
11/1/1960,0,2.5
11/2/1960,0,2.5
11/3/1960,0,2.5
11/4/1960,0,2.5
11/5/1960,0.008437231,2.5
11/6/1960,0.011343,2.5
11/7/1960,0.959441077,2.5
11/8/1960,0.20023284615384618,2.5
11/9/1960,0,0
11/10/1960,0,0
11/11/1960,0,0
11/12/1960,0,0
11/13/1960,0,0
11/14/1960,0,0
11/15/1960,0,0
11/16/1960,0,0
11/17/1960,0,0
11/18/1960,0,0
11/19/1960,0,0
11/20/1960,0,0
11/21/1960,0,0
11/22/1960,0,0
11/23/1960,0,0
11/24/1960,0,0
11/25/1960,0,0
11/26/1960,0,0
11/27/1960,0,0
11/28/1960,0,0
11/29/1960,0,0
11/30/1960,0,0
12/1/1960,0,0
12/2/1960,0,0
12/3/1960,0,5.3
12/4/1960,0.078208077,5.3
12/5/1960,0,5.3
12/6/1960,0,5.3
12/7/1960,0.017015076923076924,5.3
12/8/1960,0.9716789230769228,5.3
12/9/1960,0.6501670769230768,5.3
12/10/1960,0,5.3
12/11/1960,0,5.3
12/12/1960,0,5.3
12/13/1960,0,5.3
12/14/1960,0,5.3
12/15/1960,0,5.3
12/16/1960,0,5.3
12/17/1960,0,5.3
12/18/1960,0,5.3
12/19/1960,0,5.3
12/20/1960,0,5.3
12/21/1960,0,5.3
12/22/1960,0,5.3
12/23/1960,0,5.3
12/24/1960,0,5.3
12/25/1960,0,5.3
12/26/1960,0,5.3
12/27/1960,0,0
12/28/1960,0,0
12/29/1960,0,0
12/30/1960,0,0
12/31/1960,0.004437462,0
1/1/1961,0.064003154,0
1/2/1961,4.905684615384616,0
1/3/1961,13.84273846153846,0
1/4/1961,0.9612184615384616,0
1/5/1961,4.486653076923076,0
1/6/1961,0,0
1/7/1961,0,0
1/8/1961,0,0
1/9/1961,0,0
1/10/1961,0,0
1/11/1961,0,0
1/12/1961,0,0
1/13/1961,0,0
1/14/1961,0,0
1/15/1961,0,0
1/16/1961,0,0
1/17/1961,0,0
1/18/1961,0,0
1/19/1961,0,0
1/20/1961,0,0.1
1/21/1961,0,0.1
1/22/1961,0,0.1
1/23/1961,0,0.1
1/24/1961,0,0.1
1/25/1961,0,0.1
1/26/1961,0,0.1
1/27/1961,0,0.1
1/28/1961,0,0.1
1/29/1961,0,0.1
1/30/1961,0,0.1
1/31/1961,0,0.1
2/1/1961,0,0.1
2/2/1961,28.045253846153848,0.1
2/3/1961,0.7020553846153846,0.1
2/4/1961,12.879623076923078,0.1
2/5/1961,0.10546115384615386,0.1
2/6/1961,2.1656646153846153,0.1
2/7/1961,50.817076923076925,0.1
2/8/1961,42.82338461538462,0.1
2/9/1961,24.36833076923077,0.1
2/10/1961,0.14718446153846157,0.1
2/11/1961,0,0.1
2/12/1961,0.6291712307692308,0.1
2/13/1961,10.444515384615384,0
2/14/1961,12.609561538461538,0
2/15/1961,17.961853846153847,0
2/16/1961,0.22568392307692312,0
2/17/1961,0,0
2/18/1961,0,0
2/19/1961,0,0
2/20/1961,0,0
2/21/1961,0,0
2/22/1961,0,0
2/23/1961,0,0
2/24/1961,0,0
2/25/1961,0,0
2/26/1961,0,0
2/27/1961,0,0
2/28/1961,0,0
3/1/1961,0,0
3/2/1961,0,0
3/3/1961,0,0
3/4/1961,0,0
3/5/1961,0,0
3/6/1961,0,0
3/7/1961,0,0
3/8/1961,0,0
3/9/1961,0,0.4
3/10/1961,0,0.4
3/11/1961,0,0.4
3/12/1961,0,0.4
3/13/1961,0,0.4
3/14/1961,0,0.4
3/15/1961,0,0.4
3/16/1961,0,0.4
3/17/1961,0,0.4
3/18/1961,0.007563923,0.4
3/19/1961,0,0.4
3/20/1961,0,0.4
3/21/1961,0,0.4
3/22/1961,0,0.4
3/23/1961,0,0.4
3/24/1961,0,0.4
3/25/1961,0,0.4
3/26/1961,0,0.4
3/27/1961,0,0.4
3/28/1961,0.002496769,0.4
3/29/1961,0.002218769,0.4
3/30/1961,0,0.4
3/31/1961,0.080276923,0.4
4/1/1961,0.8171256153846154,0.4
4/2/1961,2.640324615384616,0.5
4/3/1961,6.574261538,0.5
4/4/1961,0.7812656923076922,0.5
4/5/1961,0,0.5
4/6/1961,0,0.5
4/7/1961,0,0.5
4/8/1961,0.095577538,0.5
4/9/1961,3.3991384615384614,0.5
4/10/1961,0,0.5
4/11/1961,1.5043738461538463,0.5
4/12/1961,0.024483154,0.5
4/13/1961,0,0.5
4/14/1961,0,0.5
4/15/1961,0,0.5
4/16/1961,0,0.5
4/17/1961,0.011261999999999998,0.5
4/18/1961,0,0.5
4/19/1961,0.5756597692307692,0.5
4/20/1961,0,0.5
4/21/1961,0,0.5
4/22/1961,0,0.5
4/23/1961,0,0.5
4/24/1961,0,0.5
4/25/1961,0.016720923076923078,0.5
4/26/1961,0,0
4/27/1961,0,0
4/28/1961,0.006084,0
4/29/1961,0,0
4/30/1961,0.14607830769230767,0
5/1/1961,0.002359,0
5/2/1961,0,0
5/3/1961,0,0
5/4/1961,0.004362154,0
5/5/1961,0,0
5/6/1961,0.11134315384615386,0
5/7/1961,0.9822792307692308,0
5/8/1961,7.199916923076922,0
5/9/1961,1.4095553846153845,0
5/10/1961,0,0
5/11/1961,0,0
5/12/1961,0,0
5/13/1961,0.24276076923076922,0
5/14/1961,0,0
5/15/1961,0.027592615384615382,0
5/16/1961,32.28753846153847,0
5/17/1961,6.411604230769232,0
5/18/1961,0,0
5/19/1961,0,0
5/20/1961,0,3.5
5/21/1961,0.049365923,3.5
5/22/1961,0.011205384615384615,3.5
5/23/1961,1.7252361538461538,3.5
5/24/1961,40.52592307692308,3.5
5/25/1961,0.76319,3.5
5/26/1961,0.067719077,3.5
5/27/1961,0.21019430769230768,3.5
5/28/1961,0,3.5
5/29/1961,0,3.5
5/30/1961,0,3.5
5/31/1961,1.339082307692308,3.5
6/1/1961,0,3.5
6/2/1961,0.17929846153846155,3.5
6/3/1961,0,3.5
6/4/1961,0.008613846,3.5
6/5/1961,0.027057769,3.5
6/6/1961,8.899146153846152,3.5
6/7/1961,1.2980223076923079,3.5
6/8/1961,2.253427692307692,3.5
6/9/1961,14.797346153846153,3.5
6/10/1961,27.016746153846157,3.5
6/11/1961,55.09069230769231,3.5
6/12/1961,18.5489,3.5
6/13/1961,5.920530769,0
6/14/1961,2.3775784615384614,0
6/15/1961,0.024382769,0
6/16/1961,0.00774,0
6/17/1961,0,0
6/18/1961,0,0
6/19/1961,5.449200769,0
6/20/1961,0.6442497692307693,0
6/21/1961,9.866415384615387,0
6/22/1961,9.863738461538459,0
6/23/1961,3.5652653846153846,0
6/24/1961,1.365626923076923,0
6/25/1961,20.024,0
6/26/1961,14.831938461538464,0
6/27/1961,0.078297154,0
6/28/1961,0.007733077,0
6/29/1961,36.120999999999995,0
6/30/1961,8.904215384615386,0
7/1/1961,8.684438462,0
7/2/1961,8.393534615384615,0
7/3/1961,43.92699999999999,0
7/4/1961,20.036,0
7/5/1961,1.685393076923077,0
7/6/1961,17.146146153846153,0
7/7/1961,71.99161538461539,0
7/8/1961,12.595507692307693,0
7/9/1961,18.68776923076923,0
7/10/1961,14.365302307692307,0
7/11/1961,4.043046923076923,0
7/12/1961,2.797222307692308,0
7/13/1961,4.920153076923076,0
7/14/1961,3.7426946153846155,0
7/15/1961,18.875615384615383,0
7/16/1961,4.440776923076923,0
7/17/1961,45.30630769230769,0
7/18/1961,13.691846153846152,0
7/19/1961,2.351846153846154,0
7/20/1961,1.3488552307692308,0
7/21/1961,8.825107692307693,0
7/22/1961,8.754153846153846,0
7/23/1961,12.950446153846153,0
7/24/1961,5.232797692307693,0
7/25/1961,0.037864076923076924,0
7/26/1961,0.8578494615384614,0
7/27/1961,0.38988646153846146,0
7/28/1961,0,0
7/29/1961,0,0
7/30/1961,0.069561231,0
7/31/1961,0.16777861538461541,0
8/1/1961,2.4457222307692303,0
8/2/1961,14.459600000000002,0
8/3/1961,3.8326538461538457,0
8/4/1961,5.089316153846155,0
8/5/1961,5.561287692307692,0
8/6/1961,14.094638461538462,0
8/7/1961,4.736877692307693,0
8/8/1961,5.734915384615385,0
8/9/1961,3.5135753846153843,0
8/10/1961,4.122827692307693,0
8/11/1961,1.085275846153846,0
8/12/1961,1.4969153846153844,0
8/13/1961,6.012133846153845,0
8/14/1961,1.8625746153846154,0
8/15/1961,7.317276923076923,0
8/16/1961,2.481995692307692,0
8/17/1961,7.528423076923077,0
8/18/1961,2.036480769230769,0
8/19/1961,48.407000000000004,0
8/20/1961,1.8641738461538462,0
8/21/1961,4.397062307692307,0
8/22/1961,9.712978462,0
8/23/1961,9.304184615384615,0
8/24/1961,25.27069230769231,0
8/25/1961,12.591746153846154,0
8/26/1961,5.091592307692308,0
8/27/1961,6.548637692307692,0
8/28/1961,1.367392,0
8/29/1961,12.871861538461541,0
8/30/1961,8.313115384615385,0
8/31/1961,0.9623107692307691,0
9/1/1961,5.785323076923078,0
9/2/1961,34.48807692307692,0
9/3/1961,26.275000000000002,0
9/4/1961,17.65852307692308,0
9/5/1961,0.16521276923076925,0
9/6/1961,2.739951538461538,0
9/7/1961,76.07007692307693,0
9/8/1961,106.34776923076925,0
9/9/1961,21.538230769230765,0
9/10/1961,0.9891633076923078,0
9/11/1961,0.008437231,0
9/12/1961,0.2483759230769231,0
9/13/1961,1.584533846153846,0
9/14/1961,34.65113846153846,0
9/15/1961,23.65646153846154,0
9/16/1961,0.35997384615384614,0
9/17/1961,2.54918,0
9/18/1961,0.1754953846153846,0
9/19/1961,0.26074338461538465,0
9/20/1961,0.26079253846153844,0
9/21/1961,2.407956153846154,0
9/22/1961,7.5881461538461545,0
9/23/1961,5.621652307692309,0
9/24/1961,5.195861538461538,0
9/25/1961,0.19397869230769232,0
9/26/1961,19.883346153846155,0
9/27/1961,12.39966923076923,0
9/28/1961,17.46453846153846,0
9/29/1961,5.873506307692308,0
9/30/1961,7.354462307692308,0
10/1/1961,6.200935230769232,0
10/2/1961,1.06586,0
10/3/1961,1.210789230769231,0
10/4/1961,0,0
10/5/1961,4.245315692307693,0
10/6/1961,1.3266499999999999,0
10/7/1961,43.94753846153846,0
10/8/1961,8.485815384615384,0
10/9/1961,7.8431538461538475,0
10/10/1961,1.0577171538461538,0
10/11/1961,0.9444801538461539,0.5
10/12/1961,1.1461876153846153,0.5
10/13/1961,0,0.5
10/14/1961,12.881961538461535,0.5
10/15/1961,2.1844923076923077,0.5
10/16/1961,1.758600153846154,0.5
10/17/1961,3.1842283076923077,0.5
10/18/1961,3.2119230769230764,0.5
10/19/1961,8.6385,0.5
10/20/1961,1.4469040769230768,0.5
10/21/1961,0.033617692,0.5
10/22/1961,0,0.5
10/23/1961,0,0.5
10/24/1961,0,0.5
10/25/1961,0,0.5
10/26/1961,0,0.5
10/27/1961,0,0.5
10/28/1961,0,0.5
10/29/1961,0.11477638461538463,0.5
10/30/1961,4.7861692307692305,0.5
10/31/1961,9.446192307692307,0.5
11/1/1961,29.810738461538463,0.5
11/2/1961,9.037853846153846,0.5
11/3/1961,1.8473692307692304,0.5
11/4/1961,0,9.9
11/5/1961,0.5200068461538462,9.9
11/6/1961,0.6915071538461538,9.9
11/7/1961,2.374976153846154,9.9
11/8/1961,0,9.9
11/9/1961,0,9.9
11/10/1961,0,9.9
11/11/1961,0,9.9
11/12/1961,0,9.9
11/13/1961,0,9.9
11/14/1961,0,9.9
11/15/1961,0,9.9
11/16/1961,0,9.9
11/17/1961,0,9.9
11/18/1961,0,9.9
11/19/1961,0,9.9
11/20/1961,0,9.9
11/21/1961,0,9.9
11/22/1961,0,9.9
11/23/1961,0,9.9
11/24/1961,0,9.9
11/25/1961,0,9.9
11/26/1961,0,9.9
11/27/1961,0,9.9
11/28/1961,0,0.1
11/29/1961,0,0.1
11/30/1961,0,0.1
12/1/1961,0,0.1
12/2/1961,0,0.1
12/3/1961,0,0.1
12/4/1961,0,0.1
12/5/1961,0,0.1
12/6/1961,0,0.1
12/7/1961,0,0.1
12/8/1961,0,0.1
12/9/1961,0,0.1
12/10/1961,0,0.1
12/11/1961,0,0.1
12/12/1961,0,0.1
12/13/1961,0.6320621538461538,0.1
12/14/1961,3.133610769,0.1
12/15/1961,0,0.1
12/16/1961,0,0.1
12/17/1961,0,0.1
12/18/1961,0,0.1
12/19/1961,0,0.1
12/20/1961,1.678031538461538,0.1
12/21/1961,0,0.1
12/22/1961,0,0.2
12/23/1961,0,0.2
12/24/1961,0,0.2
12/25/1961,0,0.2
12/26/1961,0,0.2
12/27/1961,0,0.2
12/28/1961,0,0.2
12/29/1961,0,0.2
12/30/1961,0,0.2
12/31/1961,0,0.2
1/1/1962,0,0.2
1/2/1962,0,0.2
1/3/1962,0,0.2
1/4/1962,0,0.2
1/5/1962,0,0.2
1/6/1962,0,0.2
1/7/1962,0,0.2
1/8/1962,0,0.2
1/9/1962,0,0.2
1/10/1962,0,0.2
1/11/1962,0,0.2
1/12/1962,0,0.2
1/13/1962,0,0.2
1/14/1962,0,0.2
1/15/1962,0,0
1/16/1962,0,0
1/17/1962,0,0
1/18/1962,0,0
1/19/1962,0,0
1/20/1962,0,0
1/21/1962,0,0
1/22/1962,0,0
1/23/1962,1.3990340769230771,0
1/24/1962,0,0
1/25/1962,0,0
1/26/1962,1.6600961538461538,0
1/27/1962,10.125766153846154,0
1/28/1962,1.9266255384615385,0
1/29/1962,0.001966462,0
1/30/1962,0,0
1/31/1962,0,0
2/1/1962,0,0
2/2/1962,0.068045154,0
2/3/1962,0,0
2/4/1962,0,0
2/5/1962,0,0
2/6/1962,0.094407154,0
2/7/1962,0,0
2/8/1962,0,0
2/9/1962,0.019141846153846155,0
2/10/1962,0,0
2/11/1962,0,0
2/12/1962,0,0
2/13/1962,0,0
2/14/1962,0,0
2/15/1962,0,0
2/16/1962,0,0
2/17/1962,0,0
2/18/1962,0.10222176923076923,0
2/19/1962,0,0
2/20/1962,0,0
2/21/1962,0,0
2/22/1962,0,0
2/23/1962,0,0
2/24/1962,0,0
2/25/1962,0.049365923,0
2/26/1962,0.33653269230769234,0
2/27/1962,0.023396153846153848,0
2/28/1962,0,0
3/1/1962,0,0
3/2/1962,0,0
3/3/1962,0,0
3/4/1962,0,0.1
3/5/1962,1.6374806153846155,0.1
3/6/1962,7.299646153846154,0.1
3/7/1962,2.616308692307692,0.1
3/8/1962,0,0.1
3/9/1962,0,0.1
3/10/1962,0,0.1
3/11/1962,1.260847923076923,0.1
3/12/1962,0,0.1
3/13/1962,0,0.1
3/14/1962,0,0.1
3/15/1962,0,0.1
3/16/1962,0,0.1
3/17/1962,0,0.1
3/18/1962,0,0.1
3/19/1962,0.018724615384615385,0.1
3/20/1962,0,0.1
3/21/1962,0.1973997692307692,0.1
3/22/1962,2.3386238461538458,0.1
3/23/1962,0,0.1
3/24/1962,0,0.1
3/25/1962,0,0.1
3/26/1962,0,0.1
3/27/1962,0,0.1
3/28/1962,0,0
3/29/1962,0,0
3/30/1962,0,0
3/31/1962,0,0
4/1/1962,0,0
4/2/1962,0,0
4/3/1962,0,0
4/4/1962,0.085168308,0
4/5/1962,0,0
4/6/1962,0,0
4/7/1962,5.026927692307693,0
4/8/1962,0.002949692,0
4/9/1962,0,0
4/10/1962,0,0
4/11/1962,0,0
4/12/1962,0.019141846153846155,0
4/13/1962,0,0
4/14/1962,0.2243376923076923,0
4/15/1962,0.076869,0
4/16/1962,0,0
4/17/1962,0,0
4/18/1962,0.077415385,0
4/19/1962,1.1536496153846156,0
4/20/1962,2.4945392307692305,0
4/21/1962,0,0
4/22/1962,0,0
4/23/1962,0.5678693846153846,0
4/24/1962,0,0
4/25/1962,0,0
4/26/1962,0,0
4/27/1962,3.7819092307692306,0
4/28/1962,0,0
4/29/1962,0,0
4/30/1962,0,0
5/1/1962,0.6386416923076924,0
5/2/1962,0.8732426153846153,0
5/3/1962,0,0
5/4/1962,0.096389769,0
5/5/1962,1.6629607692307693,0
5/6/1962,0.013641538461538462,0
5/7/1962,1.412227692307692,0
5/8/1962,0,0
5/9/1962,0.12999284615384615,0
5/10/1962,0,0
5/11/1962,0,0
5/12/1962,0,0
5/13/1962,1.2153761538461538,0
5/14/1962,0.4843086153846154,0
5/15/1962,0,0
5/16/1962,0,0
5/17/1962,0,0
5/18/1962,0.011129231,0
5/19/1962,0,0
5/20/1962,0,0
5/21/1962,0,0
5/22/1962,0,0
5/23/1962,0.02723,0
5/24/1962,0.015483076923076922,0
5/25/1962,0,0
5/26/1962,0.1591276923076923,0
5/27/1962,0.003626538,0
5/28/1962,0.6676841538461539,0
5/29/1962,0,0
5/30/1962,0.029920000000000002,0
5/31/1962,0,0
6/1/1962,0.281208,0
6/2/1962,0.024413154,0
6/3/1962,1.3520592307692307,0
6/4/1962,0,0
6/5/1962,0,0
6/6/1962,7.901074615384616,0
6/7/1962,4.494459230769231,0
6/8/1962,34.16238461538462,7.5
6/9/1962,10.328007692307693,7.5
6/10/1962,13.728530769230767,7.5
6/11/1962,0,7.5
6/12/1962,0,7.5
6/13/1962,34.88215384615385,7.5
6/14/1962,15.169784615384616,7.5
6/15/1962,12.403638461538463,7.5
6/16/1962,7.994053846153847,7.5
6/17/1962,10.015093846153844,7.5
6/18/1962,1.975411538461538,7.5
6/19/1962,0,7.5
6/20/1962,0,7.5
6/21/1962,8.092061538461538,7.5
6/22/1962,12.174299999999999,7.5
6/23/1962,23.312846153846156,7.5
6/24/1962,21.74736153846154,7.5
6/25/1962,9.237880769230769,7.5
6/26/1962,1.162795384615385,7.5
6/27/1962,13.1724,7.5
6/28/1962,0.39248184615384607,7.5
6/29/1962,0.5923410769230769,7.5
6/30/1962,0.092233231,7.5
7/1/1962,19.692515384615383,7.5
7/2/1962,0.084079846,16.2
7/3/1962,0,16.2
7/4/1962,0.25133130769230766,16.2
7/5/1962,34.87515384615384,16.2
7/6/1962,2.2490061538461537,16.2
7/7/1962,0.2878974615384615,16.2
7/8/1962,32.44892615384615,16.2
7/9/1962,68.22030769,16.2
7/10/1962,64.88015384615385,16.2
7/11/1962,74.05453846153847,16.2
7/12/1962,28.44423846153847,16.2
7/13/1962,90.95570769230768,16.2
7/14/1962,2.8838807692307693,16.2
7/15/1962,8.399500000000002,16.2
7/16/1962,45.540384615384625,16.2
7/17/1962,4.643394615384615,16.2
7/18/1962,1.7602853846153843,16.2
7/19/1962,6.725753846153847,16.2
7/20/1962,13.988161538461538,16.2
7/21/1962,10.938553846153846,16.2
7/22/1962,54.609046153846165,16.2
7/23/1962,19.99116923076923,16.2
7/24/1962,10.360738461538462,16.2
7/25/1962,5.235886923076922,16.2
7/26/1962,4.569169230769232,0.1
7/27/1962,13.925976923076924,0.1
7/28/1962,15.949884615384613,0.1
7/29/1962,17.463069230769232,0.1
7/30/1962,0.22073084615384614,0.1
7/31/1962,4.14494,0.1
8/1/1962,7.9304000000000014,0.1
8/2/1962,0.45116723076923076,0.1
8/3/1962,2.1103399999999994,0.1
8/4/1962,24.803769230769227,0.1
8/5/1962,37.33115384615385,0.1
8/6/1962,7.406061538461538,0.1
8/7/1962,0.091257769,0.1
8/8/1962,0.9551487692307692,0.1
8/9/1962,1.3343346153846154,0.1
8/10/1962,4.4745923076923075,0.1
8/11/1962,3.582007692307693,0.1
8/12/1962,0.9818853846153844,0.1
8/13/1962,10.900207692307694,0.1
8/14/1962,10.472823076923076,0.1
8/15/1962,3.2488,0.1
8/16/1962,0.7147984615384615,0.1
8/17/1962,4.038393846153846,0.1
8/18/1962,1.768360769230769,0.1
8/19/1962,0.10803523076923077,10.2
8/20/1962,1.3019255384615382,10.2
8/21/1962,15.996934615384617,10.2
8/22/1962,4.657948846153846,10.2
8/23/1962,21.688646153846154,10.2
8/24/1962,7.845476923076924,10.2
8/25/1962,28.132215384615385,10.2
8/26/1962,1.009960769230769,10.2
8/27/1962,0.054571692,10.2
8/28/1962,0,10.2
8/29/1962,0.015466923076923076,10.2
8/30/1962,3.499464615384616,10.2
8/31/1962,0.6414692307692308,10.2
9/1/1962,20.82143846153846,10.2
9/2/1962,0.010387,10.2
9/3/1962,0.11264392307692309,10.2
9/4/1962,0.6322194615384615,10.2
9/5/1962,2.486586153846154,10.2
9/6/1962,0.4685007692307692,10.2
9/7/1962,0.15158307692307693,10.2
9/8/1962,0,10.2
9/9/1962,40.50430769,10.2
9/10/1962,100.5706153846154,10.2
9/11/1962,50.94615384615385,10.2
9/12/1962,11.918653846153846,1.3
9/13/1962,1.2953384615384615,1.3
9/14/1962,2.517360769,1.3
9/15/1962,9.018661538461538,1.3
9/16/1962,1.72929,1.3
9/17/1962,0.31921707692307694,1.3
9/18/1962,21.428415384615384,1.3
9/19/1962,5.021115384615385,1.3
9/20/1962,0.6337182307692307,1.3
9/21/1962,0.22598538461538464,1.3
9/22/1962,10.067928461538461,1.3
9/23/1962,17.094994615384614,1.3
9/24/1962,1.3274794615384617,1.3
9/25/1962,0.1571940769230769,1.3
9/26/1962,0.3610347692307692,1.3
9/27/1962,4.505007692307692,1.3
9/28/1962,1.9383315384615385,1.3
9/29/1962,8.501661538461537,1.3
9/30/1962,0.13179823076923075,1.3
10/1/1962,19.251046153846154,1.3
10/2/1962,0.035214615384615386,1.3
10/3/1962,0.013436230769230771,1.3
10/4/1962,0.015227692307692307,1.3
10/5/1962,0,1.3
10/6/1962,0.25939769230769233,0
10/7/1962,2.306672307692308,0
10/8/1962,0.029599769,0
10/9/1962,0,0
10/10/1962,1.7069999999999999,0
10/11/1962,0.008560769,0
10/12/1962,0.003933,0
10/13/1962,0.045874615,0
10/14/1962,0.3083692307692308,0
10/15/1962,0.2608306153846154,0
10/16/1962,0.2363975384615385,0
10/17/1962,0.14275461538461537,0
10/18/1962,2.2408607692307694,0
10/19/1962,0,0
10/20/1962,0.020880000000000003,0
10/21/1962,0,0
10/22/1962,0,0
10/23/1962,0,0
10/24/1962,0.48111953846153843,0
10/25/1962,6.742430769230769,0
10/26/1962,4.899207692307693,0
10/27/1962,18.454153846153847,0
10/28/1962,6.950392307692307,0
10/29/1962,9.666461538461537,0
10/30/1962,33.761376923076924,17.1
10/31/1962,27.30669230769231,17.1
11/1/1962,0.530661846,17.1
11/2/1962,0.1295923076923077,17.1
11/3/1962,0.018010615384615385,17.1
11/4/1962,0.021945769230769227,17.1
11/5/1962,0.013436230769230771,17.1
11/6/1962,0,17.1
11/7/1962,0,17.1
11/8/1962,0,17.1
11/9/1962,0,17.1
11/10/1962,0,17.1
11/11/1962,0,17.1
11/12/1962,0,17.1
11/13/1962,0,17.1
11/14/1962,0,17.1
11/15/1962,0,17.1
11/16/1962,0,17.1
11/17/1962,0,17.1
11/18/1962,0,17.1
11/19/1962,0,17.1
11/20/1962,0,17.1
11/21/1962,0,17.1
11/22/1962,0,17.1
11/23/1962,0,59.1
11/24/1962,0,59.1
11/25/1962,0,59.1
11/26/1962,0,59.1
11/27/1962,0,59.1
11/28/1962,0,59.1
11/29/1962,0,59.1
11/30/1962,0,59.1
12/1/1962,0,59.1
12/2/1962,0,59.1
12/3/1962,0,59.1
12/4/1962,0,59.1
12/5/1962,0,59.1
12/6/1962,0,59.1
12/7/1962,0,59.1
12/8/1962,1.3452076923076923,59.1
12/9/1962,0.17886138461538464,59.1
12/10/1962,12.276792307692308,59.1
12/11/1962,0,59.1
12/12/1962,0,59.1
12/13/1962,0,59.1
12/14/1962,0,59.1
12/15/1962,0,59.1
12/16/1962,0,59.1
12/17/1962,0,9.3
12/18/1962,0,9.3
12/19/1962,0,9.3
12/20/1962,0,9.3
12/21/1962,0,9.3
12/22/1962,0,9.3
12/23/1962,0,9.3
12/24/1962,0,9.3
12/25/1962,0,9.3
12/26/1962,0,9.3
12/27/1962,0,9.3
12/28/1962,0,9.3
12/29/1962,0,9.3
12/30/1962,0,9.3
12/31/1962,0,9.3
1/1/1963,0,9.3
1/2/1963,0,9.3
1/3/1963,0,9.3
1/4/1963,0,9.3
1/5/1963,0,9.3
1/6/1963,0,9.3
1/7/1963,0,9.3
1/8/1963,0,9.3
1/9/1963,0,9.3
1/10/1963,0,0.9
1/11/1963,0,0.9
1/12/1963,0,0.9
1/13/1963,0,0.9
1/14/1963,0,0.9
1/15/1963,0,0.9
1/16/1963,0,0.9
1/17/1963,0,0.9
1/18/1963,0,0.9
1/19/1963,0,0.9
1/20/1963,0,0.9
1/21/1963,0,0.9
1/22/1963,0,0.9
1/23/1963,0,0.9
1/24/1963,0,0.9
1/25/1963,0,0.9
1/26/1963,0,0.9
1/27/1963,0,0.9
1/28/1963,0,0.9
1/29/1963,0,0.9
1/30/1963,0,0.9
1/31/1963,0,0.9
2/1/1963,0,0.9
2/2/1963,0,0.9
2/3/1963,0,3.3
2/4/1963,0,3.3
2/5/1963,0,3.3
2/6/1963,0,3.3
2/7/1963,0,3.3
2/8/1963,0,3.3
2/9/1963,0,3.3
2/10/1963,0,3.3
2/11/1963,0,3.3
2/12/1963,0,3.3
2/13/1963,0,3.3
2/14/1963,0,3.3
2/15/1963,0,3.3
2/16/1963,0,3.3
2/17/1963,0,3.3
2/18/1963,0,3.3
2/19/1963,0,3.3
2/20/1963,0,3.3
2/21/1963,0,3.3
2/22/1963,0,3.3
2/23/1963,0,3.3
2/24/1963,0,3.3
2/25/1963,0,3.3
2/26/1963,0,3.3
2/27/1963,0,8.2
2/28/1963,0.253903,8.2
3/1/1963,5.938631538461538,8.2
3/2/1963,0.9994984615384614,8.2
3/3/1963,0,8.2
3/4/1963,0,8.2
3/5/1963,0,8.2
3/6/1963,0,8.2
3/7/1963,0.011451461538461539,8.2
3/8/1963,0,8.2
3/9/1963,0,8.2
3/10/1963,0,8.2
3/11/1963,0,8.2
3/12/1963,0,8.2
3/13/1963,0,8.2
3/14/1963,0,8.2
3/15/1963,0,8.2
3/16/1963,0,8.2
3/17/1963,0,8.2
3/18/1963,0.20505315384615386,8.2
3/19/1963,0.535878923,8.2
3/20/1963,0.29932746153846157,8.2
3/21/1963,0.9299623076923077,8.2
3/22/1963,0,8.2
3/23/1963,0,8.8
3/24/1963,0,8.8
3/25/1963,0,8.8
3/26/1963,0.5592246153846153,8.8
3/27/1963,0.021525384615384616,8.8
3/28/1963,1.934781461538462,8.8
3/29/1963,0.003173231,8.8
3/30/1963,0,8.8
3/31/1963,0,8.8
4/1/1963,0,8.8
4/2/1963,0,8.8
4/3/1963,0,8.8
4/4/1963,0.14538315384615383,8.8
4/5/1963,4.715125615384616,8.8
4/6/1963,0,8.8
4/7/1963,0.026465230769230772,8.8
4/8/1963,0,8.8
4/9/1963,0,8.8
4/10/1963,0.4432063846153846,8.8
4/11/1963,0.002359,8.8
4/12/1963,0.3303166153846154,8.8
4/13/1963,2.203817692307692,8.8
4/14/1963,0.022860077,8.8
4/15/1963,3.008284615384615,8.8
4/16/1963,0,5.8
4/17/1963,0,5.8
4/18/1963,0.10359692307692307,5.8
4/19/1963,0,5.8
4/20/1963,0.24069961538461537,5.8
4/21/1963,3.3423846153846153,5.8
4/22/1963,0.035126769,5.8
4/23/1963,0,5.8
4/24/1963,0.4723263846153846,5.8
4/25/1963,0,5.8
4/26/1963,7.576669230769231,5.8
4/27/1963,12.065223076923077,5.8
4/28/1963,0,5.8
4/29/1963,0,5.8
4/30/1963,0,5.8
5/1/1963,0,5.8
5/2/1963,0,5.8
5/3/1963,0,5.8
5/4/1963,0.7643020769230768,5.8
5/5/1963,1.9001869230769228,5.8
5/6/1963,0.030657231,5.8
5/7/1963,0,5.8
5/8/1963,0.017013846153846154,5.8
5/9/1963,0,5.8
5/10/1963,0.013275692307692306,16.6
5/11/1963,11.523316923076923,16.6
5/12/1963,0.055750769,16.6
5/13/1963,23.31423076923077,16.6
5/14/1963,0,16.6
5/15/1963,0.5482734615384616,16.6
5/16/1963,0.24498307692307691,16.6
5/17/1963,6.659647692307693,16.6
5/18/1963,5.325556923076922,16.6
5/19/1963,1.7890200000000003,16.6
5/20/1963,0.1845503076923077,16.6
5/21/1963,0,16.6
5/22/1963,0,16.6
5/23/1963,0.002149615,16.6
5/24/1963,2.1177236153846155,16.6
5/25/1963,0,16.6
5/26/1963,0,16.6
5/27/1963,0.7212323076923077,16.6
5/28/1963,0.14042630769230768,16.6
5/29/1963,0.036865385,16.6
5/30/1963,7.072507692307694,16.6
5/31/1963,0.035252307692307694,16.6
6/1/1963,11.73218076923077,16.6
6/2/1963,0,16.6
6/3/1963,20.383717692307695,15.6
6/4/1963,0.7487347692307692,15.6
6/5/1963,0.5035298461538461,15.6
6/6/1963,4.931526153846154,15.6
6/7/1963,1.0851740769230769,15.6
6/8/1963,0.21976723076923074,15.6
6/9/1963,14.426453846153846,15.6
6/10/1963,10.464599999999999,15.6
6/11/1963,0.2366544615384615,15.6
6/12/1963,0.764510077,15.6
6/13/1963,28.819769230769232,15.6
6/14/1963,9.053253846153845,15.6
6/15/1963,12.738792307692307,15.6
6/16/1963,8.953107692307693,15.6
6/17/1963,38.93986153846155,15.6
6/18/1963,45.774,15.6
6/19/1963,20.744284615384622,15.6
6/20/1963,35.66846153846154,15.6
6/21/1963,0.010236923076923077,15.6
6/22/1963,0,15.6
6/23/1963,0,15.6
6/24/1963,0,15.6
6/25/1963,0,15.6
6/26/1963,10.48492923076923,15.6
6/27/1963,6.015461538461538,17.8
6/28/1963,11.943300000000002,17.8
6/29/1963,0.01835,17.8
6/30/1963,1.151327769230769,17.8
7/1/1963,1.1515346153846155,17.8
7/2/1963,8.457623076923076,17.8
7/3/1963,11.566061538461542,17.8
7/4/1963,41.14984615384614,17.8
7/5/1963,10.585484615384615,17.8
7/6/1963,16.748153846153848,17.8
7/7/1963,24.601307692307692,17.8
7/8/1963,14.043638461538462,17.8
7/9/1963,0.24572138461538465,17.8
7/10/1963,4.432761538461538,17.8
7/11/1963,0.2769558461538461,17.8
7/12/1963,1.3405892307692306,17.8
7/13/1963,0.7084788461538462,17.8
7/14/1963,3.267291538461538,17.8
7/15/1963,1.9939507692307692,17.8
7/16/1963,9.371025384615384,17.8
7/17/1963,0.4698961538461538,17.8
7/18/1963,3.025928461538461,17.8
7/19/1963,22.64428461538462,17.8
7/20/1963,7.938815384615385,17.8
7/21/1963,12.639246153846155,7.8
7/22/1963,7.111253846153847,7.8
7/23/1963,14.800323076923076,7.8
7/24/1963,2.210517692307692,7.8
7/25/1963,22.268307692307694,7.8
7/26/1963,3.3861538461538463,7.8
7/27/1963,1.5731,7.8
7/28/1963,0.7521823076923077,7.8
7/29/1963,16.358846153846155,7.8
7/30/1963,14.240023076923077,7.8
7/31/1963,26.57130769230769,7.8
8/1/1963,10.332627692307693,7.8
8/2/1963,25.126638461538462,7.8
8/3/1963,0.14892415384615384,7.8
8/4/1963,4.980343076923076,7.8
8/5/1963,29.180084615384615,7.8
8/6/1963,5.534461538461538,7.8
8/7/1963,8.378392307692307,7.8
8/8/1963,5.975434615384615,7.8
8/9/1963,6.589238461538462,7.8
8/10/1963,7.2580269230769225,7.8
8/11/1963,53.82361538461537,7.8
8/12/1963,21.865392307692307,7.8
8/13/1963,0.6587024615384615,7.8
8/14/1963,2.5215423076923074,1.7
8/15/1963,0.3532526923076923,1.7
8/16/1963,4.408763076923076,1.7
8/17/1963,4.504814461538461,1.7
8/18/1963,34.65361538461539,1.7
8/19/1963,17.698099999999997,1.7
8/20/1963,20.804676923076922,1.7
8/21/1963,4.583909230769231,1.7
8/22/1963,4.978886153846153,1.7
8/23/1963,1.9485323076923078,1.7
8/24/1963,2.577356923076923,1.7
8/25/1963,0.37095884615384617,1.7
8/26/1963,17.1,1.7
8/27/1963,3.628136923076923,1.7
8/28/1963,56.90807692307692,1.7
8/29/1963,6.871361538461538,1.7
8/30/1963,1.7967961538461537,1.7
8/31/1963,20.788615384615387,1.7
9/1/1963,1.0497887692307695,1.7
9/2/1963,0.6061397692307692,1.7
9/3/1963,1.9467922307692307,1.7
9/4/1963,27.309538461538462,1.7
9/5/1963,17.9705,1.7
9/6/1963,34.828192307692305,1.7
9/7/1963,16.289076923076923,1
9/8/1963,4.408776923076923,1
9/9/1963,0.11342446153846154,1
9/10/1963,0.27276138461538463,1
9/11/1963,6.4765623076923085,1
9/12/1963,47.92484615384616,1
9/13/1963,99.89938461538462,1
9/14/1963,16.416876923076924,1
9/15/1963,2.104417769230769,1
9/16/1963,1.7952004615384616,1
9/17/1963,10.611249230769232,1
9/18/1963,17.73416153846154,1
9/19/1963,0.5223790769230768,1
9/20/1963,0.031936923,1
9/21/1963,2.88514,1
9/22/1963,0.43383576923076916,1
9/23/1963,3.5261569230769227,1
9/24/1963,0.8017872307692306,1
9/25/1963,0.253903,1
9/26/1963,1.6294353846153848,1
9/27/1963,1.0519200000000002,1
9/28/1963,12.612984615384615,1
9/29/1963,2.4053307692307695,1
9/30/1963,0.009223538,1
10/1/1963,0,0
10/2/1963,10.601423076923076,0
10/3/1963,11.790276923076924,0
10/4/1963,4.154023846153847,0
10/5/1963,9.194984615384614,0
10/6/1963,10.092053846153846,0
10/7/1963,0.015508153846153847,0
10/8/1963,1.4094475384615384,0
10/9/1963,0,0
10/10/1963,0,0
10/11/1963,0.6985276153846153,0
10/12/1963,6.636838461538462,0
10/13/1963,2.6245538461538462,0
10/14/1963,6.531815384615386,0
10/15/1963,0.10431784615384616,0
10/16/1963,15.130392307692306,0
10/17/1963,1.46782,0
10/18/1963,0.7978617692307691,0
10/19/1963,0,0
10/20/1963,0.030546615384615387,0
10/21/1963,13.412884615384616,0
10/22/1963,2.6988262307692303,0
10/23/1963,8.991069230769229,0
10/24/1963,11.241853846153846,0
10/25/1963,6.8968384615384615,0.5
10/26/1963,12.201284615384616,0.5
10/27/1963,15.597315384615388,0.5
10/28/1963,0.15185530769230765,0.5
10/29/1963,0,0.5
10/30/1963,0,0.5
10/31/1963,0,0.5
11/1/1963,0,0.5
11/2/1963,0,0.5
11/3/1963,0,0.5
11/4/1963,0,0.5
11/5/1963,0.045296769,0.5
11/6/1963,0.39230615384615386,0.5
11/7/1963,0,0.5
11/8/1963,0,0.5
11/9/1963,0,0.5
11/10/1963,0,0.5
11/11/1963,0,0.5
11/12/1963,0,0.5
11/13/1963,0,0.5
11/14/1963,0,0.5
11/15/1963,0,0.5
11/16/1963,0,0.5
11/17/1963,0,0.5
11/18/1963,0,0.2
11/19/1963,0,0.2
11/20/1963,0,0.2
11/21/1963,0,0.2
11/22/1963,0,0.2
11/23/1963,0,0.2
11/24/1963,0,0.2
11/25/1963,0,0.2
11/26/1963,0,0.2
11/27/1963,0,0.2
11/28/1963,0,0.2
11/29/1963,0,0.2
11/30/1963,0,0.2
12/1/1963,0,0.2
12/2/1963,0.11490284615384615,0.2
12/3/1963,0.060471769,0.2
12/4/1963,0,0.2
12/5/1963,0,0.2
12/6/1963,0,0.2
12/7/1963,0,0.2
12/8/1963,0,0.2
12/9/1963,0,0.2
12/10/1963,0,0.2
12/11/1963,0,0.2
12/12/1963,0,3
12/13/1963,0,3
12/14/1963,0,3
12/15/1963,0,3
12/16/1963,0,3
12/17/1963,0,3
12/18/1963,0,3
12/19/1963,0,3
12/20/1963,0,3
12/21/1963,0,3
12/22/1963,0,3
12/23/1963,0,3
12/24/1963,0,3
12/25/1963,0,3
12/26/1963,0,3
12/27/1963,0,3
12/28/1963,0,3
12/29/1963,0,3
12/30/1963,0,3
12/31/1963,0,3
1/1/1964,0,3
1/2/1964,0,3
1/3/1964,0,3
1/4/1964,0,3
1/5/1964,0,3.2
1/6/1964,0,3.2
1/7/1964,0,3.2
1/8/1964,0,3.2
1/9/1964,0,3.2
1/10/1964,0,3.2
1/11/1964,0,3.2
1/12/1964,0,3.2
1/13/1964,0,3.2
1/14/1964,0,3.2
1/15/1964,0,3.2
1/16/1964,0,3.2
1/17/1964,0,3.2
1/18/1964,0,3.2
1/19/1964,0,3.2
1/20/1964,0,3.2
1/21/1964,0,3.2
1/22/1964,0,3.2
1/23/1964,0,3.2
1/24/1964,0,3.2
1/25/1964,0,3.2
1/26/1964,0,3.2
1/27/1964,0,3.2
1/28/1964,0,3.2
1/29/1964,0,0.4
1/30/1964,0,0.4
1/31/1964,0,0.4
2/1/1964,0,0.4
2/2/1964,2.8123860000000005,0.4
2/3/1964,0.16454084615384618,0.4
2/4/1964,5.427461538461538,0.4
2/5/1964,11.41576923076923,0.4
2/6/1964,4.155214307692308,0.4
2/7/1964,0.006664077,0.4
2/8/1964,0,0.4
2/9/1964,0,0.4
2/10/1964,0,0.4
2/11/1964,0,0.4
2/12/1964,0.41831376923076924,0.4
2/13/1964,0,0.4
2/14/1964,0,0.4
2/15/1964,0,0.4
2/16/1964,0,0.4
2/17/1964,0,0.4
2/18/1964,0,0.4
2/19/1964,0,0.4
2/20/1964,0,0.4
2/21/1964,0,0.4
2/22/1964,0,0.4
2/23/1964,0,0.4
2/24/1964,0,0.4
2/25/1964,0.7157324615384616,0.4
2/26/1964,0,0.4
2/27/1964,6.825661538,0.4
2/28/1964,17.303815384615387,0.4
2/29/1964,0.010710769,0.4
3/1/1964,0,0.4
3/2/1964,1.7602030769230765,0.4
3/3/1964,0,0.4
3/4/1964,0,0.4
3/5/1964,0,0.4
3/6/1964,0,0.4
3/7/1964,0,0.4
3/8/1964,0,0.4
3/9/1964,0,0.4
3/10/1964,0,0.4
3/11/1964,0,0.4
3/12/1964,0,0.4
3/13/1964,0,0.4
3/14/1964,0,0.4
3/15/1964,0,0.4
3/16/1964,0,0.4
3/17/1964,0,13.6
3/18/1964,0,13.6
3/19/1964,0,13.6
3/20/1964,0,13.6
3/21/1964,5.648484615384614,13.6
3/22/1964,0,13.6
3/23/1964,0.3972907692307693,13.6
3/24/1964,0,13.6
3/25/1964,0,13.6
3/26/1964,0,13.6
3/27/1964,0,13.6
3/28/1964,0.6715723846153845,13.6
3/29/1964,0,13.6
3/30/1964,0,13.6
3/31/1964,0,13.6
4/1/1964,0.19545153846153845,13.6
4/2/1964,0.840806077,13.6
4/3/1964,0.12232353846153846,13.6
4/4/1964,0.077984692,13.6
4/5/1964,0,13.6
4/6/1964,0,13.6
4/7/1964,0,13.6
4/8/1964,0,13.6
4/9/1964,0,13.6
4/10/1964,0,22.4
4/11/1964,0.092560615,22.4
4/12/1964,0.6945238461538461,22.4
4/13/1964,0,22.4
4/14/1964,0,22.4
4/15/1964,0.20118384615384616,22.4
4/16/1964,0.3759242307692307,22.4
4/17/1964,0,22.4
4/18/1964,0,22.4
4/19/1964,0,22.4
4/20/1964,0,22.4
4/21/1964,0,22.4
4/22/1964,0,22.4
4/23/1964,0.12259330769230768,22.4
4/24/1964,3.311389923076923,22.4
4/25/1964,1.7519192307692308,22.4
4/26/1964,4.252613846153846,22.4
4/27/1964,5.259220769,22.4
4/28/1964,0.5493615384615385,22.4
4/29/1964,1.958594615384615,22.4
4/30/1964,0,22.4
5/1/1964,0,22.4
5/2/1964,0,22.4
5/3/1964,1.1926507692307693,22.4
5/4/1964,0,0.4
5/5/1964,0.22667338461538464,0.4
5/6/1964,0,0.4
5/7/1964,0,0.4
5/8/1964,0,0.4
5/9/1964,0,0.4
5/10/1964,0,0.4
5/11/1964,0.4654892307692308,0.4
5/12/1964,0.3174997692307692,0.4
5/13/1964,1.991803076923077,0.4
5/14/1964,3.806385384615384,0.4
5/15/1964,8.053149231,0.4
5/16/1964,0,0.4
5/17/1964,0,0.4
5/18/1964,0,0.4
5/19/1964,0,0.4
5/20/1964,0,0.4
5/21/1964,0,0.4
5/22/1964,1.4263361538461536,0.4
5/23/1964,3.633065692307692,0.4
5/24/1964,0.13853,0.4
5/25/1964,3.087957692307692,0.4
5/26/1964,1.2996969230769229,0.4
5/27/1964,0,0.4
5/28/1964,0,7.3
5/29/1964,0.7465503076923077,7.3
5/30/1964,5.588429230769232,7.3
5/31/1964,0,7.3
6/1/1964,2.7272615384615384,7.3
6/2/1964,0.8333469230769232,7.3
6/3/1964,0.1416363076923077,7.3
6/4/1964,5.069862307692308,7.3
6/5/1964,0,7.3
6/6/1964,0,7.3
6/7/1964,0.08672,7.3
6/8/1964,0,7.3
6/9/1964,0,7.3
6/10/1964,0.6000969230769231,7.3
6/11/1964,0.6146998461538462,7.3
6/12/1964,0.5039646153846153,7.3
6/13/1964,0.34950230769230767,7.3
6/14/1964,0.4071510769230769,7.3
6/15/1964,3.433073076923077,7.3
6/16/1964,0.509183,7.3
6/17/1964,2.3317053846153843,7.3
6/18/1964,1.9210401538461537,7.3
6/19/1964,6.406528461538463,7.3
6/20/1964,17.5659,7.3
6/21/1964,5.475376923076923,54.6
6/22/1964,5.593357692307691,54.6
6/23/1964,2.9432076923076926,54.6
6/24/1964,9.386823076923077,54.6
6/25/1964,1.2986584615384613,54.6
6/26/1964,11.040630769230772,54.6
6/27/1964,1.9552038461538461,54.6
6/28/1964,7.191976923076923,54.6
6/29/1964,0.9645038461538461,54.6
6/30/1964,6.064183076923078,54.6
7/1/1964,6.065690769,54.6
7/2/1964,9.052269231,54.6
7/3/1964,1.5290435384615386,54.6
7/4/1964,12.544846153846155,54.6
7/5/1964,38.51276923076922,54.6
7/6/1964,58.209846153846165,54.6
7/7/1964,3.3529753846153842,54.6
7/8/1964,0.33417969230769234,54.6
7/9/1964,8.213953846153846,54.6
7/10/1964,7.820684615384616,54.6
7/11/1964,34.75715384615384,54.6
7/12/1964,24.63492307692308,54.6
7/13/1964,17.549715384615386,54.6
7/14/1964,4.79791,54.6
7/15/1964,6.766210692307693,44.9
7/16/1964,12.795946153846156,44.9
7/17/1964,44.56907692307693,44.9
7/18/1964,29.717430769230766,44.9
7/19/1964,5.891893846153847,44.9
7/20/1964,20.62583846153846,44.9
7/21/1964,11.614169230769232,44.9
7/22/1964,6.308461538461537,44.9
7/23/1964,1.088460846153846,44.9
7/24/1964,10.139673846153848,44.9
7/25/1964,2.094013846153846,44.9
7/26/1964,1.0684792307692308,44.9
7/27/1964,1.4719569230769234,44.9
7/28/1964,0.5520523076923076,44.9
7/29/1964,7.160223076923075,44.9
7/30/1964,9.956484615384616,44.9
7/31/1964,4.6121307692307685,44.9
8/1/1964,21.370853846153846,44.9
8/2/1964,1.585203846153846,44.9
8/3/1964,2.4495376923076924,44.9
8/4/1964,3.4973933846153846,44.9
8/5/1964,11.978623076923075,44.9
8/6/1964,7.618692307692308,44.9
8/7/1964,21.92940769230769,44.9
8/8/1964,25.679569230769232,0
8/9/1964,23.62538461538461,0
8/10/1964,11.350438461538461,0
8/11/1964,11.661130769230768,0
8/12/1964,79.22284615384616,0
8/13/1964,19.324923076923078,0
8/14/1964,6.751733846153846,0
8/15/1964,24.441461538461535,0
8/16/1964,34.72338461538461,0
8/17/1964,27.709846153846154,0
8/18/1964,10.498861538461538,0
8/19/1964,1.4804484615384614,0
8/20/1964,2.5755900000000005,0
8/21/1964,6.651853076923077,0
8/22/1964,4.750676923076923,0
8/23/1964,10.992846153846152,0
8/24/1964,29.11307692307692,0
8/25/1964,18.986307692307694,0
8/26/1964,9.489807692307693,0
8/27/1964,6.112930769,0
8/28/1964,2.008288461538461,0
8/29/1964,3.4817730769230764,0
8/30/1964,1.8585846923076923,0
8/31/1964,11.998538461538459,0
9/1/1964,1.3061586153846154,0
9/2/1964,2.791673846153846,0
9/3/1964,5.924630769230769,0
9/4/1964,12.632315384615385,0
9/5/1964,27.51776923076923,0
9/6/1964,0.5738346153846153,0
9/7/1964,3.168555384615385,0
9/8/1964,15.374038461538463,0
9/9/1964,8.487084615384616,0
9/10/1964,10.039630769230769,0
9/11/1964,0.3832884615384616,0
9/12/1964,0,0
9/13/1964,0.004096308,0
9/14/1964,0,0
9/15/1964,0,0
9/16/1964,3.237992076923077,0
9/17/1964,4.879369231,0
9/18/1964,1.977323846153846,0
9/19/1964,9.835775384615385,0
9/20/1964,6.521253846153846,0
9/21/1964,3.1116753846153853,0
9/22/1964,7.665204615384615,0
9/23/1964,1.1536676923076923,0
9/24/1964,12.49466153846154,0
9/25/1964,29.675761538461533,0
9/26/1964,16.165761538461542,0
9/27/1964,0.5791661538461539,0
9/28/1964,0.2781570769230769,0
9/29/1964,4.629638461538462,0
9/30/1964,12.701300000000002,0
10/1/1964,1.8002792307692306,0
10/2/1964,0.4363670769230769,0
10/3/1964,0,0
10/4/1964,0,0
10/5/1964,0.2348523076923077,0
10/6/1964,8.532684615384616,0
10/7/1964,3.1760015384615388,0
10/8/1964,0.7794286153846154,0
10/9/1964,3.068510769230769,0
10/10/1964,0.8615095384615383,0
10/11/1964,8.783638462,0
10/12/1964,0.20252307692307692,0
10/13/1964,0,0
10/14/1964,4.586847692307692,0
10/15/1964,0,0
10/16/1964,4.481085384615385,0
10/17/1964,1.1406384615384615,0
10/18/1964,0,0
10/19/1964,1.2150069230769232,1.8
10/20/1964,11.981507692307693,1.8
10/21/1964,0.5654053846153846,1.8
10/22/1964,2.4255453846153845,1.8
10/23/1964,1.0323605384615384,1.8
10/24/1964,0,1.8
10/25/1964,0,1.8
10/26/1964,0,1.8
10/27/1964,0,1.8
10/28/1964,0,1.8
10/29/1964,0.20387076923076922,1.8
10/30/1964,1.2904529999999999,1.8
10/31/1964,0.2444686923076923,1.8
11/1/1964,0,1.8
11/2/1964,0,1.8
11/3/1964,0,1.8
11/4/1964,0,1.8
11/5/1964,0,1.8
11/6/1964,0,1.8
11/7/1964,0,1.8
11/8/1964,0,1.8
11/9/1964,0,1.8
11/10/1964,0,1.8
11/11/1964,0,1.8
11/12/1964,0,30.5
11/13/1964,0,30.5
11/14/1964,0,30.5
11/15/1964,0,30.5
11/16/1964,0,30.5
11/17/1964,0.44270153846153854,30.5
11/18/1964,0,30.5
11/19/1964,2.028974615384615,30.5
11/20/1964,0.006633692,30.5
11/21/1964,0.042263076923076924,30.5
11/22/1964,0,30.5
11/23/1964,0,30.5
11/24/1964,0,30.5
11/25/1964,0,30.5
11/26/1964,0,30.5
11/27/1964,0,30.5
11/28/1964,0,30.5
11/29/1964,0,30.5
11/30/1964,0,30.5
12/1/1964,0,30.5
12/2/1964,0,30.5
12/3/1964,0,30.5
12/4/1964,0,30.5
12/5/1964,0,30.5
12/6/1964,0,0.3
12/7/1964,0,0.3
12/8/1964,0,0.3
12/9/1964,0,0.3
12/10/1964,0,0.3
12/11/1964,0,0.3
12/12/1964,0,0.3
12/13/1964,0,0.3
12/14/1964,0,0.3
12/15/1964,0,0.3
12/16/1964,0,0.3
12/17/1964,0,0.3
12/18/1964,0,0.3
12/19/1964,0,0.3
12/20/1964,0,0.3
12/21/1964,0,0.3
12/22/1964,0,0.3
12/23/1964,0,0.3
12/24/1964,0,0.3
12/25/1964,0,0.3
12/26/1964,0,0.3
12/27/1964,0,0.3
12/28/1964,0,0.3
12/29/1964,0,0.3
12/30/1964,0,0
12/31/1964,0,0
1/1/1965,0,0
1/2/1965,0,0
1/3/1965,0,0
1/4/1965,0,0
1/5/1965,0.002354846,0
1/6/1965,12.76267692307692,0
1/7/1965,0.020310538,0
1/8/1965,3.5959538461538463,0
1/9/1965,0.8199938461538461,0
1/10/1965,0.044825000000000004,0
1/11/1965,0,0
1/12/1965,0,0
1/13/1965,0,0
1/14/1965,0,0
1/15/1965,0,0
1/16/1965,0,0
1/17/1965,0,0
1/18/1965,0,0
1/19/1965,0,0
1/20/1965,0,0
1/21/1965,0,0
1/22/1965,0,0
1/23/1965,0,31.5
1/24/1965,0,31.5
1/25/1965,0,31.5
1/26/1965,0,31.5
1/27/1965,0,31.5
1/28/1965,0,31.5
1/29/1965,0,31.5
1/30/1965,0,31.5
1/31/1965,0,31.5
2/1/1965,0,31.5
2/2/1965,0,31.5
2/3/1965,0,31.5
2/4/1965,0,31.5
2/5/1965,0,31.5
2/6/1965,0,31.5
2/7/1965,0.003538462,31.5
2/8/1965,7.928646153846155,31.5
2/9/1965,0,31.5
2/10/1965,0.1490923076923077,31.5
2/11/1965,0,31.5
2/12/1965,0,31.5
2/13/1965,0,31.5
2/14/1965,0,31.5
2/15/1965,0,31.5
2/16/1965,0,1.5
2/17/1965,0,1.5
2/18/1965,0,1.5
2/19/1965,0,1.5
2/20/1965,0,1.5
2/21/1965,7.883703076923076,1.5
2/22/1965,5.292653846153848,1.5
2/23/1965,0.1356446153846154,1.5
2/24/1965,6.874790769,1.5
2/25/1965,2.133802230769231,1.5
2/26/1965,0,1.5
2/27/1965,0,1.5
2/28/1965,0,1.5
3/1/1965,0,1.5
3/2/1965,0,1.5
3/3/1965,2.314153076923077,1.5
3/4/1965,0.42222723076923074,1.5
3/5/1965,0.002039923,1.5
3/6/1965,0,1.5
3/7/1965,0,1.5
3/8/1965,0,1.5
3/9/1965,0,1.5
3/10/1965,0,1.5
3/11/1965,0,1.5
3/12/1965,0,6.5
3/13/1965,0,6.5
3/14/1965,0,6.5
3/15/1965,0,6.5
3/16/1965,0,6.5
3/17/1965,0,6.5
3/18/1965,0,6.5
3/19/1965,0,6.5
3/20/1965,0,6.5
3/21/1965,0,6.5
3/22/1965,4.667323076923077,6.5
3/23/1965,0.17891284615384617,6.5
3/24/1965,2.533315384615385,6.5
3/25/1965,0,6.5
3/26/1965,0,6.5
3/27/1965,0,6.5
3/28/1965,0,6.5
3/29/1965,0,6.5
3/30/1965,1.5740742307692308,6.5
3/31/1965,22.491692307692308,6.5
4/1/1965,11.661707692307694,6.5
4/2/1965,0.7526893076923076,6.5
4/3/1965,34.73046153846154,6.5
4/4/1965,8.928392307692306,6.5
4/5/1965,0.026935384615384618,4.2
4/6/1965,0,4.2
4/7/1965,0,4.2
4/8/1965,0.046443462,4.2
4/9/1965,0,4.2
4/10/1965,0,4.2
4/11/1965,0,4.2
4/12/1965,0,4.2
4/13/1965,0,4.2
4/14/1965,0,4.2
4/15/1965,0.43915846153846155,4.2
4/16/1965,0.033785385,4.2
4/17/1965,0,4.2
4/18/1965,0,4.2
4/19/1965,0,4.2
4/20/1965,0,4.2
4/21/1965,0.899456923,4.2
4/22/1965,0,4.2
4/23/1965,0,4.2
4/24/1965,0.021142615384615385,4.2
4/25/1965,0,4.2
4/26/1965,0.19562130769230768,4.2
4/27/1965,0,4.2
4/28/1965,0.001969846,4.2
4/29/1965,0,5.1
4/30/1965,0,5.1
5/1/1965,0,5.1
5/2/1965,0,5.1
5/3/1965,0,5.1
5/4/1965,0.003283077,5.1
5/5/1965,0.029199231,5.1
5/6/1965,0.061973307692307696,5.1
5/7/1965,0.063734462,5.1
5/8/1965,0,5.1
5/9/1965,0,5.1
5/10/1965,1.4126892307692307,5.1
5/11/1965,0.039507153846153845,5.1
5/12/1965,0.048937385,5.1
5/13/1965,0.007059692,5.1
5/14/1965,0,5.1
5/15/1965,0,5.1
5/16/1965,1.9431416153846155,5.1
5/17/1965,0,5.1
5/18/1965,0,5.1
5/19/1965,0,5.1
5/20/1965,0.4347984615384616,5.1
5/21/1965,5.181324615384616,5.1
5/22/1965,0,5.1
5/23/1965,2.6271886923076924,6.4
5/24/1965,1.231123076923077,6.4
5/25/1965,0.062997615,6.4
5/26/1965,18.238661538461535,6.4
5/27/1965,0.4717076923076924,6.4
5/28/1965,0,6.4
5/29/1965,0,6.4
5/30/1965,0,6.4
5/31/1965,0,6.4
6/1/1965,0,6.4
6/2/1965,0,6.4
6/3/1965,0,6.4
6/4/1965,4.407855153846153,6.4
6/5/1965,0,6.4
6/6/1965,0,6.4
6/7/1965,4.856877692307692,6.4
6/8/1965,7.999353846153846,6.4
6/9/1965,0,6.4
6/10/1965,0.008738462,6.4
6/11/1965,0.057343077,6.4
6/12/1965,0,6.4
6/13/1965,0.003711538,6.4
6/14/1965,0.019538462,6.4
6/15/1965,0.064530846,6.4
6/16/1965,0,24.9
6/17/1965,0.081013923,24.9
6/18/1965,0.23132576923076925,24.9
6/19/1965,0.36756161538461546,24.9
6/20/1965,4.245311538461538,24.9
6/21/1965,0.3564617692307692,24.9
6/22/1965,5.126890769230769,24.9
6/23/1965,0.039056462,24.9
6/24/1965,18.448723076923077,24.9
6/25/1965,2.721732769230769,24.9
6/26/1965,17.011153846153846,24.9
6/27/1965,7.419699230769231,24.9
6/28/1965,13.15573076923077,24.9
6/29/1965,26.363607692307692,24.9
6/30/1965,0.017013846153846154,24.9
7/1/1965,0.1157346153846154,24.9
7/2/1965,0,24.9
7/3/1965,0,24.9
7/4/1965,5.593241538461539,24.9
7/5/1965,12.312223076923079,24.9
7/6/1965,3.622984615384615,24.9
7/7/1965,0,24.9
7/8/1965,0.52225,24.9
7/9/1965,4.680869230769232,24.9
7/10/1965,1.2340307692307693,4.2
7/11/1965,0.095053692,4.2
7/12/1965,0.064197154,4.2
7/13/1965,28.38769230769231,4.2
7/14/1965,13.445099999999998,4.2
7/15/1965,18.193707692307694,4.2
7/16/1965,8.786238461538462,4.2
7/17/1965,11.504615384615384,4.2
7/18/1965,1.2334626153846153,4.2
7/19/1965,3.6254276923076914,4.2
7/20/1965,91.57153846153845,4.2
7/21/1965,44.779923076923076,4.2
7/22/1965,2.400962307692308,4.2
7/23/1965,14.558338461538463,4.2
7/24/1965,3.4336300000000004,4.2
7/25/1965,16.608692307692305,4.2
7/26/1965,6.765611538461538,4.2
7/27/1965,45.098984615384616,4.2
7/28/1965,56.15038461538461,4.2
7/29/1965,46.70846153846154,4.2
7/30/1965,8.410761538,4.2
7/31/1965,0.078233769,4.2
8/1/1965,0.091991231,4.2
8/2/1965,1.6503625384615384,4.2
8/3/1965,0.1972726923076923,5.6
8/4/1965,1.8455976923076922,5.6
8/5/1965,3.6707600000000005,5.6
8/6/1965,1.7563999999999997,5.6
8/7/1965,0.28250176923076925,5.6
8/8/1965,0.14824246153846155,5.6
8/9/1965,1.017947923076923,5.6
8/10/1965,0.11585776923076924,5.6
8/11/1965,2.589026153846154,5.6
8/12/1965,10.356707692307692,5.6
8/13/1965,4.133232307692308,5.6
8/14/1965,1.5649034615384614,5.6
8/15/1965,1.6781807692307693,5.6
8/16/1965,11.480430769230768,5.6
8/17/1965,2.1839392307692305,5.6
8/18/1965,7.909448461538461,5.6
8/19/1965,5.373438461538461,5.6
8/20/1965,4.054946153846155,5.6
8/21/1965,0.039056462,5.6
8/22/1965,0.004437462,5.6
8/23/1965,1.6513290769230768,5.6
8/24/1965,2.707330769230769,5.6
8/25/1965,42.83876923076923,5.6
8/26/1965,14.690776923076923,5.6
8/27/1965,0.048701615384615385,3.4
8/28/1965,15.901717692307695,3.4
8/29/1965,1.128483153846154,3.4
8/30/1965,2.2641999999999998,3.4
8/31/1965,4.390587692307692,3.4
9/1/1965,6.018684615384615,3.4
9/2/1965,25.313076923076924,3.4
9/3/1965,8.561261538,3.4
9/4/1965,9.908295384615384,3.4
9/5/1965,2.0506348461538457,3.4
9/6/1965,6.048976923076923,3.4
9/7/1965,31.056384615384616,3.4
9/8/1965,4.372815384615384,3.4
9/9/1965,2.858452307692308,3.4
9/10/1965,2.6793153846153848,3.4
9/11/1965,0.1629163076923077,3.4
9/12/1965,0.079289923,3.4
9/13/1965,0,3.4
9/14/1965,0,3.4
9/15/1965,2.6481276923076917,3.4
9/16/1965,2.888386153846154,3.4
9/17/1965,10.669106153846155,3.4
9/18/1965,5.630480846153848,3.4
9/19/1965,1.7794730769230769,3.4
9/20/1965,8.907407692,0
9/21/1965,25.56753846153846,0
9/22/1965,4.793007692307692,0
9/23/1965,21.693153846153844,0
9/24/1965,16.808261538461537,0
9/25/1965,3.878453076923077,0
9/26/1965,0,0
9/27/1965,0,0
9/28/1965,0.12946153846153846,0
9/29/1965,0.639455077,0
9/30/1965,6.528699461538462,0
10/1/1965,21.183461538461536,0
10/2/1965,0.01856,0
10/3/1965,0,0
10/4/1965,0.027963384615384616,0
10/5/1965,0,0
10/6/1965,0,0
10/7/1965,0,0
10/8/1965,0.032097692,0
10/9/1965,1.2665164615384616,0
10/10/1965,0,0
10/11/1965,1.4890284615384615,0
10/12/1965,0.006723538,0
10/13/1965,0,0
10/14/1965,0,3.7
10/15/1965,0.23053815384615384,3.7
10/16/1965,0,3.7
10/17/1965,0.002496769,3.7
10/18/1965,1.878106153846154,3.7
10/19/1965,4.553392307692308,3.7
10/20/1965,6.6810307692307696,3.7
10/21/1965,10.098693076923077,3.7
10/22/1965,7.502484615384616,3.7
10/23/1965,0.087202154,3.7
10/24/1965,0,3.7
10/25/1965,0,3.7
10/26/1965,0,3.7
10/27/1965,0,3.7
10/28/1965,0,3.7
10/29/1965,0,3.7
10/30/1965,0,3.7
10/31/1965,0,3.7
11/1/1965,0,3.7
11/2/1965,0,3.7
11/3/1965,0,3.7
11/4/1965,0,3.7
11/5/1965,0,3.7
11/6/1965,0,3.7
11/7/1965,0,1.5
11/8/1965,0,1.5
11/9/1965,0,1.5
11/10/1965,0,1.5
11/11/1965,0,1.5
11/12/1965,0,1.5
11/13/1965,0,1.5
11/14/1965,0,1.5
11/15/1965,0,1.5
11/16/1965,0,1.5
11/17/1965,0,1.5
11/18/1965,0,1.5
11/19/1965,0,1.5
11/20/1965,0,1.5
11/21/1965,0,1.5
11/22/1965,0,1.5
11/23/1965,0,1.5
11/24/1965,0.041286923,1.5
11/25/1965,0.12979123076923077,1.5
11/26/1965,0,1.5
11/27/1965,0.009974615,1.5
11/28/1965,0,1.5
11/29/1965,0,1.5
11/30/1965,0,1.5
12/1/1965,0,16.2
12/2/1965,0,16.2
12/3/1965,0,16.2
12/4/1965,0,16.2
12/5/1965,0,16.2
12/6/1965,0,16.2
12/7/1965,0,16.2
12/8/1965,0,16.2
12/9/1965,0,16.2
12/10/1965,0,16.2
12/11/1965,0,16.2
12/12/1965,0,16.2
12/13/1965,0,16.2
12/14/1965,0,16.2
12/15/1965,0.003328077,16.2
12/16/1965,0,16.2
12/17/1965,0,16.2
12/18/1965,0.099502231,16.2
12/19/1965,0.003328077,16.2
12/20/1965,0,16.2
12/21/1965,0,16.2
12/22/1965,0,16.2
12/23/1965,0,16.2
12/24/1965,0,16.2
12/25/1965,0,13.2
12/26/1965,0,13.2
12/27/1965,0,13.2
12/28/1965,0,13.2
12/29/1965,0,13.2
12/30/1965,0,13.2
12/31/1965,0,13.2
1/1/1966,0,13.2
1/2/1966,0,13.2
1/3/1966,0.083473538,13.2
1/4/1966,6.387907692307692,13.2
1/5/1966,11.877461538461539,13.2
1/6/1966,0.032100385,13.2
1/7/1966,0,13.2
1/8/1966,0,13.2
1/9/1966,0,13.2
1/10/1966,0,13.2
1/11/1966,0,13.2
1/12/1966,0.003933,13.2
1/13/1966,3.8033692307692304,13.2
1/14/1966,3.3874615384615385,13.2
1/15/1966,0,13.2
1/16/1966,0,13.2
1/17/1966,0,13.2
1/18/1966,0,0
1/19/1966,0,0
1/20/1966,0,0
1/21/1966,0,0
1/22/1966,0,0
1/23/1966,0,0
1/24/1966,0,0
1/25/1966,0,0
1/26/1966,0,0
1/27/1966,0,0
1/28/1966,3.761423076923076,0
1/29/1966,5.288561230769231,0
1/30/1966,2.8806869230769228,0
1/31/1966,3.4721784615384617,0
2/1/1966,0,0
2/2/1966,0,0
2/3/1966,0,0
2/4/1966,0,0
2/5/1966,0,0
2/6/1966,0,0
2/7/1966,0,0
2/8/1966,0,0
2/9/1966,0,0
2/10/1966,0,0
2/11/1966,0,0.1
2/12/1966,0,0.1
2/13/1966,0,0.1
2/14/1966,0,0.1
2/15/1966,0,0.1
2/16/1966,0,0.1
2/17/1966,0,0.1
2/18/1966,0,0.1
2/19/1966,0.9030946153846153,0.1
2/20/1966,0,0.1
2/21/1966,0,0.1
2/22/1966,0,0.1
2/23/1966,0,0.1
2/24/1966,0,0.1
2/25/1966,0,0.1
2/26/1966,0,0.1
2/27/1966,0,0.1
2/28/1966,0,0.1
3/1/1966,0,0.1
3/2/1966,0,0.1
3/3/1966,0,0.1
3/4/1966,0,0.1
3/5/1966,0,0.1
3/6/1966,0,0.1
3/7/1966,0,0.1
3/8/1966,0,0.1
3/9/1966,0,0.1
3/10/1966,0,0.1
3/11/1966,0,0.1
3/12/1966,0,0.1
3/13/1966,0.080011462,0.1
3/14/1966,0.013104615384615383,0.1
3/15/1966,0,0.1
3/16/1966,0,0.1
3/17/1966,0,0.1
3/18/1966,0,0.1
3/19/1966,0,0.1
3/20/1966,0,0.1
3/21/1966,0,0.1
3/22/1966,0,0.1
3/23/1966,0,0.1
3/24/1966,0,0.1
3/25/1966,0,0.1
3/26/1966,0,0.1
3/27/1966,0,0.1
3/28/1966,0,0.1
3/29/1966,0,0.1
3/30/1966,0,0.1
3/31/1966,0,22.8
4/1/1966,0,22.8
4/2/1966,0,22.8
4/3/1966,0,22.8
4/4/1966,0,22.8
4/5/1966,0,22.8
4/6/1966,0,22.8
4/7/1966,0.080011462,22.8
4/8/1966,1.6309076923076922,22.8
4/9/1966,5.920746153846155,22.8
4/10/1966,0.056092923076923075,22.8
4/11/1966,5.217583846153848,22.8
4/12/1966,0.5988166153846154,22.8
4/13/1966,0.11770569230769232,22.8
4/14/1966,0.080011462,22.8
4/15/1966,0,22.8
4/16/1966,0,22.8
4/17/1966,0.002218769,22.8
4/18/1966,0.9345915384615383,22.8
4/19/1966,0.088012308,22.8
4/20/1966,0.89806,22.8
4/21/1966,0.12693076923076924,22.8
4/22/1966,0,22.8
4/23/1966,0.020270000000000003,22.8
4/24/1966,0,3.3
4/25/1966,0,3.3
4/26/1966,0,3.3
4/27/1966,0,3.3
4/28/1966,0,3.3
4/29/1966,0,3.3
4/30/1966,0,3.3
5/1/1966,0.004591692,3.3
5/2/1966,0,3.3
5/3/1966,0.009359692,3.3
5/4/1966,5.292617692307692,3.3
5/5/1966,0,3.3
5/6/1966,3.643903076923077,3.3
5/7/1966,9.293661538461537,3.3
5/8/1966,0.8956884615384616,3.3
5/9/1966,0,3.3
5/10/1966,0,3.3
5/11/1966,0,3.3
5/12/1966,0,3.3
5/13/1966,0,3.3
5/14/1966,0,3.3
5/15/1966,0,3.3
5/16/1966,0,3.3
5/17/1966,0.006991077,3.3
5/18/1966,0,10.1
5/19/1966,0.004244462,10.1
5/20/1966,0,10.1
5/21/1966,0.053076077,10.1
5/22/1966,0.010111538461538462,10.1
5/23/1966,0,10.1
5/24/1966,0,10.1
5/25/1966,0.014980769230769232,10.1
5/26/1966,0.013482307692307693,10.1
5/27/1966,0,10.1
5/28/1966,0.080516846,10.1
5/29/1966,0.028770230769230774,10.1
5/30/1966,0.002746385,10.1
5/31/1966,0.4124611538461539,10.1
6/1/1966,0.069643462,10.1
6/2/1966,0,10.1
6/3/1966,4.100380769230769,10.1
6/4/1966,1.1621161538461542,10.1
6/5/1966,9.809986923076924,10.1
6/6/1966,0.020969384615384615,10.1
6/7/1966,0,10.1
6/8/1966,0.38269284615384613,10.1
6/9/1966,0.019515846153846154,10.1
6/10/1966,0.030037462,10.1
6/11/1966,0,0.1
6/12/1966,0.2400276153846154,0.1
6/13/1966,0.054802308,0.1
6/14/1966,2.6141746153846155,0.1
6/15/1966,3.498988461538462,0.1
6/16/1966,5.654276923076923,0.1
6/17/1966,9.312007692307693,0.1
6/18/1966,0.6405287692307693,0.1
6/19/1966,20.81976923076923,0.1
6/20/1966,20.35152307692308,0.1
6/21/1966,18.65007692307692,0.1
6/22/1966,2.1818076923076926,0.1
6/23/1966,0.399129077,0.1
6/24/1966,6.014463846153846,0.1
6/25/1966,29.802307692307693,0.1
6/26/1966,24.65061538461538,0.1
6/27/1966,28.48674615384616,0.1
6/28/1966,11.059976923076922,0.1
6/29/1966,17.454407692307694,0.1
6/30/1966,3.795506923076923,0.1
7/1/1966,12.374492307692305,0.1
7/2/1966,13.821053846153847,0.1
7/3/1966,2.2326453846153846,0.1
7/4/1966,1.949433846153846,0.1
7/5/1966,0.6384262307692309,0
7/6/1966,0.20690861538461539,0
7/7/1966,0.27106584615384616,0
7/8/1966,2.4241584615384615,0
7/9/1966,15.88836923076923,0
7/10/1966,3.465873230769231,0
7/11/1966,2.207725384615385,0
7/12/1966,0.044787692307692306,0
7/13/1966,2.716007692307692,0
7/14/1966,9.227815384615385,0
7/15/1966,17.126869230769227,0
7/16/1966,11.432364615384616,0
7/17/1966,9.562730769,0
7/18/1966,23.11007692307692,0
7/19/1966,28.96461538461538,0
7/20/1966,8.785915384615386,0
7/21/1966,11.633353846153845,0
7/22/1966,31.394384615384613,0
7/23/1966,24.87146153846154,0
7/24/1966,2.7702384615384616,0
7/25/1966,1.232839384615385,0
7/26/1966,0.20276576923076928,0
7/27/1966,8.862038461538463,0
7/28/1966,25.773384615384614,0
7/29/1966,37.35569230769231,0.2
7/30/1966,49.29969230769231,0.2
7/31/1966,31.385600000000004,0.2
8/1/1966,0.9221444615384617,0.2
8/2/1966,9.34354,0.2
8/3/1966,5.735236923076924,0.2
8/4/1966,10.50220769230769,0.2
8/5/1966,0.6423010769230769,0.2
8/6/1966,4.9470769230769225,0.2
8/7/1966,2.648953846153846,0.2
8/8/1966,2.942864615384615,0.2
8/9/1966,1.6868969230769233,0.2
8/10/1966,4.012177692307692,0.2
8/11/1966,3.296085692307692,0.2
8/12/1966,2.709803076923077,0.2
8/13/1966,0.3767730769230769,0.2
8/14/1966,1.3963992307692306,0.2
8/15/1966,11.014653846153845,0.2
8/16/1966,2.250384615384615,0.2
8/17/1966,2.3621861538461535,0.2
8/18/1966,12.484076923076923,0.2
8/19/1966,15.308415384615383,0.2
8/20/1966,34.721361538461544,0.2
8/21/1966,8.4344,0.2
8/22/1966,3.720007307692308,0.8
8/23/1966,8.131792307692306,0.8
8/24/1966,1.4291971538461539,0.8
8/25/1966,1.6832861538461543,0.8
8/26/1966,2.4377846153846154,0.8
8/27/1966,0.049767692307692304,0.8
8/28/1966,0.00928,0.8
8/29/1966,0.014646307692307693,0.8
8/30/1966,0,0.8
8/31/1966,0.6417985384615383,0.8
9/1/1966,5.935207692307691,0.8
9/2/1966,0.5891870769230769,0.8
9/3/1966,4.571523076923076,0.8
9/4/1966,36.89592307692308,0.8
9/5/1966,22.79238461538461,0.8
9/6/1966,2.5463853846153843,0.8
9/7/1966,0.9322846153846154,0.8
9/8/1966,1.61749,0.8
9/9/1966,2.139029230769231,0.8
9/10/1966,0.13882276923076922,0.8
9/11/1966,3.571807692307692,0.8
9/12/1966,4.8860333076923075,0.8
9/13/1966,3.73344,0.8
9/14/1966,0.43967230769230764,0.8
9/15/1966,0,3.6
9/16/1966,0,3.6
9/17/1966,0,3.6
9/18/1966,2.258298846153846,3.6
9/19/1966,2.054773846153846,3.6
9/20/1966,0.047653846,3.6
9/21/1966,0.080011462,3.6
9/22/1966,0,3.6
9/23/1966,0.059625230769230764,3.6
9/24/1966,2.1792800000000003,3.6
9/25/1966,0.3542869230769231,3.6
9/26/1966,9.357879999999998,3.6
9/27/1966,5.1058853846153855,3.6
9/28/1966,0,3.6
9/29/1966,0,3.6
9/30/1966,0,3.6
10/1/1966,0.029540231,3.6
10/2/1966,2.747650769230769,3.6
10/3/1966,0,3.6
10/4/1966,0,3.6
10/5/1966,0,3.6
10/6/1966,1.3789223076923078,3.6
10/7/1966,0.040171077,3.6
10/8/1966,0,3.6
10/9/1966,0.521133,0
10/10/1966,0.004596308,0
10/11/1966,0,0
10/12/1966,0.3120247692307692,0
10/13/1966,1.222793769230769,0
10/14/1966,5.414038461538461,0
10/15/1966,2.4935384615384617,0
10/16/1966,19.700384615384618,0
10/17/1966,0.28198515384615386,0
10/18/1966,0.011468461538461538,0
10/19/1966,0,0
10/20/1966,0,0
10/21/1966,0,0
10/22/1966,0,0
10/23/1966,0,0
10/24/1966,0,0
10/25/1966,0,0
10/26/1966,0,0
10/27/1966,0.050888461538461535,0
10/28/1966,0,0
10/29/1966,0,0
10/30/1966,0,0
10/31/1966,0,0
11/1/1966,0,0
11/2/1966,0,46.2
11/3/1966,0,46.2
11/4/1966,0,46.2
11/5/1966,0,46.2
11/6/1966,0,46.2
11/7/1966,0,46.2
11/8/1966,0,46.2
11/9/1966,0,46.2
11/10/1966,0,46.2
11/11/1966,0,46.2
11/12/1966,0,46.2
11/13/1966,0,46.2
11/14/1966,0,46.2
11/15/1966,0,46.2
11/16/1966,0,46.2
11/17/1966,0,46.2
11/18/1966,0.13804,46.2
11/19/1966,0,46.2
11/20/1966,0.083355231,46.2
11/21/1966,3.485430769230769,46.2
11/22/1966,0.8526065384615387,46.2
11/23/1966,32.51815384615385,46.2
11/24/1966,6.256253846153845,46.2
11/25/1966,0.089617462,46.2
11/26/1966,0.2179869230769231,17.6
11/27/1966,0,17.6
11/28/1966,0,17.6
11/29/1966,0.030965384615384617,17.6
11/30/1966,0.12493115384615384,17.6
12/1/1966,0,17.6
12/2/1966,5.2627999999999995,17.6
12/3/1966,1.1850847692307693,17.6
12/4/1966,0,17.6
12/5/1966,0,17.6
12/6/1966,0,17.6
12/7/1966,0,17.6
12/8/1966,0,17.6
12/9/1966,0,17.6
12/10/1966,0,17.6
12/11/1966,0,17.6
12/12/1966,0,17.6
12/13/1966,0,17.6
12/14/1966,0,17.6
12/15/1966,0,17.6
12/16/1966,0,17.6
12/17/1966,0,17.6
12/18/1966,0,17.6
12/19/1966,0,17.6
12/20/1966,0,0.4
12/21/1966,0,0.4
12/22/1966,0,0.4
12/23/1966,0,0.4
12/24/1966,0,0.4
12/25/1966,0,0.4
12/26/1966,0,0.4
12/27/1966,0,0.4
12/28/1966,0,0.4
12/29/1966,0,0.4
12/30/1966,0,0.4
12/31/1966,0,0.4
1/1/1967,0,0.4
1/2/1967,0,0.4
1/3/1967,0,0.4
1/4/1967,0,0.4
1/5/1967,0,0.4
1/6/1967,0,0.4
1/7/1967,5.095361538461538,0.4
1/8/1967,12.861792307692307,0.4
1/9/1967,4.678645384615385,0.4
1/10/1967,4.411146153846153,0.4
1/11/1967,11.571500000000002,0.4
1/12/1967,0.13594461538461539,0.4
1/13/1967,0.6616013846153848,1.1
1/14/1967,0.014229538461538462,1.1
1/15/1967,0,1.1
1/16/1967,0.10988461538461539,1.1
1/17/1967,0,1.1
1/18/1967,1.3854107692307691,1.1
1/19/1967,2.7076000000000002,1.1
1/20/1967,0.068986154,1.1
1/21/1967,0.10971407692307694,1.1
1/22/1967,0.062694308,1.1
1/23/1967,2.366746153846154,1.1
1/24/1967,3.0708969230769227,1.1
1/25/1967,2.4740346153846153,1.1
1/26/1967,0,1.1
1/27/1967,0,1.1
1/28/1967,0,1.1
1/29/1967,0,1.1
1/30/1967,0,1.1
1/31/1967,0,1.1
2/1/1967,0,1.1
2/2/1967,0,1.1
2/3/1967,0,1.1
2/4/1967,0,1.1
2/5/1967,0,1.1
2/6/1967,0,0.3
2/7/1967,0,0.3
2/8/1967,0,0.3
2/9/1967,0,0.3
2/10/1967,0,0.3
2/11/1967,0,0.3
2/12/1967,0,0.3
2/13/1967,0,0.3
2/14/1967,0,0.3
2/15/1967,0,0.3
2/16/1967,0,0.3
2/17/1967,0,0.3
2/18/1967,0,0.3
2/19/1967,0,0.3
2/20/1967,0,0.3
2/21/1967,0,0.3
2/22/1967,0,0.3
2/23/1967,0,0.3
2/24/1967,0,0.3
2/25/1967,0,0.3
2/26/1967,0,0.3
2/27/1967,0,0.3
2/28/1967,0,0.3
3/1/1967,0,0.3
3/2/1967,0,0.1
3/3/1967,0,0.1
3/4/1967,0,0.1
3/5/1967,0,0.1
3/6/1967,0,0.1
3/7/1967,0,0.1
3/8/1967,0,0.1
3/9/1967,0,0.1
3/10/1967,0,0.1
3/11/1967,0.4268664615384616,0.1
3/12/1967,0,0.1
3/13/1967,0,0.1
3/14/1967,0.32516030769230764,0.1
3/15/1967,0.11788938461538462,0.1
3/16/1967,0.16900615384615386,0.1
3/17/1967,2.7314684615384617,0.1
3/18/1967,8.177053846153846,0.1
3/19/1967,6.565587692307692,0.1
3/20/1967,3.709144615384616,0.1
3/21/1967,3.2114307692307693,0.1
3/22/1967,1.8253953076923077,0.1
3/23/1967,7.608930000000001,0.1
3/24/1967,35.111615384615384,0.1
3/25/1967,1.2010690769230772,0.1
3/26/1967,0.036189846153846156,1.3
3/27/1967,0.38893276923076925,1.3
3/28/1967,5.750923076923076,1.3
3/29/1967,0.36045815384615393,1.3
3/30/1967,0.5178115384615385,1.3
3/31/1967,0.4799709230769231,1.3
4/1/1967,0,1.3
4/2/1967,0,1.3
4/3/1967,0,1.3
4/4/1967,0,1.3
4/5/1967,0,1.3
4/6/1967,0,1.3
4/7/1967,0.6505446153846155,1.3
4/8/1967,2.2405876923076926,1.3
4/9/1967,8.987422307692308,1.3
4/10/1967,0,1.3
4/11/1967,0,1.3
4/12/1967,0,1.3
4/13/1967,0,1.3
4/14/1967,0,1.3
4/15/1967,0,1.3
4/16/1967,0,1.3
4/17/1967,0,1.3
4/18/1967,0,1.3
4/19/1967,0,0.8
4/20/1967,0.3985607692307693,0.8
4/21/1967,0,0.8
4/22/1967,7.200974615384616,0.8
4/23/1967,0.2317843076923077,0.8
4/24/1967,0.698795077,0.8
4/25/1967,8.240661538,0.8
4/26/1967,10.109823076923076,0.8
4/27/1967,0.020344615384615385,0.8
4/28/1967,0.15903569230769232,0.8
4/29/1967,1.8311533076923077,0.8
4/30/1967,0.28110846153846153,0.8
5/1/1967,1.5081661538461537,0.8
5/2/1967,0,0.8
5/3/1967,0,0.8
5/4/1967,0,0.8
5/5/1967,0,0.8
5/6/1967,0.5223264615384615,0.8
5/7/1967,0.2506116923076923,0.8
5/8/1967,0,0.8
5/9/1967,0,0.8
5/10/1967,0,0.8
5/11/1967,0,0.8
5/12/1967,0,0.8
5/13/1967,0.17801538461538463,12.7
5/14/1967,0.3963115384615384,12.7
5/15/1967,0.044249231,12.7
5/16/1967,13.07404846153846,12.7
5/17/1967,0.038560769,12.7
5/18/1967,2.7302707692307697,12.7
5/19/1967,0,12.7
5/20/1967,0,12.7
5/21/1967,0,12.7
5/22/1967,0.007533154,12.7
5/23/1967,0.624943077,12.7
5/24/1967,0,12.7
5/25/1967,3.1048823076923076,12.7
5/26/1967,0,12.7
5/27/1967,0,12.7
5/28/1967,0,12.7
5/29/1967,0,12.7
5/30/1967,0,12.7
5/31/1967,0,12.7
6/1/1967,0,12.7
6/2/1967,0,12.7
6/3/1967,0,12.7
6/4/1967,0,12.7
6/5/1967,0,12.7
6/6/1967,0,0.8
6/7/1967,0,0.8
6/8/1967,0,0.8
6/9/1967,0,0.8
6/10/1967,0.4896846923076923,0.8
6/11/1967,0.012043769230769231,0.8
6/12/1967,0,0.8
6/13/1967,6.830753846153845,0.8
6/14/1967,2.2325506923076923,0.8
6/15/1967,0,0.8
6/16/1967,9.368523076923077,0.8
6/17/1967,7.060216923076923,0.8
6/18/1967,3.634956923076923,0.8
6/19/1967,9.788667692307692,0.8
6/20/1967,4.138423076923077,0.8
6/21/1967,18.65192307692308,0.8
6/22/1967,23.786307692307695,0.8
6/23/1967,5.874972307692308,0.8
6/24/1967,10.181023076923076,0.8
6/25/1967,7.153369231,0.8
6/26/1967,1.9718092307692308,0.8
6/27/1967,2.666055384615384,0.8
6/28/1967,0.072691538,0.8
6/29/1967,18.636276923076924,0.8
6/30/1967,59.84,2.8
7/1/1967,35.97623076923077,2.8
7/2/1967,6.902592307692307,2.8
7/3/1967,3.6941606923076926,2.8
7/4/1967,7.5717923076923075,2.8
7/5/1967,8.990192307692308,2.8
7/6/1967,2.787070769230769,2.8
7/7/1967,9.177476923076924,2.8
7/8/1967,9.306523076923078,2.8
7/9/1967,7.607676923076923,2.8
7/10/1967,4.741563076923077,2.8
7/11/1967,0.22436323076923073,2.8
7/12/1967,0.6938076923076923,2.8
7/13/1967,1.482000769230769,2.8
7/14/1967,0.21855115384615387,2.8
7/15/1967,3.1614258461538465,2.8
7/16/1967,11.589335384615385,2.8
7/17/1967,2.3945584615384616,2.8
7/18/1967,15.109853846153843,2.8
7/19/1967,10.078346153846155,2.8
7/20/1967,4.744176923076923,2.8
7/21/1967,4.8073538461538465,2.8
7/22/1967,0.8213546153846155,2.8
7/23/1967,0.34547938461538463,2.8
7/24/1967,1.6936007692307693,0.1
7/25/1967,6.422048461538461,0.1
7/26/1967,23.49233076923077,0.1
7/27/1967,39.264153846153846,0.1
7/28/1967,46.71723076923077,0.1
7/29/1967,10.451784615384618,0.1
7/30/1967,5.179582307692309,0.1
7/31/1967,19.497084615384615,0.1
8/1/1967,28.274869230769237,0.1
8/2/1967,18.835315384615384,0.1
8/3/1967,36.43330769230769,0.1
8/4/1967,6.732092307692308,0.1
8/5/1967,2.4872938461538463,0.1
8/6/1967,7.275863076923077,0.1
8/7/1967,15.381413846153844,0.1
8/8/1967,2.9077992307692306,0.1
8/9/1967,3.08635,0.1
8/10/1967,4.9508969230769235,0.1
8/11/1967,8.426876923076923,0.1
8/12/1967,25.45673076923077,0.1
8/13/1967,4.082975384615384,0.1
8/14/1967,2.8180384615384613,0.1
8/15/1967,1.2063062307692305,0.1
8/16/1967,4.290326461538462,0.1
8/17/1967,12.696332307692309,0.4
8/18/1967,30.337923076923076,0.4
8/19/1967,14.222992307692305,0.4
8/20/1967,27.500984615384613,0.4
8/21/1967,17.477300000000003,0.4
8/22/1967,5.409136923076923,0.4
8/23/1967,4.189491538461539,0.4
8/24/1967,5.362174615384617,0.4
8/25/1967,1.7776769230769227,0.4
8/26/1967,2.588609230769231,0.4
8/27/1967,2.726933076923077,0.4
8/28/1967,3.3927492307692306,0.4
8/29/1967,18.2027,0.4
8/30/1967,14.896446153846153,0.4
8/31/1967,7.717074615384616,0.4
9/1/1967,15.393638461538462,0.4
9/2/1967,3.8377261538461536,0.4
9/3/1967,3.7565423076923077,0.4
9/4/1967,4.231544076923077,0.4
9/5/1967,5.1644461538461535,0.4
9/6/1967,1.2557815384615385,0.4
9/7/1967,0.097914615,0.4
9/8/1967,0,0.4
9/9/1967,0,0.4
9/10/1967,4.445553846153846,21
9/11/1967,5.401330769230769,21
9/12/1967,42.102738461538465,21
9/13/1967,15.920392307692307,21
9/14/1967,3.3425438461538457,21
9/15/1967,5.6221999999999985,21
9/16/1967,12.604538461538462,21
9/17/1967,5.582461538461539,21
9/18/1967,1.0345638461538462,21
9/19/1967,2.01301,21
9/20/1967,7.804923076923076,21
9/21/1967,4.435910000000001,21
9/22/1967,4.527494923076923,21
9/23/1967,0.6959873076923075,21
9/24/1967,4.165499231,21
9/25/1967,1.0180136923076923,21
9/26/1967,0.865471154,21
9/27/1967,9.762223076923076,21
9/28/1967,10.957746153846152,21
9/29/1967,5.599153846153845,21
9/30/1967,0,21
10/1/1967,0.17742861538461535,21
10/2/1967,0.002524385,21
10/3/1967,0.002903077,21
10/4/1967,0.4288468461538461,1.6
10/5/1967,0.22886823076923074,1.6
10/6/1967,2.5773223076923077,1.6
10/7/1967,2.7037869230769234,1.6
10/8/1967,0.003218615,1.6
10/9/1967,0.002650615,1.6
10/10/1967,0.2208369230769231,1.6
10/11/1967,2.2589027692307693,1.6
10/12/1967,0.002966154,1.6
10/13/1967,0.002903077,1.6
10/14/1967,0.002650615,1.6
10/15/1967,1.2453363076923076,1.6
10/16/1967,0.002903077,1.6
10/17/1967,0.004417692,1.6
10/18/1967,0.003723538,1.6
10/19/1967,0.004985692,1.6
10/20/1967,0.003408,1.6
10/21/1967,0.002903077,1.6
10/22/1967,0.003786615,1.6
10/23/1967,0.005111923,1.6
10/24/1967,0.003534154,1.6
10/25/1967,0.005806154,1.6
10/26/1967,0.003534154,1.6
10/27/1967,0.003155538,1.6
10/28/1967,0.004102154,6.4
10/29/1967,0.004733308,6.4
10/30/1967,0.003534154,6.4
10/31/1967,0.002903077,6.4
11/1/1967,0.003534154,6.4
11/2/1967,0,6.4
11/3/1967,0,6.4
11/4/1967,0,6.4
11/5/1967,0,6.4
11/6/1967,0,6.4
11/7/1967,0,6.4
11/8/1967,0,6.4
11/9/1967,0,6.4
11/10/1967,0,6.4
11/11/1967,0,6.4
11/12/1967,0,6.4
11/13/1967,0,6.4
11/14/1967,0,6.4
11/15/1967,0,6.4
11/16/1967,0,6.4
11/17/1967,0,6.4
11/18/1967,0,6.4
11/19/1967,0,6.4
11/20/1967,0,6.4
11/21/1967,0.8227176923076923,0
11/22/1967,0,0
11/23/1967,0,0
11/24/1967,0,0
11/25/1967,0,0
11/26/1967,0,0
11/27/1967,0,0
11/28/1967,0,0
11/29/1967,0,0
11/30/1967,0.004263385,0
12/1/1967,0,0
12/2/1967,0,0
12/3/1967,0,0
12/4/1967,0,0
12/5/1967,0,0
12/6/1967,0,0
12/7/1967,0,0
12/8/1967,0,0
12/9/1967,0,0
12/10/1967,0,0
12/11/1967,4.851980384615385,0
12/12/1967,0.5068742307692308,0
12/13/1967,0.32781076923076924,0
12/14/1967,0,0
12/15/1967,0,0
12/16/1967,0,0
12/17/1967,0,0
12/18/1967,0.8161292307692308,0
12/19/1967,0,0
12/20/1967,0.26342484615384615,0
12/21/1967,0.016523846153846153,0
12/22/1967,0,0
12/23/1967,0,0
12/24/1967,0,0
12/25/1967,0.4883915384615385,0
12/26/1967,8.240538461538462,0
12/27/1967,0,0
12/28/1967,0,0
12/29/1967,0,0
12/30/1967,0,0
12/31/1967,0,0
1/1/1968,0,0
1/2/1968,0,0
1/3/1968,0,0
1/4/1968,0,0
1/5/1968,0,0
1/6/1968,0,0
1/7/1968,0,0
1/8/1968,0,0
1/9/1968,0,0
1/10/1968,0,0
1/11/1968,5.259723846153846,0
1/12/1968,2.607514153846154,0
1/13/1968,1.068570923076923,0
1/14/1968,0,0
1/15/1968,13.002315384615384,0
1/16/1968,0.002218769,0
1/17/1968,0,0
1/18/1968,0,0
1/19/1968,0,0
1/20/1968,0,0
1/21/1968,0,0
1/22/1968,0,0
1/23/1968,0,0
1/24/1968,0,0
1/25/1968,0,0
1/26/1968,0,0
1/27/1968,0,0
1/28/1968,0,0
1/29/1968,0,0
1/30/1968,0,0
1/31/1968,0,0
2/1/1968,0.009288462,2.6
2/2/1968,0,2.6
2/3/1968,0,2.6
2/4/1968,0,2.6
2/5/1968,0,2.6
2/6/1968,0,2.6
2/7/1968,0,2.6
2/8/1968,0,2.6
2/9/1968,0.089984846,2.6
2/10/1968,0,2.6
2/11/1968,0,2.6
2/12/1968,0,2.6
2/13/1968,0,2.6
2/14/1968,0,2.6
2/15/1968,0,2.6
2/16/1968,0,2.6
2/17/1968,0.047571615,2.6
2/18/1968,0,2.6
2/19/1968,1.069124,2.6
2/20/1968,22.61192307692308,2.6
2/21/1968,3.64484,2.6
2/22/1968,0.015976153846153848,2.6
2/23/1968,0.008411231,2.6
2/24/1968,0.8437076923076924,2.6
2/25/1968,0.01327,0
2/26/1968,0,0
2/27/1968,0,0
2/28/1968,0,0
2/29/1968,0.4275007692307693,0
3/1/1968,0.9578504615384615,0
3/2/1968,0.22803823076923074,0
3/3/1968,25.395899999999997,0
3/4/1968,0.002493231,0
3/5/1968,0,0
3/6/1968,0,0
3/7/1968,0,0
3/8/1968,0,0
3/9/1968,0,0
3/10/1968,0,0
3/11/1968,0,0
3/12/1968,0,0
3/13/1968,0,0
3/14/1968,0,0
3/15/1968,0.13924946153846154,0
3/16/1968,0.006192308,0
3/17/1968,0.004437462,0
3/18/1968,0,0
3/19/1968,0,0
3/20/1968,0,0
3/21/1968,0.01327,0
3/22/1968,0,0
3/23/1968,0,0
3/24/1968,0,0
3/25/1968,0,0
3/26/1968,0,0
3/27/1968,0,0
3/28/1968,0,0
3/29/1968,0,0
3/30/1968,0,0
3/31/1968,0,0
4/1/1968,0,0
4/2/1968,0,0
4/3/1968,0,0
4/4/1968,0,0
4/5/1968,0,0
4/6/1968,0,0
4/7/1968,0,0
4/8/1968,0,0
4/9/1968,0,0
4/10/1968,4.426133846153847,0
4/11/1968,0.034690923,0
4/12/1968,0,0
4/13/1968,2.8824023076923075,0
4/14/1968,0.4938624615384616,0
4/15/1968,4.160612307692308,0
4/16/1968,0.00928,0
4/17/1968,0.006881462,0
4/18/1968,0.035284615384615386,0
4/19/1968,5.568609230769231,0
4/20/1968,0.064404385,0
4/21/1968,0,0
4/22/1968,0.959441077,0
4/23/1968,0,0
4/24/1968,0,0
4/25/1968,0,0
4/26/1968,0.080455385,0
4/27/1968,0.008509615,0
4/28/1968,0,0
4/29/1968,4.676576923076923,0
4/30/1968,3.571992307692308,0
5/1/1968,0.21729300000000001,0
5/2/1968,0.1867025384615385,0
5/3/1968,0,0
5/4/1968,0.7464025384615385,0
5/5/1968,0.5233104615384615,0
5/6/1968,0,0
5/7/1968,0,0
5/8/1968,0,0
5/9/1968,0,0
5/10/1968,0,0
5/11/1968,0,0
5/12/1968,0,0
5/13/1968,0.009416923,0
5/14/1968,0,0
5/15/1968,0,0
5/16/1968,0.15855984615384616,0
5/17/1968,0.007227846,0
5/18/1968,0.017013846153846154,0
5/19/1968,0.39693653846153854,0
5/20/1968,0.35318115384615384,0
5/21/1968,0.002266615,0
5/22/1968,0,0
5/23/1968,0,0
5/24/1968,0,0
5/25/1968,0,0
5/26/1968,0,0
5/27/1968,0,0
5/28/1968,0,0
5/29/1968,5.1922584615384615,0
5/30/1968,1.5475569230769233,0
5/31/1968,0,0.3
6/1/1968,0,0.3
6/2/1968,0,0.3
6/3/1968,3.692542307692307,0.3
6/4/1968,4.642107692307692,0.3
6/5/1968,15.288153846153845,0.3
6/6/1968,0.11000292307692308,0.3
6/7/1968,0.21942615384615388,0.3
6/8/1968,0.093284846,0.3
6/9/1968,6.2423846153846165,0.3
6/10/1968,5.8090892307692314,0.3
6/11/1968,3.5315153846153846,0.3
6/12/1968,1.972236923076923,0.3
6/13/1968,1.5653069230769232,0.3
6/14/1968,9.233853846153847,0.3
6/15/1968,7.318050769230771,0.3
6/16/1968,7.672261538461537,0.3
6/17/1968,0.7059692307692308,0.3
6/18/1968,0.37094807692307696,0.3
6/19/1968,0.043482153846153844,0.3
6/20/1968,0.006487154,0.3
6/21/1968,0.7121819230769232,0.3
6/22/1968,2.7687953846153848,0.3
6/23/1968,4.583426153846154,0.3
6/24/1968,0.5784266923076923,0.1
6/25/1968,15.68253846153846,0.1
6/26/1968,20.751069230769232,0.1
6/27/1968,2.8200846153846157,0.1
6/28/1968,1.9603607692307692,0.1
6/29/1968,0.15586499999999998,0.1
6/30/1968,3.136276923076923,0.1
7/1/1968,0.11343923076923076,0.1
7/2/1968,0.817892077,0.1
7/3/1968,0.9225400769230768,0.1
7/4/1968,40.126153846153834,0.1
7/5/1968,5.944576923076923,0.1
7/6/1968,1.7408430769230772,0.1
7/7/1968,17.343923076923076,0.1
7/8/1968,1.6705238461538463,0.1
7/9/1968,12.486092307692306,0.1
7/10/1968,0.4767953846153846,0.1
7/11/1968,2.033304615384615,0.1
7/12/1968,0.4488230769230769,0.1
7/13/1968,0.005427308,0.1
7/14/1968,0.857457923,0.1
7/15/1968,0.3362766153846154,0.1
7/16/1968,3.6161223076923075,0.1
7/17/1968,19.68145384615385,0.1
7/18/1968,21.14238461538462,0
7/19/1968,2.4575692307692307,0
7/20/1968,9.340476923076924,0
7/21/1968,8.540292307692306,0
7/22/1968,0.017481,0
7/23/1968,2.1107684615384614,0
7/24/1968,6.084592307692309,0
7/25/1968,7.213148461538461,0
7/26/1968,2.5296223076923074,0
7/27/1968,1.9938638461538463,0
7/28/1968,6.637715384615385,0
7/29/1968,72.98623076923077,0
7/30/1968,72.04638461538462,0
7/31/1968,3.816539230769231,0
8/1/1968,1.5594574615384613,0
8/2/1968,0.3259677692307692,0
8/3/1968,0.20904999999999999,0
8/4/1968,13.239223076923079,0
8/5/1968,65.81907692307693,0
8/6/1968,11.014523076923076,0
8/7/1968,36.68461538461539,0
8/8/1968,0.002157538,0
8/9/1968,4.328545384615385,0
8/10/1968,5.966571538461538,0
8/11/1968,19.355384615384615,0
8/12/1968,30.49546153846154,0
8/13/1968,34.766153846153856,0
8/14/1968,11.631015384615385,0
8/15/1968,0.6515500000000001,0
8/16/1968,1.3723207692307693,0
8/17/1968,0.19330015384615384,0
8/18/1968,3.6993846153846155,0
8/19/1968,5.090906153846153,0
8/20/1968,7.133262153846155,0
8/21/1968,3.700163846153846,0
8/22/1968,2.894869230769231,0
8/23/1968,6.277993076923077,0
8/24/1968,3.7470692307692306,0
8/25/1968,21.13929230769231,0
8/26/1968,12.540753846153848,0
8/27/1968,0,0
8/28/1968,0,0
8/29/1968,0.068951769,0
8/30/1968,0.1075343846153846,0
8/31/1968,0.006486769,0
9/1/1968,3.7401461538461542,0
9/2/1968,2.1107684615384614,0
9/3/1968,0.021440769230769232,0
9/4/1968,0.4081067692307692,0.3
9/5/1968,0.17104892307692307,0.3
9/6/1968,0,0.3
9/7/1968,0.088908231,0.3
9/8/1968,2.59044,0.3
9/9/1968,0.6631670769230771,0.3
9/10/1968,10.110292307692307,0.3
9/11/1968,13.154249230769231,0.3
9/12/1968,17.669230769230772,0.3
9/13/1968,99.90261538461536,0.3
9/14/1968,15.66993076923077,0.3
9/15/1968,8.530176923076924,0.3
9/16/1968,4.296738461538462,0.3
9/17/1968,34.64638461538462,0.3
9/18/1968,2.1087623076923077,0.3
9/19/1968,0.8653343846153846,0.3
9/20/1968,1.0040063076923078,0.3
9/21/1968,4.901973076923077,0.3
9/22/1968,6.596776153846154,0.3
9/23/1968,1.441086153846154,0.3
9/24/1968,0.31085761538461537,0.3
9/25/1968,0.5165915384615384,0.3
9/26/1968,0.8175904615384617,0.3
9/27/1968,1.0133253846153847,0.3
9/28/1968,2.0296184615384614,0
9/29/1968,0,0
9/30/1968,0.070979615,0
10/1/1968,1.7809807692307693,0
10/2/1968,7.288427076923076,0
10/3/1968,51.015230769230776,0
10/4/1968,8.186530769,0
10/5/1968,35.20253846153847,0
10/6/1968,0.12863438461538462,0
10/7/1968,1.4190683846153846,0
10/8/1968,0.7298038461538461,0
10/9/1968,2.2916253846153842,0
10/10/1968,31.79207692307692,0
10/11/1968,0.11507153846153846,0
10/12/1968,1.9053769230769229,0
10/13/1968,0.5941130769230768,0
10/14/1968,0.002522077,0
10/15/1968,0.082753769,0
10/16/1968,0.050323077,0
10/17/1968,0.5838407692307691,0
10/18/1968,2.05195,0
10/19/1968,0,0
10/20/1968,0.096087692,0
10/21/1968,0.24021753846153848,0
10/22/1968,0.035042692,18.5
10/23/1968,0,18.5
10/24/1968,0,18.5
10/25/1968,0,18.5
10/26/1968,20.381684615384618,18.5
10/27/1968,0.1502416923076923,18.5
10/28/1968,9.224084615384616,18.5
10/29/1968,17.26050769230769,18.5
10/30/1968,6.613799999999999,18.5
10/31/1968,0.010566153846153847,18.5
11/1/1968,6.038849076923077,18.5
11/2/1968,0.091746154,18.5
11/3/1968,0.049925384615384615,18.5
11/4/1968,0,18.5
11/5/1968,0,18.5
11/6/1968,0,18.5
11/7/1968,0,18.5
11/8/1968,0,18.5
11/9/1968,0,18.5
11/10/1968,0,18.5
11/11/1968,0,18.5
11/12/1968,0.047452923,18.5
11/13/1968,0.8965500769230771,18.5
11/14/1968,6.064455230769231,18.5
11/15/1968,0.12009715384615384,30.3
11/16/1968,0,30.3
11/17/1968,0,30.3
11/18/1968,0,30.3
11/19/1968,0.01392,30.3
11/20/1968,0.17367623076923078,30.3
11/21/1968,0.3837764615384615,30.3
11/22/1968,0,30.3
11/23/1968,0,30.3
11/24/1968,0,30.3
11/25/1968,0,30.3
11/26/1968,0,30.3
11/27/1968,0,30.3
11/28/1968,0,30.3
11/29/1968,0,30.3
11/30/1968,0,30.3
12/1/1968,0,30.3
12/2/1968,0,30.3
12/3/1968,0,30.3
12/4/1968,0,30.3
12/5/1968,0,30.3
12/6/1968,0,30.3
12/7/1968,0,30.3
12/8/1968,0,30.3
12/9/1968,0,16.1
12/10/1968,0,16.1
12/11/1968,0,16.1
12/12/1968,0,16.1
12/13/1968,0,16.1
12/14/1968,0,16.1
12/15/1968,0,16.1
12/16/1968,0,16.1
12/17/1968,0,16.1
12/18/1968,0,16.1
12/19/1968,0,16.1
12/20/1968,0,16.1
12/21/1968,0,16.1
12/22/1968,0,16.1
12/23/1968,0,16.1
12/24/1968,0,16.1
12/25/1968,0,16.1
12/26/1968,0,16.1
12/27/1968,0,16.1
12/28/1968,0,16.1
12/29/1968,0.024373077,16.1
12/30/1968,0,16.1
12/31/1968,0,16.1
1/1/1969,0,16.1
1/2/1969,0,20.4
1/3/1969,0.28475207692307697,20.4
1/4/1969,0,20.4
1/5/1969,0,20.4
1/6/1969,0,20.4
1/7/1969,0,20.4
1/8/1969,0,20.4
1/9/1969,0,20.4
1/10/1969,0,20.4
1/11/1969,0,20.4
1/12/1969,0,20.4
1/13/1969,0,20.4
1/14/1969,0,20.4
1/15/1969,0,20.4
1/16/1969,0,20.4
1/17/1969,0,20.4
1/18/1969,0,20.4
1/19/1969,0,20.4
1/20/1969,0,20.4
1/21/1969,0,20.4
1/22/1969,0,20.4
1/23/1969,0,20.4
1/24/1969,0,20.4
1/25/1969,0,20.4
1/26/1969,0,8.2
1/27/1969,0,8.2
1/28/1969,0,8.2
1/29/1969,0,8.2
1/30/1969,0,8.2
1/31/1969,0,8.2
2/1/1969,0,8.2
2/2/1969,0,8.2
2/3/1969,0,8.2
2/4/1969,0,8.2
2/5/1969,0,8.2
2/6/1969,0,8.2
2/7/1969,0,8.2
2/8/1969,0,8.2
2/9/1969,0,8.2
2/10/1969,0,8.2
2/11/1969,0,8.2
2/12/1969,0,8.2
2/13/1969,0,8.2
2/14/1969,0,8.2
2/15/1969,0,8.2
2/16/1969,0,8.2
2/17/1969,0,8.2
2/18/1969,0,8.2
2/19/1969,0,10.8
2/20/1969,0,10.8
2/21/1969,0,10.8
2/22/1969,0,10.8
2/23/1969,0,10.8
2/24/1969,0,10.8
2/25/1969,0,10.8
2/26/1969,0,10.8
2/27/1969,0,10.8
2/28/1969,0,10.8
3/1/1969,0,10.8
3/2/1969,0.7418815384615385,10.8
3/3/1969,5.960944923076923,10.8
3/4/1969,0,10.8
3/5/1969,0,10.8
3/6/1969,0,10.8
3/7/1969,0,10.8
3/8/1969,0,10.8
3/9/1969,0,10.8
3/10/1969,0,10.8
3/11/1969,0,10.8
3/12/1969,0,10.8
3/13/1969,0,10.8
3/14/1969,0,10.8
3/15/1969,0,0
3/16/1969,0,0
3/17/1969,0,0
3/18/1969,0,0
3/19/1969,0,0
3/20/1969,0,0
3/21/1969,0,0
3/22/1969,0,0
3/23/1969,0,0
3/24/1969,0.12742492307692307,0
3/25/1969,0.005734308,0
3/26/1969,0,0
3/27/1969,0,0
3/28/1969,0,0
3/29/1969,0,0
3/30/1969,0,0
3/31/1969,0,0
4/1/1969,0,0
4/2/1969,0,0
4/3/1969,0,0
4/4/1969,0,0
4/5/1969,0,0
4/6/1969,0,0
4/7/1969,0,0
4/8/1969,0,0
4/9/1969,4.907967692307692,0
4/10/1969,1.053886153846154,0
4/11/1969,0.14232246153846154,0
4/12/1969,0,0
4/13/1969,0,0
4/14/1969,0,0
4/15/1969,0,0
4/16/1969,0,0
4/17/1969,0,0
4/18/1969,0,0
4/19/1969,6.707855923076924,0
4/20/1969,0.24255430769230774,0
4/21/1969,0,0
4/22/1969,1.1330846153846155,0
4/23/1969,0,0
4/24/1969,0.6924597692307692,0
4/25/1969,0,0
4/26/1969,1.187,0
4/27/1969,1.60721,0
4/28/1969,0,0
4/29/1969,0,0
4/30/1969,1.883970769230769,0
5/1/1969,8.928084615384615,0
5/2/1969,10.678076923076922,0
5/3/1969,10.485800000000001,0
5/4/1969,3.5913823076923075,0
5/5/1969,0.9049416923076923,0
5/6/1969,0.082148538,0
5/7/1969,4.074183,0
5/8/1969,0.099061692,0
5/9/1969,5.540007692307692,0
5/10/1969,0,0
5/11/1969,3.2901719230769233,0
5/12/1969,0.002876692,0
5/13/1969,17.91093846153846,0
5/14/1969,0,0
5/15/1969,0.585000077,0
5/16/1969,0.2943438461538461,0
5/17/1969,0.0367,0
5/18/1969,0.053044923,0
5/19/1969,0.25938553846153845,0
5/20/1969,0.19453169230769235,0
5/21/1969,0.2111883076923077,0
5/22/1969,0.9765746153846154,0
5/23/1969,0,0
5/24/1969,0,0
5/25/1969,0.005739615,0
5/26/1969,0,0
5/27/1969,0,0
5/28/1969,0,0
5/29/1969,0.9973496923076923,0
5/30/1969,5.316389230769231,0
5/31/1969,0.4446973076923078,0
6/1/1969,7.1804946153846165,0
6/2/1969,0,0
6/3/1969,10.427148461538462,0
6/4/1969,5.019930769230769,0
6/5/1969,1.9045492307692309,0
6/6/1969,15.637730769230767,0
6/7/1969,6.216523076923076,0
6/8/1969,7.010999999999999,0
6/9/1969,0.010320769230769232,0
6/10/1969,1.1022887692307692,0
6/11/1969,0,0
6/12/1969,0.076789154,0
6/13/1969,2.0872215384615385,0
6/14/1969,9.824284615384615,0
6/15/1969,0.38882876923076914,0
6/16/1969,5.873430769,0
6/17/1969,1.2835323076923078,0
6/18/1969,0.31598992307692303,0
6/19/1969,6.756023076923076,0
6/20/1969,9.176576923,0
6/21/1969,5.432107692307692,0
6/22/1969,0.17284492307692306,0
6/23/1969,0,0
6/24/1969,0.7605433846153845,0
6/25/1969,5.608880769,0
6/26/1969,0.073450769,0
6/27/1969,23.157692307692308,0
6/28/1969,0.036902230769230764,0
6/29/1969,0,0
6/30/1969,39.89007692307692,0
7/1/1969,12.221138461538462,0
7/2/1969,2.2874986153846155,0
7/3/1969,2.287465,0
7/4/1969,14.639692307692307,0
7/5/1969,26.592846153846153,0
7/6/1969,3.1868384615384615,0
7/7/1969,1.1212386153846152,0
7/8/1969,1.1592384615384614,0
7/9/1969,4.148781538461538,0
7/10/1969,1.9739940000000002,0
7/11/1969,3.324476153846154,0
7/12/1969,4.934682307692308,0
7/13/1969,3.873165384615385,0
7/14/1969,0.24494938461538465,0
7/15/1969,14.55073846153846,0
7/16/1969,11.458407692307691,0
7/17/1969,5.0699253846153844,0
7/18/1969,6.096000000000002,0
7/19/1969,1.9893715384615382,0
7/20/1969,5.6956007692307695,0
7/21/1969,22.872630769230764,0
7/22/1969,18.69476923076923,0
7/23/1969,0.2581716923076923,0
7/24/1969,1.5090115384615386,0
7/25/1969,5.436769231,0
7/26/1969,5.670368461538461,0
7/27/1969,4.693332307692307,0
7/28/1969,20.037869230769232,0
7/29/1969,45.312692307692295,0
7/30/1969,45.81076923076924,0
7/31/1969,104.07130769230768,0
8/1/1969,76.695,0
8/2/1969,2.7267138461538454,0
8/3/1969,1.9154769230769233,0
8/4/1969,6.954284615384615,0
8/5/1969,5.914284615384616,0
8/6/1969,1.0019861538461539,19.3
8/7/1969,8.431053846153846,19.3
8/8/1969,2.7713476923076925,19.3
8/9/1969,40.87507692307692,19.3
8/10/1969,6.932176923076923,19.3
8/11/1969,1.4074523076923078,19.3
8/12/1969,0.1340500769230769,19.3
8/13/1969,0.15511576923076922,19.3
8/14/1969,10.779853846153845,19.3
8/15/1969,92.54961538461538,19.3
8/16/1969,23.400899999999996,19.3
8/17/1969,5.7452000000000005,19.3
8/18/1969,0.6047198461538461,19.3
8/19/1969,0.5181072307692307,19.3
8/20/1969,2.1935857692307694,19.3
8/21/1969,8.413161538461537,19.3
8/22/1969,10.644297692307692,19.3
8/23/1969,1.3414046153846153,19.3
8/24/1969,1.9382038461538462,19.3
8/25/1969,3.2658499999999995,19.3
8/26/1969,5.672996153846153,19.3
8/27/1969,9.329083846153846,19.3
8/28/1969,0.2741784615384616,19.3
8/29/1969,0.098053846,19.3
8/30/1969,0.5001993076923077,10.6
8/31/1969,24.340938461538464,10.6
9/1/1969,0,10.6
9/2/1969,1.2472710000000002,10.6
9/3/1969,0,10.6
9/4/1969,0.12168223076923078,10.6
9/5/1969,1.1473153846153847,10.6
9/6/1969,0.9817166153846154,10.6
9/7/1969,19.154307692307693,10.6
9/8/1969,14.558192307692307,10.6
9/9/1969,13.157053846153845,10.6
9/10/1969,23.94705384615385,10.6
9/11/1969,3.8383999999999996,10.6
9/12/1969,11.20786923076923,10.6
9/13/1969,0.42559815384615385,10.6
9/14/1969,0.32934553846153847,10.6
9/15/1969,0.22813953846153853,10.6
9/16/1969,0.088169462,10.6
9/17/1969,16.895915384615382,10.6
9/18/1969,6.281553846153845,10.6
9/19/1969,16.320223076923078,10.6
9/20/1969,5.608376923076923,10.6
9/21/1969,13.76686923076923,10.6
9/22/1969,3.1063175384615387,10.6
9/23/1969,1.2377280769230767,2.1
9/24/1969,0.2931023076923077,2.1
9/25/1969,0.4971343846153846,2.1
9/26/1969,0.11889807692307694,2.1
9/27/1969,0.8732793076923078,2.1
9/28/1969,5.322384615384613,2.1
9/29/1969,12.930535384615384,2.1
9/30/1969,0.008114615,2.1
10/1/1969,0.004494154,2.1
10/2/1969,0,2.1
10/3/1969,0,2.1
10/4/1969,0,2.1
10/5/1969,0,2.1
10/6/1969,0.010321538461538462,2.1
10/7/1969,0.1101563076923077,2.1
10/8/1969,0.017976923076923078,2.1
10/9/1969,6.047584615384616,2.1
10/10/1969,2.5356076923076922,2.1
10/11/1969,0.8371776923076921,2.1
10/12/1969,0,2.1
10/13/1969,0.32129376923076924,2.1
10/14/1969,0.20713476923076923,2.1
10/15/1969,0.34533638461538463,2.1
10/16/1969,0.098699308,2.1
10/17/1969,0,13.5
10/18/1969,0.010895384615384614,13.5
10/19/1969,0,13.5
10/20/1969,0,13.5
10/21/1969,0,13.5
10/22/1969,0,13.5
10/23/1969,0,13.5
10/24/1969,0,13.5
10/25/1969,0.010604308,13.5
10/26/1969,0.01392,13.5
10/27/1969,0,13.5
10/28/1969,0,13.5
10/29/1969,0,13.5
10/30/1969,0,13.5
10/31/1969,0,13.5
11/1/1969,0,13.5
11/2/1969,0,13.5
11/3/1969,0.002496769,13.5
11/4/1969,0,13.5
11/5/1969,0,13.5
11/6/1969,0,13.5
11/7/1969,0.840693077,13.5
11/8/1969,5.008446153846153,13.5
11/9/1969,5.741476923076923,13.5
11/10/1969,3.471453846153847,0
11/11/1969,0.28932230769230766,0
11/12/1969,3.9040776923076925,0
11/13/1969,1.8492892307692304,0
11/14/1969,0.6224173846153847,0
11/15/1969,0.099374538,0
11/16/1969,0,0
11/17/1969,0,0
11/18/1969,0,0
11/19/1969,0,0
11/20/1969,0,0
11/21/1969,0,0
11/22/1969,0,0
11/23/1969,0.022426923076923073,0
11/24/1969,0,0
11/25/1969,0,0
11/26/1969,0,0
11/27/1969,0,0
11/28/1969,0,0
11/29/1969,0,0
11/30/1969,0,0
12/1/1969,0,0
12/2/1969,0,0
12/3/1969,0,0
12/4/1969,0,0.3
12/5/1969,0,0.3
12/6/1969,0,0.3
12/7/1969,0,0.3
12/8/1969,0,0.3
12/9/1969,0,0.3
12/10/1969,0,0.3
12/11/1969,0,0.3
12/12/1969,0,0.3
12/13/1969,0.041440923,0.3
12/14/1969,2.497436153846154,0.3
12/15/1969,6.626376923076923,0.3
12/16/1969,0.7286784615384616,0.3
12/17/1969,0,0.3
12/18/1969,0,0.3
12/19/1969,0,0.3
12/20/1969,0,0.3
12/21/1969,0,0.3
12/22/1969,0,0.3
12/23/1969,0,0.3
12/24/1969,0,0.3
12/25/1969,0,0.3
12/26/1969,0,0.3
12/27/1969,0,0.3
12/28/1969,0,0.7
12/29/1969,0,0.7
12/30/1969,0,0.7
12/31/1969,0,0.7
1/1/1970,0,0.7
1/2/1970,0,0.7
1/3/1970,0,0.7
1/4/1970,0,0.7
1/5/1970,0,0.7
1/6/1970,0,0.7
1/7/1970,0,0.7
1/8/1970,0,0.7
1/9/1970,0,0.7
1/10/1970,0,0.7
1/11/1970,0,0.7
1/12/1970,0,0.7
1/13/1970,0,0.7
1/14/1970,0,0.7
1/15/1970,0,0.7
1/16/1970,0,0.7
1/17/1970,0,0.7
1/18/1970,0,0.7
1/19/1970,0,0.7
1/20/1970,0,0.7
1/21/1970,0.011605846153846154,0
1/22/1970,0.6171453076923078,0
1/23/1970,0.093076923,0
1/24/1970,0,0
1/25/1970,0,0
1/26/1970,0,0
1/27/1970,0.076603846,0
1/28/1970,0.16566953846153845,0
1/29/1970,0,0
1/30/1970,0,0
1/31/1970,0,0
2/1/1970,0,0
2/2/1970,0,0
2/3/1970,0,0
2/4/1970,0.085451769,0
2/5/1970,0,0
2/6/1970,0.006963615,0
2/7/1970,1.6470603846153844,0
2/8/1970,3.1084238461538454,0
2/9/1970,0,0
2/10/1970,0.4599542307692309,0
2/11/1970,9.160523076923075,0
2/12/1970,6.197976923076923,0
2/13/1970,0,0
2/14/1970,0.5420816923076923,0
2/15/1970,5.681646153846155,0
2/16/1970,0.002306846,0
2/17/1970,0,0
2/18/1970,0,0
2/19/1970,0,0
2/20/1970,0,0
2/21/1970,0.010079999999999999,0
2/22/1970,0.23609230769230768,0
2/23/1970,0.018447692307692307,0
2/24/1970,0.6583538461538462,0
2/25/1970,0,0
2/26/1970,0,0
2/27/1970,0,0
2/28/1970,0,0
3/1/1970,0,0
3/2/1970,9.692084615384616,0
3/3/1970,0.6056227692307692,0
3/4/1970,5.3951,0
3/5/1970,14.61846923076923,0
3/6/1970,12.554484615384613,0
3/7/1970,5.4616461538461545,0
3/8/1970,1.8929823076923074,0
3/9/1970,5.831407692307693,0
3/10/1970,0,0
3/11/1970,0.6134192307692309,0
3/12/1970,2.3315240769230767,0
3/13/1970,0.5049751538461538,0
3/14/1970,0,0
3/15/1970,6.039194615384615,0
3/16/1970,0,0
3/17/1970,0,0
3/18/1970,0,0
3/19/1970,0,0
3/20/1970,0,0
3/21/1970,0.055704615,0
3/22/1970,0,0
3/23/1970,0,0
3/24/1970,1.1547346153846154,0
3/25/1970,0,0
3/26/1970,0,0
3/27/1970,0,0
3/28/1970,0,0
3/29/1970,0,0
3/30/1970,0,0
3/31/1970,0,0
4/1/1970,0,0
4/2/1970,2.605541538461538,0
4/3/1970,13.408,0
4/4/1970,1.7553899999999998,0
4/5/1970,2.4071792307692306,0
4/6/1970,0,0
4/7/1970,0,0
4/8/1970,0,0
4/9/1970,0,0
4/10/1970,0.23188692307692305,0
4/11/1970,0.9701515384615385,0
4/12/1970,0,0
4/13/1970,0,0
4/14/1970,0,0
4/15/1970,0,0
4/16/1970,0,0
4/17/1970,0,0
4/18/1970,0,0
4/19/1970,0.13063076923076922,0
4/20/1970,0.034197846153846155,0
4/21/1970,0.004393692,0
4/22/1970,0,0
4/23/1970,0.6123856153846153,0
4/24/1970,0,0
4/25/1970,0,0
4/26/1970,0.044224,0
4/27/1970,0,0
4/28/1970,0.037346154,0
4/29/1970,1.1493476153846154,0
4/30/1970,7.551746153846154,0
5/1/1970,0,0
5/2/1970,0,0
5/3/1970,0,0
5/4/1970,0,0
5/5/1970,0.3027114615384615,0
5/6/1970,5.891292307692307,0
5/7/1970,0.6326846153846154,0
5/8/1970,0.9867976923076925,0
5/9/1970,0,0
5/10/1970,0,0
5/11/1970,0,0
5/12/1970,0,0
5/13/1970,1.4992100000000002,0
5/14/1970,0.15034492307692307,0
5/15/1970,0,0
5/16/1970,0,0
5/17/1970,0,0
5/18/1970,0,0
5/19/1970,1.9537038461538467,0
5/20/1970,2.0925230769230767,0
5/21/1970,8.767330769,0
5/22/1970,0,0
5/23/1970,0.6509853846153847,0
5/24/1970,1.5106038461538462,0
5/25/1970,6.5762,0
5/26/1970,0.9471076923076922,0
5/27/1970,1.1500423076923076,0
5/28/1970,0.007868462,0
5/29/1970,0.14324192307692307,0
5/30/1970,2.5666369230769233,0
5/31/1970,1.8508746153846152,0
6/1/1970,1.3652206923076922,0
6/2/1970,1.9879876923076922,0
6/3/1970,11.655776923076925,0
6/4/1970,21.580884615384612,0
6/5/1970,1.7483484615384617,0
6/6/1970,0.3968038461538461,0
6/7/1970,4.328192307692309,0
6/8/1970,9.195776923076922,0
6/9/1970,4.117715384615385,0
6/10/1970,10.29812,0
6/11/1970,81.95507692,0
6/12/1970,16.041938461538464,0
6/13/1970,2.601946153846154,0
6/14/1970,1.8562069230769231,0
6/15/1970,3.8887230769230765,0
6/16/1970,21.38563076923077,0
6/17/1970,22.754846153846152,0
6/18/1970,6.367285384615385,0
6/19/1970,6.5346076923076915,0
6/20/1970,5.112123076923077,0
6/21/1970,0,0
6/22/1970,0.039168615384615385,0
6/23/1970,2.82521,0
6/24/1970,2.133304615384615,0
6/25/1970,0.8888107692307692,0
6/26/1970,5.982543846153846,0
6/27/1970,3.6444934615384614,0
6/28/1970,39.579076923076926,0
6/29/1970,14.286915384615385,0
6/30/1970,28.610276923076924,0
7/1/1970,62.84530769230769,0
7/2/1970,85.18684615384615,0
7/3/1970,2.1656792307692307,0
7/4/1970,0.8851784615384616,0
7/5/1970,0.37700169230769226,0
7/6/1970,1.6307407692307694,0
7/7/1970,6.384761538461539,0
7/8/1970,6.408853846153845,0
7/9/1970,18.488076923076925,0
7/10/1970,6.340223076923077,0
7/11/1970,11.76103846153846,0
7/12/1970,6.183338461538461,0
7/13/1970,5.72939,0
7/14/1970,3.802292307692308,0
7/15/1970,0.7092284615384615,0
7/16/1970,0.3952923076923077,0
7/17/1970,0.9926223076923077,0
7/18/1970,0.517676923,0
7/19/1970,1.2394486923076922,0
7/20/1970,6.733409231,0
7/21/1970,4.885707692307692,0
7/22/1970,13.115900000000002,0
7/23/1970,16.889353846153845,0
7/24/1970,7.2695092307692315,0
7/25/1970,1.1791861538461537,0
7/26/1970,3.383774615384615,0
7/27/1970,1.6744815384615386,0
7/28/1970,23.581615384615386,0
7/29/1970,9.842099999999999,0
7/30/1970,11.914892307692307,0
7/31/1970,1.219232846153846,0
8/1/1970,6.8587923076923065,0
8/2/1970,8.130846153846154,0
8/3/1970,5.6739,0
8/4/1970,3.7291999999999996,0
8/5/1970,20.24469230769231,0
8/6/1970,6.597953846153846,0
8/7/1970,0.7577374615384616,0
8/8/1970,4.967661538461538,0
8/9/1970,23.296384615384618,0
8/10/1970,2.0550323076923074,0
8/11/1970,6.324746153846154,0
8/12/1970,3.4513692307692314,0
8/13/1970,6.792946153846153,0
8/14/1970,23.276815384615382,0
8/15/1970,10.168800000000001,0
8/16/1970,5.421284615384615,0
8/17/1970,3.719586769230769,0
8/18/1970,11.823592307692309,0
8/19/1970,21.430215384615387,0
8/20/1970,21.282846153846155,0
8/21/1970,5.980361538461538,0
8/22/1970,3.7139761538461538,0
8/23/1970,17.899153846153844,0
8/24/1970,16.014400000000002,0
8/25/1970,22.096384615384615,0
8/26/1970,15.016176923076925,0
8/27/1970,10.295800000000002,0
8/28/1970,16.468330769230768,0
8/29/1970,5.491438461538463,0
8/30/1970,0.955356923,0
8/31/1970,1.3520230769230772,0
9/1/1970,11.60153076923077,0
9/2/1970,29.098153846153846,0
9/3/1970,7.6480753846153835,0
9/4/1970,8.015836076923076,0
9/5/1970,5.017034615384616,0
9/6/1970,2.960173076923077,0
9/7/1970,2.2850392307692307,0
9/8/1970,4.769783461538461,0
9/9/1970,0.5571461538461538,0
9/10/1970,32.209692307692315,0
9/11/1970,22.368923076923075,0
9/12/1970,1.7222184615384617,0
9/13/1970,1.2491261538461542,0
9/14/1970,1.683543846153846,0
9/15/1970,6.651338461538462,0
9/16/1970,6.959438461538462,0
9/17/1970,5.254332307692309,0
9/18/1970,1.025474923076923,0.6
9/19/1970,0.9018476923076924,0.6
9/20/1970,0.49611099999999997,0.6
9/21/1970,4.222046153846154,0.6
9/22/1970,17.899923076923077,0.6
9/23/1970,4.962196923076922,0.6
9/24/1970,7.963376923076923,0.6
9/25/1970,8.314646153846153,0.6
9/26/1970,0.2244250769230769,0.6
9/27/1970,1.181840769230769,0.6
9/28/1970,0.6750406923076924,0.6
9/29/1970,0.35182476923076916,0.6
9/30/1970,5.671461538461539,0.6
10/1/1970,5.116320000000001,0.6
10/2/1970,4.420461538461539,0.6
10/3/1970,2.7016469230769227,0.6
10/4/1970,16.261146153846152,0.6
10/5/1970,14.237161538461539,0.6
10/6/1970,0.029897923076923075,0.6
10/7/1970,10.049623076923078,0.6
10/8/1970,2.488875384615384,0.6
10/9/1970,2.257199230769231,0.6
10/10/1970,4.994538461538462,0.6
10/11/1970,0.5241335384615385,0.6
10/12/1970,3.6199461538461533,23.9
10/13/1970,0.011665538461538462,23.9
10/14/1970,0,23.9
10/15/1970,0,23.9
10/16/1970,0,23.9
10/17/1970,0.1786007692307692,23.9
10/18/1970,0,23.9
10/19/1970,0,23.9
10/20/1970,0,23.9
10/21/1970,0.003264923,23.9
10/22/1970,1.5442903846153846,23.9
10/23/1970,0,23.9
10/24/1970,0,23.9
10/25/1970,0,23.9
10/26/1970,0,23.9
10/27/1970,0,23.9
10/28/1970,0,23.9
10/29/1970,0,23.9
10/30/1970,0,23.9
10/31/1970,0,23.9
11/1/1970,0,23.9
11/2/1970,0,23.9
11/3/1970,0,23.9
11/4/1970,0,23.9
11/5/1970,0,5.8
11/6/1970,0,5.8
11/7/1970,0,5.8
11/8/1970,0,5.8
11/9/1970,0.001964769,5.8
11/10/1970,0.003387538,5.8
11/11/1970,0.2291943846153846,5.8
11/12/1970,0.4377116923076923,5.8
11/13/1970,0,5.8
11/14/1970,0,5.8
11/15/1970,0,5.8
11/16/1970,0,5.8
11/17/1970,0,5.8
11/18/1970,0,5.8
11/19/1970,0,5.8
11/20/1970,0,5.8
11/21/1970,0,5.8
11/22/1970,0,5.8
11/23/1970,0,5.8
11/24/1970,0,5.8
11/25/1970,0,5.8
11/26/1970,0,5.8
11/27/1970,0,5.8
11/28/1970,0,5.8
11/29/1970,0,0
11/30/1970,0,0
12/1/1970,0,0
12/2/1970,0,0
12/3/1970,0,0
12/4/1970,0,0
12/5/1970,0,0
12/6/1970,0,0
12/7/1970,0,0
12/8/1970,0,0
12/9/1970,0,0
12/10/1970,0,0
12/11/1970,0,0
12/12/1970,0,0
12/13/1970,0,0
12/14/1970,0,0
12/15/1970,0,0
12/16/1970,0,0
12/17/1970,0,0
12/18/1970,0,0
12/19/1970,0,0
12/20/1970,0,0
12/21/1970,0,0
12/22/1970,0,0
12/23/1970,0,0
12/24/1970,0,0
12/25/1970,0,0
12/26/1970,0,0
12/27/1970,0,0
12/28/1970,0,0
12/29/1970,0,0
12/30/1970,0,0
12/31/1970,0,0
1/1/1971,0,0
1/2/1971,0,0
1/3/1971,0,0
1/4/1971,0,0
1/5/1971,0,0
1/6/1971,0,0
1/7/1971,0,0
1/8/1971,0,0
1/9/1971,0,0
1/10/1971,0,0
1/11/1971,0,0
1/12/1971,0,0
1/13/1971,0,0
1/14/1971,0,0
1/15/1971,0,0
1/16/1971,0,0
1/17/1971,0,0
1/18/1971,0,0
1/19/1971,0,0
1/20/1971,0,0
1/21/1971,0,0
1/22/1971,0,0
1/23/1971,0,0
1/24/1971,0.009657692,0
1/25/1971,0.010560307692307692,0
1/26/1971,0,0
1/27/1971,9.022935384615385,0
1/28/1971,6.935838461538462,0
1/29/1971,1.765855153846154,0
1/30/1971,1.3026838461538461,0
1/31/1971,2.308366923076923,0
2/1/1971,2.876718461538462,0
2/2/1971,0.6808081538461538,0
2/3/1971,0.5765538461538461,0
2/4/1971,0,0
2/5/1971,2.373581538461538,0
2/6/1971,1.001800769230769,0
2/7/1971,0.019255384615384615,0
2/8/1971,0,0
2/9/1971,0,0
2/10/1971,0,0
2/11/1971,0,0
2/12/1971,0,0
2/13/1971,0,0
2/14/1971,0,0
2/15/1971,0,0
2/16/1971,0,0
2/17/1971,0,0
2/18/1971,0,0
2/19/1971,0,0
2/20/1971,0,0
2/21/1971,0,0
2/22/1971,0,0
2/23/1971,0.4982129230769231,0
2/24/1971,0.4976853846153846,0
2/25/1971,0.011677692307692307,0
2/26/1971,0.052157692,0
2/27/1971,1.8276740000000002,0
2/28/1971,4.085313076923077,0
3/1/1971,0.34842723076923077,0
3/2/1971,0.329946923,0
3/3/1971,0,0
3/4/1971,0,0
3/5/1971,0,0
3/6/1971,0,0
3/7/1971,0,0
3/8/1971,0,0
3/9/1971,0,0
3/10/1971,0,0
3/11/1971,0,0
3/12/1971,0,0
3/13/1971,0,0
3/14/1971,0,0
3/15/1971,0,0
3/16/1971,0,0
3/17/1971,0,0
3/18/1971,0,0
3/19/1971,0,0
3/20/1971,0,0
3/21/1971,0,0
3/22/1971,0,0
3/23/1971,0,0
3/24/1971,0,0
3/25/1971,0.42289692307692306,0
3/26/1971,0,0
3/27/1971,0,0
3/28/1971,0,0
3/29/1971,0,0
3/30/1971,0,0
3/31/1971,0,0
4/1/1971,0,0
4/2/1971,0,0
4/3/1971,0,0
4/4/1971,0,0
4/5/1971,0,0
4/6/1971,0,0
4/7/1971,0.071525692,0
4/8/1971,0,0
4/9/1971,0,0
4/10/1971,1.6090446923076922,0
4/11/1971,0,0
4/12/1971,1.0995476923076923,0
4/13/1971,0.020176923076923075,0
4/14/1971,0.6167230769230769,0
4/15/1971,0.8740107692307693,0
4/16/1971,5.088004307692308,0
4/17/1971,1.3025956923076925,0
4/18/1971,3.837435384615384,0
4/19/1971,17.897546153846154,0
4/20/1971,2.7172123076923076,0
4/21/1971,1.7731387692307694,0
4/22/1971,11.784690000000001,0
4/23/1971,0.4285553846153846,0
4/24/1971,0.047979923,0
4/25/1971,0,0
4/26/1971,0.9266361538461537,0
4/27/1971,0.5494700769230769,0
4/28/1971,0.5087569230769231,0
4/29/1971,0,0
4/30/1971,0.9462738461538464,0
5/1/1971,4.740742307692307,0
5/2/1971,0.8178843076923078,0
5/3/1971,0,0
5/4/1971,0.036956923076923075,0
5/5/1971,0,0
5/6/1971,0,0
5/7/1971,1.1513192307692308,0
5/8/1971,5.482354384615383,0
5/9/1971,8.973869231,0
5/10/1971,10.926730769230765,0
5/11/1971,0.7600424615384616,0
5/12/1971,1.7438953846153848,0
5/13/1971,6.824846153846153,0
5/14/1971,3.4952923076923077,0
5/15/1971,3.097529230769231,0
5/16/1971,0.10216538461538462,0
5/17/1971,3.862240076923077,0
5/18/1971,2.2176638461538465,0
5/19/1971,0.040775077,0
5/20/1971,0.5002810769230769,0
5/21/1971,0.29079615384615387,0
5/22/1971,5.449531692307692,0
5/23/1971,4.893443076923077,0
5/24/1971,0.11643684615384614,0
5/25/1971,0.063908769,0
5/26/1971,0.074376923,0
5/27/1971,0.049809846153846156,0
5/28/1971,3.5012029230769235,0
5/29/1971,3.349746153846154,0
5/30/1971,0.1620323076923077,0
5/31/1971,0.5791933846153847,0
6/1/1971,3.5676469230769237,0
6/2/1971,0.085225385,0
6/3/1971,2.5182784615384617,0
6/4/1971,5.631579999999999,0
6/5/1971,6.972630769230769,0
6/6/1971,23.688384615384617,0
6/7/1971,18.647307692307688,0
6/8/1971,1.971064615384615,0
6/9/1971,5.117975384615385,0
6/10/1971,8.826807692307693,0
6/11/1971,0.20854615384615385,0
6/12/1971,0.11586692307692309,0
6/13/1971,0.18419538461538462,0
6/14/1971,0.22103299999999998,0
6/15/1971,2.261888461538461,0
6/16/1971,9.993180769230767,0
6/17/1971,13.931076923076924,0
6/18/1971,26.57864615384615,0
6/19/1971,2.1413738461538463,0
6/20/1971,4.847769230769231,0
6/21/1971,13.749792307692307,0
6/22/1971,62.37723076923076,0
6/23/1971,73.11661538,0
6/24/1971,8.43206,0
6/25/1971,5.309535384615385,0
6/26/1971,0.19181823076923074,0
6/27/1971,4.157017692307693,0
6/28/1971,1.064746153846154,0
6/29/1971,1.6051792307692307,0
6/30/1971,1.0326960769230769,0
7/1/1971,9.794256153846153,0
7/2/1971,4.425902307692308,0
7/3/1971,4.420800769,0
7/4/1971,3.964838461538461,0
7/5/1971,2.8279984615384617,0
7/6/1971,3.062107692307692,0
7/7/1971,10.15046923076923,0
7/8/1971,5.8826638461538465,0
7/9/1971,0.8568788461538462,0
7/10/1971,0.2602653846153846,0
7/11/1971,11.529298461538458,0
7/12/1971,6.661346153846154,0
7/13/1971,1.9941276923076918,0
7/14/1971,4.6623230769230775,0
7/15/1971,4.296461538461538,0
7/16/1971,6.159790000000001,0
7/17/1971,6.391784615384615,0
7/18/1971,9.032192307692307,0
7/19/1971,7.2703,0
7/20/1971,13.163099999999998,0
7/21/1971,37.05092307692308,0
7/22/1971,19.924876923076923,0
7/23/1971,1.046063846153846,0
7/24/1971,2.720672307692308,0
7/25/1971,0.7330130769230769,0
7/26/1971,4.603546153846154,0
7/27/1971,30.782230769230768,0
7/28/1971,23.583099999999998,0
7/29/1971,5.152746153846154,0
7/30/1971,7.487707692307692,0
7/31/1971,13.46569230769231,0
8/1/1971,14.026499999999999,0
8/2/1971,26.265799999999995,0
8/3/1971,22.51923076923077,0
8/4/1971,22.22369230769231,0
8/5/1971,31.32546153846154,0
8/6/1971,1.7166769230769232,0
8/7/1971,9.649939999999999,0
8/8/1971,41.59209230769231,0
8/9/1971,76.88823076923076,0
8/10/1971,33.450015384615384,0
8/11/1971,1.09694,0
8/12/1971,0.5095513846153846,0
8/13/1971,10.874492307692309,0
8/14/1971,3.2091292307692303,0
8/15/1971,2.0812053846153846,0
8/16/1971,6.067008461538462,0
8/17/1971,8.552615384615384,0
8/18/1971,4.05348,0
8/19/1971,2.4205061538461536,0
8/20/1971,1.542363846153846,0
8/21/1971,6.061176153846153,0
8/22/1971,20.519176923076923,0
8/23/1971,1.3244194615384615,0
8/24/1971,5.946409230769232,0
8/25/1971,7.489242307692307,0
8/26/1971,9.472769230769229,0
8/27/1971,14.915238461538463,0
8/28/1971,15.376892307692309,0
8/29/1971,15.198153846153845,0
8/30/1971,18.608161538461538,0
8/31/1971,13.271784615384616,0
9/1/1971,7.558973076923077,0
9/2/1971,6.698546153846154,0
9/3/1971,8.391556153846153,0
9/4/1971,19.77586153846154,0
9/5/1971,29.563923076923075,0
9/6/1971,17.272515384615385,0
9/7/1971,9.3308,0
9/8/1971,5.555815384615385,0
9/9/1971,4.162308461538461,0
9/10/1971,3.0067707692307692,0
9/11/1971,0.41686915384615386,0
9/12/1971,0.003114077,0
9/13/1971,0,0
9/14/1971,0.24238846153846155,0
9/15/1971,1.5705438461538461,0
9/16/1971,2.6626784615384618,0
9/17/1971,0.2507992307692308,0
9/18/1971,0.012034615384615383,0
9/19/1971,0,0
9/20/1971,0.3735982307692308,0
9/21/1971,7.9676163846153845,0
9/22/1971,11.801769230769231,0
9/23/1971,2.8892069230769226,0
9/24/1971,0.4531784615384616,0
9/25/1971,0.14554461538461538,0
9/26/1971,0.7781769230769234,0
9/27/1971,4.634796923076924,0
9/28/1971,1.967486923076923,0
9/29/1971,1.1020653846153847,0
9/30/1971,21.975707692307694,0
10/1/1971,4.323823076923078,0
10/2/1971,0.8052079230769231,0
10/3/1971,0.7615812307692308,0
10/4/1971,8.319979231,0
10/5/1971,33.559692307692316,0
10/6/1971,11.651830769230768,0
10/7/1971,0.8792823076923078,0
10/8/1971,1.0188153846153847,0
10/9/1971,0.49379176923076923,0
10/10/1971,3.046403076923077,0
10/11/1971,0.9286504615384614,0
10/12/1971,0.013278076923076924,0
10/13/1971,0,0
10/14/1971,0,0
10/15/1971,11.029796153846151,0
10/16/1971,61.60715384615385,0
10/17/1971,32.552230769230775,0
10/18/1971,6.234099999999999,0
10/19/1971,3.4454938461538465,0
10/20/1971,0.8836953846153845,0
10/21/1971,3.261125384615384,0
10/22/1971,7.683005384615384,0
10/23/1971,5.078756923076924,0
10/24/1971,0.47282184615384615,0
10/25/1971,3.8369969230769234,0
10/26/1971,0.8893339999999998,0
10/27/1971,0,0
10/28/1971,0,0
10/29/1971,0,0
10/30/1971,0,0
10/31/1971,2.379352307692308,0
11/1/1971,1.0341029230769232,0
11/2/1971,0.6701783846153847,0
11/3/1971,0,0
11/4/1971,0,0
11/5/1971,0,0
11/6/1971,0,0
11/7/1971,0,0
11/8/1971,0,0
11/9/1971,0,0
11/10/1971,0,0
11/11/1971,0,0
11/12/1971,0,0
11/13/1971,0,0
11/14/1971,0,0
11/15/1971,0,0
11/16/1971,0,0
11/17/1971,0,0
11/18/1971,0,0
11/19/1971,0,0
11/20/1971,0,0
11/21/1971,0,0
11/22/1971,0,0
11/23/1971,0,0
11/24/1971,0,0
11/25/1971,0,0
11/26/1971,0,0
11/27/1971,0,0
11/28/1971,0,0
11/29/1971,0,0
11/30/1971,0,0
12/1/1971,0,0
12/2/1971,0,0
12/3/1971,0,0
12/4/1971,0,0
12/5/1971,0,0
12/6/1971,0,0
12/7/1971,0,0
12/8/1971,0,0
12/9/1971,0,0
12/10/1971,0,0
12/11/1971,0,0
12/12/1971,0,0
12/13/1971,0,0
12/14/1971,0,0
12/15/1971,0,0
12/16/1971,0,0
12/17/1971,0,0
12/18/1971,0,0
12/19/1971,0,0
12/20/1971,0,0
12/21/1971,0,0
12/22/1971,0,0
12/23/1971,0,0
12/24/1971,0,0
12/25/1971,0,0
12/26/1971,0,0
12/27/1971,0,0
12/28/1971,0,0
12/29/1971,0,0
12/30/1971,0,0
12/31/1971,0,0
1/1/1972,0,0
1/2/1972,0,0
1/3/1972,0,0
1/4/1972,0,0
1/5/1972,0,0
1/6/1972,0,0
1/7/1972,0,0
1/8/1972,0,0
1/9/1972,0,0
1/10/1972,0,0
1/11/1972,0,0
1/12/1972,0,0
1/13/1972,0,0
1/14/1972,0,0
1/15/1972,0,0
1/16/1972,0,0
1/17/1972,0,0
1/18/1972,0,0
1/19/1972,0,0
1/20/1972,0,0
1/21/1972,0,0
1/22/1972,0,0
1/23/1972,0,0
1/24/1972,0,0
1/25/1972,0,0
1/26/1972,0,0
1/27/1972,0,0
1/28/1972,0,0
1/29/1972,0,0
1/30/1972,0,0
1/31/1972,0,0
2/1/1972,0,0
2/2/1972,0,0
2/3/1972,0,0
2/4/1972,0,0
2/5/1972,0,0
2/6/1972,0,0
2/7/1972,0,0
2/8/1972,0,0
2/9/1972,0,0
2/10/1972,0,0
2/11/1972,0,0
2/12/1972,0,0
2/13/1972,0,0
2/14/1972,0,0
2/15/1972,0.9762023076923078,0
2/16/1972,0.033006923,0
2/17/1972,3.1209923076923074,0
2/18/1972,9.783907692307693,0
2/19/1972,0.7890653846153846,0
2/20/1972,0,0
2/21/1972,0,0
2/22/1972,0,0
2/23/1972,0,0
2/24/1972,0,0
2/25/1972,0,0
2/26/1972,0,0
2/27/1972,0,0
2/28/1972,0,0
2/29/1972,0,0
3/1/1972,0,0
3/2/1972,0,0
3/3/1972,0,0
3/4/1972,0,0
3/5/1972,0,0
3/6/1972,0,0
3/7/1972,0,0
3/8/1972,0,0
3/9/1972,0.11779338461538462,0
3/10/1972,0,0
3/11/1972,0,0
3/12/1972,0,0
3/13/1972,0,0
3/14/1972,0,0
3/15/1972,0,0
3/16/1972,0,0
3/17/1972,0,0
3/18/1972,0,0
3/19/1972,0,0
3/20/1972,0,0
3/21/1972,0,0
3/22/1972,0.020551615384615383,0
3/23/1972,0,0
3/24/1972,0,0
3/25/1972,0,0
3/26/1972,0,0
3/27/1972,0,0
3/28/1972,0,0
3/29/1972,0,0
3/30/1972,0,0
3/31/1972,0,0
4/1/1972,0,0
4/2/1972,0,0
4/3/1972,0.011827692307692308,0
4/4/1972,0,0
4/5/1972,0.010007692307692308,0
4/6/1972,0,0
4/7/1972,0,0
4/8/1972,0,0
4/9/1972,0,0
4/10/1972,0.1685926153846154,0
4/11/1972,0.4163418461538461,0
4/12/1972,0.018991384615384615,0
4/13/1972,0.24033261538461537,0
4/14/1972,0.043904615,0
4/15/1972,1.7993095384615385,0
4/16/1972,0.034185385,0
4/17/1972,7.252653076923077,0
4/18/1972,0.7166554615384615,0
4/19/1972,0,0
4/20/1972,0,0
4/21/1972,0,0
4/22/1972,7.312207692307693,0
4/23/1972,0,0
4/24/1972,0,0
4/25/1972,0.4183332307692308,0
4/26/1972,0,0
4/27/1972,4.450976923076924,0
4/28/1972,0,0
4/29/1972,0,0
4/30/1972,0,0
5/1/1972,0,0
5/2/1972,0,0
5/3/1972,0,0
5/4/1972,1.0384784615384615,0
5/5/1972,0,0
5/6/1972,0,0
5/7/1972,0,0
5/8/1972,0,0
5/9/1972,0,0
5/10/1972,0,0
5/11/1972,0.022148462,0
5/12/1972,0,0
5/13/1972,0,0
5/14/1972,0,0
5/15/1972,0,0
5/16/1972,0,0
5/17/1972,0,0
5/18/1972,0,0
5/19/1972,0.10277538461538463,0
5/20/1972,0,0
5/21/1972,0,0
5/22/1972,0,0
5/23/1972,0,0
5/24/1972,0.002525615,0
5/25/1972,5.441674615384615,0
5/26/1972,0,0
5/27/1972,5.032251538461538,0
5/28/1972,2.077056307692308,0
5/29/1972,0,0
5/30/1972,0,0
5/31/1972,0,0
6/1/1972,0,0
6/2/1972,0,0
6/3/1972,0,0
6/4/1972,0,0
6/5/1972,0,0
6/6/1972,0.6637474615384615,0
6/7/1972,0,0
6/8/1972,0.03876,0
6/9/1972,0,0
6/10/1972,0,0
6/11/1972,0,0
6/12/1972,0,0
6/13/1972,0.5889128461538461,0
6/14/1972,0,0
6/15/1972,12.709623076923078,0
6/16/1972,0.024886923076923077,0
6/17/1972,0,0
6/18/1972,0.021365538,0
6/19/1972,0.6918265384615385,0
6/20/1972,0,0
6/21/1972,0.7338192307692307,0
6/22/1972,0.1295773846153846,0
6/23/1972,11.992138461538463,0
6/24/1972,23.7395,0
6/25/1972,16.692276923076925,0
6/26/1972,7.703430769,0
6/27/1972,29.791384615384622,0
6/28/1972,14.877753846153846,0
6/29/1972,10.449246153846154,0
6/30/1972,3.776169230769231,0
7/1/1972,12.129923076923074,0
7/2/1972,40.909076923076924,0
7/3/1972,0.12144115384615385,0
7/4/1972,1.2844346153846153,0
7/5/1972,2.630376923076923,0
7/6/1972,67.14200000000001,0
7/7/1972,59.613384615384625,0
7/8/1972,13.594753846153846,0
7/9/1972,6.946261538,0
7/10/1972,11.345630769230768,0
7/11/1972,0.9651584615384615,0
7/12/1972,4.846706153846155,0
7/13/1972,7.647353846153846,0
7/14/1972,7.873469231,0
7/15/1972,64.31953846153846,0
7/16/1972,73.887,0
7/17/1972,2.123679230769231,0
7/18/1972,3.061120615384615,0
7/19/1972,0.8901046153846154,0
7/20/1972,12.364784615384618,0
7/21/1972,0.042297692,0.4
7/22/1972,0.34466546153846156,0.4
7/23/1972,6.791707692307693,0.4
7/24/1972,6.797161538461538,0.4
7/25/1972,1.3958599999999999,0.4
7/26/1972,0.005370231,0.4
7/27/1972,0,0.4
7/28/1972,0,0.4
7/29/1972,0.044559231,0.4
7/30/1972,0,0.4
7/31/1972,0.003652615,0.4
8/1/1972,0.009272308,0.4
8/2/1972,6.404895384615385,0.4
8/3/1972,1.3729796923076925,0.4
8/4/1972,1.2703633846153848,0.4
8/5/1972,17.982692307692307,0.4
8/6/1972,21.444992307692306,0.4
8/7/1972,13.681007692307693,0.4
8/8/1972,1.729843846153846,0.4
8/9/1972,1.874897076923077,0.4
8/10/1972,6.304769230769231,0.4
8/11/1972,0.5965967692307692,0.4
8/12/1972,5.292630769,0.4
8/13/1972,24.975615384615384,0.4
8/14/1972,15.219846153846154,48.7
8/15/1972,36.856307692307695,48.7
8/16/1972,0.8401284615384615,48.7
8/17/1972,6.940492307692306,48.7
8/18/1972,10.704384615384614,48.7
8/19/1972,4.5533692307692295,48.7
8/20/1972,4.912169230769231,48.7
8/21/1972,0.002946538,48.7
8/22/1972,7.207969230769231,48.7
8/23/1972,11.56103846153846,48.7
8/24/1972,18.792084615384617,48.7
8/25/1972,0.8345253846153847,48.7
8/26/1972,1.2747384615384616,48.7
8/27/1972,20.030969230769237,48.7
8/28/1972,7.029846153846153,48.7
8/29/1972,10.925692307692307,48.7
8/30/1972,2.43426,48.7
8/31/1972,1.5283230769230767,48.7
9/1/1972,5.578169231,48.7
9/2/1972,1.9898138461538462,48.7
9/3/1972,5.103370769,48.7
9/4/1972,0.59688,48.7
9/5/1972,0,48.7
9/6/1972,0.22388869230769232,48.7
9/7/1972,9.383746153846154,0.1
9/8/1972,24.959846153846154,0.1
9/9/1972,2.3705000000000003,0.1
9/10/1972,8.904769230769231,0.1
9/11/1972,34.70230769230769,0.1
9/12/1972,101.69646153846153,0.1
9/13/1972,30.028007692307693,0.1
9/14/1972,1.2150148461538461,0.1
9/15/1972,4.3690999999999995,0.1
9/16/1972,4.86195,0.1
9/17/1972,1.481294307692308,0.1
9/18/1972,0,0.1
9/19/1972,1.691876153846154,0.1
9/20/1972,0,0.1
9/21/1972,0.002128923,0.1
9/22/1972,0,0.1
9/23/1972,7.755584615384615,0.1
9/24/1972,43.32600000000001,0.1
9/25/1972,3.1216938461538457,0.1
9/26/1972,0.8861166923076923,0.1
9/27/1972,0,0.1
9/28/1972,1.9271876923076923,0.1
9/29/1972,1.1014115384615384,0.1
9/30/1972,6.702490000000001,0.1
10/1/1972,0,0
10/2/1972,0,0
10/3/1972,0,0
10/4/1972,0.025331538,0
10/5/1972,0.2354153846153846,0
10/6/1972,19.223346153846155,0
10/7/1972,8.646607692307692,0
10/8/1972,8.464183076923076,0
10/9/1972,5.306914615384615,0
10/10/1972,0.008997462,0
10/11/1972,0.005472231,0
10/12/1972,0.037074615384615386,0
10/13/1972,0,0
10/14/1972,0,0
10/15/1972,0,0
10/16/1972,0,0
10/17/1972,0,0
10/18/1972,0,0
10/19/1972,0,0
10/20/1972,0,0
10/21/1972,0,0
10/22/1972,0,0
10/23/1972,0,0
10/24/1972,0,0
10/25/1972,0,0
10/26/1972,0,0
10/27/1972,0,0
10/28/1972,0,0
10/29/1972,0.008303846,0
10/30/1972,0.6831815384615385,0
10/31/1972,1.2330256153846155,0
11/1/1972,10.50176153846154,0
11/2/1972,0.7109730769230769,0
11/3/1972,1.342105153846154,0
11/4/1972,4.566315384615384,0
11/5/1972,31.54716153846154,0
11/6/1972,0,0
11/7/1972,0,0
11/8/1972,0,0
11/9/1972,0,0
11/10/1972,0,0
11/11/1972,0,0
11/12/1972,0,0
11/13/1972,0,0
11/14/1972,0,0
11/15/1972,0,0
11/16/1972,0,0
11/17/1972,0,0
11/18/1972,0,0
11/19/1972,0,0
11/20/1972,0,0
11/21/1972,0,0
11/22/1972,0,0
11/23/1972,0,0
11/24/1972,0.8451823076923077,0
11/25/1972,0,0
11/26/1972,1.724501769230769,0
11/27/1972,0.019905538,0
11/28/1972,22.03813846153846,0
11/29/1972,0,0
11/30/1972,0,0
12/1/1972,0,0
12/2/1972,0,0
12/3/1972,0,0
12/4/1972,0,0
12/5/1972,0,0
12/6/1972,0,0
12/7/1972,0,0
12/8/1972,0,0
12/9/1972,0,0
12/10/1972,0,0
12/11/1972,0,0
12/12/1972,0.071074615,0
12/13/1972,0,0
12/14/1972,0,0
12/15/1972,0,0
12/16/1972,0,0
12/17/1972,0,0
12/18/1972,0,0
12/19/1972,0,0
12/20/1972,0,0
12/21/1972,0,0
12/22/1972,0,0
12/23/1972,0,0
12/24/1972,0,0
12/25/1972,0,0
12/26/1972,0,0
12/27/1972,0,0
12/28/1972,0,0
12/29/1972,0,0
12/30/1972,0,0
12/31/1972,0,0
1/1/1973,0,0
1/2/1973,0,0
1/3/1973,0,0
1/4/1973,0,0
1/5/1973,0,0
1/6/1973,0,0
1/7/1973,0,0
1/8/1973,0,0
1/9/1973,0,0
1/10/1973,0,0
1/11/1973,0,0
1/12/1973,0,0
1/13/1973,0,0
1/14/1973,0,0
1/15/1973,0,0
1/16/1973,0,0
1/17/1973,0,0
1/18/1973,0,0
1/19/1973,0,0
1/20/1973,0,0
1/21/1973,0,0
1/22/1973,0,0
1/23/1973,0,0
1/24/1973,0,0
1/25/1973,0,0
1/26/1973,0,0
1/27/1973,0,0
1/28/1973,0,0
1/29/1973,0,0
1/30/1973,0.4276238461538462,0
1/31/1973,0.035886923,0
2/1/1973,0.047182615384615385,0
2/2/1973,4.086853076923076,0
2/3/1973,0.4848309999999999,0
2/4/1973,0,0
2/5/1973,0,0
2/6/1973,0,0
2/7/1973,0.6023467692307692,0
2/8/1973,0,0
2/9/1973,0,0
2/10/1973,0,0
2/11/1973,0,0
2/12/1973,0,0
2/13/1973,0,0
2/14/1973,0,0
2/15/1973,0,0
2/16/1973,0,0
2/17/1973,0,0
2/18/1973,0.48818323076923076,0
2/19/1973,0,0
2/20/1973,0,0
2/21/1973,0,0
2/22/1973,0,0
2/23/1973,0,0
2/24/1973,0,0
2/25/1973,0,0
2/26/1973,0,0
2/27/1973,0,0
2/28/1973,0,0
3/1/1973,0,0
3/2/1973,3.2618553846153846,0
3/3/1973,15.323153846153847,0
3/4/1973,11.170384615384616,0
3/5/1973,4.450205231,0
3/6/1973,0.16010376923076922,0
3/7/1973,4.202318461538462,0
3/8/1973,4.054164615384615,0
3/9/1973,0.1587003076923077,0
3/10/1973,0,0
3/11/1973,0,0
3/12/1973,0,0
3/13/1973,0,0
3/14/1973,0,0
3/15/1973,0,0
3/16/1973,0,0
3/17/1973,0.2128343076923077,0
3/18/1973,0,0
3/19/1973,0,0
3/20/1973,0,0
3/21/1973,0,0
3/22/1973,0,0
3/23/1973,2.474998307692308,0
3/24/1973,0,0
3/25/1973,0,0
3/26/1973,0,0
3/27/1973,0,0
3/28/1973,0,0
3/29/1973,0,0
3/30/1973,0,0
3/31/1973,0,0
4/1/1973,0,0
4/2/1973,0,0
4/3/1973,0,0
4/4/1973,0,0
4/5/1973,0,0
4/6/1973,0,0
4/7/1973,0.040753923076923076,0
4/8/1973,0.040440769,0
4/9/1973,0,0
4/10/1973,0.3226611538461539,0
4/11/1973,0,0
4/12/1973,0,0
4/13/1973,0,0
4/14/1973,0,0
4/15/1973,0.002699385,0
4/16/1973,0.7874089230769231,0
4/17/1973,0.7044477692307692,0
4/18/1973,1.51351,0
4/19/1973,0.002244462,0
4/20/1973,0,0
4/21/1973,0,0
4/22/1973,0,0
4/23/1973,0,0
4/24/1973,0.005462846,0
4/25/1973,0.013584076923076923,0
4/26/1973,0.003366615,0
4/27/1973,0.042087692307692305,0
4/28/1973,0,0
4/29/1973,0,0
4/30/1973,0,0
5/1/1973,0,0
5/2/1973,0,0
5/3/1973,3.398185384615384,0
5/4/1973,0.9521552307692307,0
5/5/1973,1.7430838461538463,0
5/6/1973,2.193725230769231,0
5/7/1973,0.059484615384615386,0
5/8/1973,0,0
5/9/1973,0,0
5/10/1973,0.2814486153846154,0
5/11/1973,0.21105323076923074,0
5/12/1973,2.5910616153846155,0
5/13/1973,6.617476923076922,0
5/14/1973,6.442959999999999,0
5/15/1973,1.711117461538462,0
5/16/1973,1.0360048461538462,0
5/17/1973,0.5763603846153846,0
5/18/1973,0.8609415384615386,0
5/19/1973,2.900291538461538,0
5/20/1973,3.002516153846154,0
5/21/1973,0.5835046153846153,0
5/22/1973,0.16428569230769233,0
5/23/1973,0.7302769230769232,0
5/24/1973,0.48187461538461535,0
5/25/1973,0.038543846,0
5/26/1973,0,0
5/27/1973,2.3551615384615383,0
5/28/1973,0.4426753846153846,0
5/29/1973,0,0
5/30/1973,3.431857076923077,0
5/31/1973,4.3779823076923075,0
6/1/1973,6.252721538461539,0
6/2/1973,1.5620284615384616,0
6/3/1973,2.438793307692307,0
6/4/1973,0.042780769,0
6/5/1973,0.8107061538461537,0
6/6/1973,1.1927915384615384,0
6/7/1973,5.684770692307692,0
6/8/1973,8.521676923076924,0
6/9/1973,4.508683846153846,0
6/10/1973,1.2260892307692306,0
6/11/1973,3.543872307692307,0
6/12/1973,2.558379230769231,0
6/13/1973,7.149992307692309,0
6/14/1973,4.763964615384617,0
6/15/1973,0.8422746153846153,0
6/16/1973,0.046426153846153846,0
6/17/1973,0.049539230769230766,0
6/18/1973,0.006049462,0
6/19/1973,0,0
6/20/1973,0,0
6/21/1973,0,0
6/22/1973,0,0
6/23/1973,0.3844976923076922,0
6/24/1973,0,0
6/25/1973,2.961975769230769,0
6/26/1973,2.9566830769230767,0
6/27/1973,6.140337692307692,0
6/28/1973,11.7582,0
6/29/1973,1.7516048461538465,0
6/30/1973,1.0474323076923076,0
7/1/1973,3.7051151538461538,0
7/2/1973,9.708307692307692,0
7/3/1973,5.617999999999999,0
7/4/1973,3.7990600000000003,0
7/5/1973,15.43113076923077,0
7/6/1973,27.051000000000002,0
7/7/1973,47.334384615384614,0
7/8/1973,59.894999999999996,0
7/9/1973,26.123253846153847,0
7/10/1973,4.762384615384615,0
7/11/1973,17.553915384615387,0
7/12/1973,11.05259230769231,0
7/13/1973,22.0953,0
7/14/1973,35.742,0
7/15/1973,8.421130769230771,0
7/16/1973,1.2710246153846152,0
7/17/1973,1.1983546153846154,0
7/18/1973,9.899576923076923,0
7/19/1973,17.626392307692306,0
7/20/1973,39.043461538461536,0
7/21/1973,60.812230769230766,0
7/22/1973,32.89469230769231,0
7/23/1973,1.771013076923077,0
7/24/1973,0.12816369230769228,0
7/25/1973,1.2061415384615386,0
7/26/1973,0.38274107692307696,0
7/27/1973,5.045659615384614,0
7/28/1973,2.8176761538461537,0
7/29/1973,2.4547799230769227,0
7/30/1973,3.7855161538461535,0
7/31/1973,1.3440553846153844,0
8/1/1973,1.9008453846153845,0
8/2/1973,6.278182307692308,0
8/3/1973,9.283076923076923,0
8/4/1973,3.456954615384615,0
8/5/1973,6.114133846153846,0
8/6/1973,3.666343846153845,0
8/7/1973,5.575030769230771,0
8/8/1973,3.6944615384615385,0
8/9/1973,7.647576923076922,0
8/10/1973,2.916869307692307,0
8/11/1973,3.2170461538461534,0
8/12/1973,8.033707692307694,0
8/13/1973,21.04824615384615,0
8/14/1973,8.153446153846154,0
8/15/1973,12.269076923076925,0
8/16/1973,5.383533846153847,0
8/17/1973,7.7173186923076935,0
8/18/1973,18.776061538461537,0
8/19/1973,40.862307692307695,0
8/20/1973,23.627000000000002,0
8/21/1973,19.388746153846153,0
8/22/1973,12.269746153846155,0
8/23/1973,5.579669231,0
8/24/1973,12.869323076923079,0
8/25/1973,8.802676923076923,0
8/26/1973,6.394130769230769,0
8/27/1973,40.55776923076923,0
8/28/1973,10.686392307692309,0
8/29/1973,0.7899391538461539,0
8/30/1973,3.325170769230769,0
8/31/1973,1.3623738461538462,0
9/1/1973,1.1596404615384617,0
9/2/1973,5.473869231,0
9/3/1973,38.87865076923077,0
9/4/1973,13.754192307692307,0
9/5/1973,2.0882107692307694,0
9/6/1973,0.48044138461538466,0
9/7/1973,3.165159384615384,0
9/8/1973,5.2965230769230764,0
9/9/1973,10.72014076923077,0
9/10/1973,0.7697861538461539,0
9/11/1973,4.158318461538462,0
9/12/1973,10.222415384615383,0
9/13/1973,4.541846153846154,0
9/14/1973,7.338984615384617,0
9/15/1973,1.6167692307692312,0
9/16/1973,4.858806153846154,0
9/17/1973,4.750377538461538,0
9/18/1973,6.733923076923078,0
9/19/1973,4.831826153846153,0
9/20/1973,33.93041692307692,0
9/21/1973,13.281969230769231,0
9/22/1973,7.000930769230769,0
9/23/1973,5.61339,0
9/24/1973,10.013138461538462,0
9/25/1973,15.583030769230769,0
9/26/1973,4.4970923076923075,0
9/27/1973,3.2530985384615385,0
9/28/1973,4.8464476923076925,0
9/29/1973,3.7982215384615374,0
9/30/1973,5.842113076923076,0
10/1/1973,0.6439906153846153,0
10/2/1973,3.2674923076923075,0
10/3/1973,4.004261538461538,0
10/4/1973,4.226961538461539,0
10/5/1973,2.4535632307692308,0
10/6/1973,0.617046923,0
10/7/1973,0.006257231,0
10/8/1973,0.95004,0
10/9/1973,0.621751846,0
10/10/1973,0.4131938461538462,0
10/11/1973,1.2505362307692307,0
10/12/1973,2.196133923076923,0
10/13/1973,2.0791323076923076,0
10/14/1973,1.2384007692307692,0
10/15/1973,3.3749638461538463,0
10/16/1973,7.470870000000001,0
10/17/1973,11.769923076923078,0
10/18/1973,5.56092,0
10/19/1973,3.8922471538461543,0
10/20/1973,1.6124707692307694,0
10/21/1973,1.4706657692307692,0
10/22/1973,1.553575230769231,0
10/23/1973,6.941038461538463,0
10/24/1973,24.775415384615386,0
10/25/1973,26.873230769230766,0
10/26/1973,34.966076923076926,0
10/27/1973,24.952923076923074,0
10/28/1973,20.642984615384613,0
10/29/1973,17.093823076923076,0
10/30/1973,13.701719999999998,0
10/31/1973,0,0
11/1/1973,1.951095384615385,0
11/2/1973,0,0
11/3/1973,0,0
11/4/1973,0,0
11/5/1973,0,0
11/6/1973,0.006936692,0
11/7/1973,0,0
11/8/1973,0,0
11/9/1973,0.007720462,0
11/10/1973,3.3735413846153843,0
11/11/1973,1.1806246153846152,0
11/12/1973,1.2627739230769233,0
11/13/1973,0.2802223846153846,0
11/14/1973,0.10394,0
11/15/1973,0.2519753846153846,0
11/16/1973,0,0
11/17/1973,0.085441538,0
11/18/1973,0.7913198461538461,0
11/19/1973,0.6697292307692307,0
11/20/1973,0,0
11/21/1973,0,0
11/22/1973,0,0
11/23/1973,0,0
11/24/1973,0,0
11/25/1973,0,0
11/26/1973,0,0
11/27/1973,0,0
11/28/1973,0,0
11/29/1973,0,0
11/30/1973,0,0
12/1/1973,0,0
12/2/1973,0,0
12/3/1973,0,0
12/4/1973,0.048293308,0
12/5/1973,0,0
12/6/1973,0,0
12/7/1973,0,0
12/8/1973,0.03286,0
12/9/1973,0.5823215384615386,0
12/10/1973,1.7970778461538461,0
12/11/1973,0.1066176923076923,0
12/12/1973,0,0
12/13/1973,0,0
12/14/1973,0.2626907692307692,0
12/15/1973,0,0
12/16/1973,0.8254661538461538,0
12/17/1973,0,0
12/18/1973,0,0
12/19/1973,0,0
12/20/1973,0,0
12/21/1973,0,0
12/22/1973,0,0
12/23/1973,0,0
12/24/1973,0,0
12/25/1973,0,0
12/26/1973,0,0
12/27/1973,0,0
12/28/1973,0,0
12/29/1973,0,0
12/30/1973,0,0
12/31/1973,0,0
1/1/1974,0,0
1/2/1974,0,0
1/3/1974,0,0
1/4/1974,0,0
1/5/1974,0,0
1/6/1974,0,0
1/7/1974,0,0
1/8/1974,0,0
1/9/1974,0,0
1/10/1974,0,0
1/11/1974,0,0
1/12/1974,0,0
1/13/1974,0,0
1/14/1974,0,0
1/15/1974,0,0
1/16/1974,0,0
1/17/1974,0,0
1/18/1974,0,0
1/19/1974,0,0
1/20/1974,0,0
1/21/1974,0,0
1/22/1974,0,0
1/23/1974,0,0
1/24/1974,0,0
1/25/1974,0,0
1/26/1974,0,0
1/27/1974,0,0
1/28/1974,0,0
1/29/1974,0,0
1/30/1974,0,0
1/31/1974,0,0
2/1/1974,0,0
2/2/1974,0,0
2/3/1974,0,0
2/4/1974,0,0
2/5/1974,0,0
2/6/1974,0,0
2/7/1974,0,0
2/8/1974,0,0
2/9/1974,0,0
2/10/1974,0,0
2/11/1974,0,0
2/12/1974,0.028084615,0
2/13/1974,0.071471692,0
2/14/1974,0.2729679230769231,0
2/15/1974,0,0
2/16/1974,0,0
2/17/1974,0,0
2/18/1974,0,0
2/19/1974,0,0
2/20/1974,0,0
2/21/1974,0,0
2/22/1974,0,0
2/23/1974,0,0
2/24/1974,0,0
2/25/1974,0,0
2/26/1974,0,0
2/27/1974,0,0
2/28/1974,0,0
3/1/1974,0,0
3/2/1974,0,0
3/3/1974,0,0
3/4/1974,0,0
3/5/1974,0,0
3/6/1974,0,0
3/7/1974,0,0
3/8/1974,0,0
3/9/1974,0,0
3/10/1974,0,0
3/11/1974,0,0
3/12/1974,0,0
3/13/1974,0,0
3/14/1974,0,0
3/15/1974,0,0
3/16/1974,0,0
3/17/1974,0,0
3/18/1974,0,0
3/19/1974,0,0
3/20/1974,0,0
3/21/1974,0,0
3/22/1974,0,0
3/23/1974,0,0
3/24/1974,1.3096076923076923,0
3/25/1974,0.6411122307692309,0
3/26/1974,1.0243376923076926,0
3/27/1974,0.14030184615384617,0
3/28/1974,0.6209875384615385,0
3/29/1974,1.3985776923076922,0
3/30/1974,1.2714392307692308,0
3/31/1974,1.1450723076923075,0
4/1/1974,2.2943715384615384,0
4/2/1974,0,0
4/3/1974,0,0
4/4/1974,0,0
4/5/1974,0.015019230769230769,0
4/6/1974,0.084688385,0
4/7/1974,0.018773846153846155,0
4/8/1974,0,0
4/9/1974,0,0
4/10/1974,0,0
4/11/1974,0,0
4/12/1974,0,0
4/13/1974,0,0
4/14/1974,0,0
4/15/1974,0.003882846,0
4/16/1974,0.007509462,0
4/17/1974,0,0
4/18/1974,0,0
4/19/1974,0,0
4/20/1974,0,0
4/21/1974,0,0
4/22/1974,0,0
4/23/1974,0,0
4/24/1974,3.849706153846154,0
4/25/1974,1.3615470769230766,0
4/26/1974,0,0
4/27/1974,0,0
4/28/1974,1.1669076153846154,0
4/29/1974,0,0
4/30/1974,0.060076923076923076,0
5/1/1974,0,0
5/2/1974,0,0
5/3/1974,0,0
5/4/1974,0,0
5/5/1974,0,0
5/6/1974,0,0
5/7/1974,0.7887123076923077,0
5/8/1974,0,0
5/9/1974,0,0
5/10/1974,0,0
5/11/1974,1.3696612307692306,0
5/12/1974,2.5144692307692305,0
5/13/1974,2.4897469230769227,0
5/14/1974,1.3815553846153843,0
5/15/1974,0.24295069230769237,0
5/16/1974,5.756865384615385,0
5/17/1974,2.0837276923076926,0
5/18/1974,1.6001200000000002,0
5/19/1974,0.0762,0
5/20/1974,0.2988515384615385,0
5/21/1974,3.3109763076923078,0
5/22/1974,0.063620769,0
5/23/1974,0.30100707692307693,0
5/24/1974,0.5349453846153845,0
5/25/1974,1.5410376923076923,0
5/26/1974,0.084500769,0
5/27/1974,0.12839153846153845,0
5/28/1974,0.4940343846153846,0
5/29/1974,0.7713792307692309,0
5/30/1974,2.914203230769231,0
5/31/1974,1.6794965384615386,0
6/1/1974,5.807676923076925,0
6/2/1974,0.038232308,0
6/3/1974,0.6114521538461539,0
6/4/1974,2.620243538461538,0
6/5/1974,0,0
6/6/1974,0.004480462,0
6/7/1974,0.158626,0
6/8/1974,0.011823384615384616,0
6/9/1974,2.5176823076923083,0
6/10/1974,1.1104292307692307,0
6/11/1974,2.1527185384615386,0
6/12/1974,1.0684223076923076,0
6/13/1974,2.8511030769230765,0
6/14/1974,1.7382487692307695,0
6/15/1974,3.2649800000000004,0
6/16/1974,0.6314232307692309,0
6/17/1974,5.370791538461538,0
6/18/1974,18.321615384615384,0
6/19/1974,7.013938461538462,0
6/20/1974,0.6576996153846154,0
6/21/1974,0.029644615384615384,0
6/22/1974,0,0
6/23/1974,1.8421938461538463,0
6/24/1974,2.774326153846154,0
6/25/1974,5.560569230769231,0
6/26/1974,5.495514615384615,0
6/27/1974,2.716469538461539,0
6/28/1974,18.256361538461537,0
6/29/1974,4.695065230769231,0
6/30/1974,3.054364615384615,0
7/1/1974,5.610913769230769,0
7/2/1974,6.8215615384615385,0
7/3/1974,2.558727692307692,0
7/4/1974,15.416407692307692,0
7/5/1974,3.459264615384616,0
7/6/1974,8.042029231,0
7/7/1974,9.332461538461537,0
7/8/1974,9.912230769,0
7/9/1974,4.810107692307692,0
7/10/1974,9.663446153846154,0
7/11/1974,8.508727692307692,0
7/12/1974,8.5967,0
7/13/1974,4.49809,0
7/14/1974,0.6336823076923076,0
7/15/1974,1.2629361538461539,0
7/16/1974,2.057572307692308,0
7/17/1974,2.284384615384615,0
7/18/1974,6.158158461538462,0
7/19/1974,4.939794615384615,0
7/20/1974,16.360623076923076,0
7/21/1974,8.255143846153846,0
7/22/1974,2.127806153846154,0
7/23/1974,1.7493539230769233,0
7/24/1974,3.943630769230769,0
7/25/1974,11.094211538461538,0
7/26/1974,10.448130769230769,0
7/27/1974,19.24530769230769,0
7/28/1974,6.958726307692308,0
7/29/1974,25.986269230769228,0
7/30/1974,9.876623076923078,0
7/31/1974,2.3983730000000003,0
8/1/1974,4.890105384615383,0
8/2/1974,1.5182292307692309,0
8/3/1974,5.829369231,0
8/4/1974,3.133529231,0
8/5/1974,8.441591769,0
8/6/1974,4.786056923076924,0
8/7/1974,5.6335299999999995,0
8/8/1974,7.140376923076922,0
8/9/1974,15.577607692307692,0
8/10/1974,9.819484615384615,0
8/11/1974,13.777615384615384,0
8/12/1974,17.894653846153847,0
8/13/1974,5.492169230769231,0
8/14/1974,5.840416153846154,0
8/15/1974,12.582095384615384,0
8/16/1974,15.602876923076924,0
8/17/1974,20.931023076923076,0
8/18/1974,15.789276923076924,0
8/19/1974,5.467808307692308,0
8/20/1974,1.25249,0
8/21/1974,1.2387115384615384,0
8/22/1974,1.0053669230769229,0
8/23/1974,0.7918184615384616,0
8/24/1974,0.1912423846153846,0
8/25/1974,0.3509515384615385,0
8/26/1974,2.090046923076923,0
8/27/1974,9.197099999999999,0
8/28/1974,14.2714,0
8/29/1974,4.619630769230769,0
8/30/1974,1.8959415384615381,0
8/31/1974,0.024215384615384618,0
9/1/1974,0.082162615,0
9/2/1974,0.3990382307692308,0
9/3/1974,0.6429230769230768,0
9/4/1974,2.2111338461538463,0
9/5/1974,0.5657615384615384,0
9/6/1974,0.009111538,0
9/7/1974,0.6024250769230769,0
9/8/1974,0.4633053846153847,0
9/9/1974,2.337516923076923,0
9/10/1974,5.0662030769230775,0
9/11/1974,4.453125384615385,0
9/12/1974,0.5554103076923078,0
9/13/1974,0.4992834615384616,0
9/14/1974,7.372338461538462,0
9/15/1974,16.677500000000002,0
9/16/1974,0.172108,0
9/17/1974,13.786083846153845,0
9/18/1974,2.313971538461538,0
9/19/1974,6.092969231,0
9/20/1974,1.2793298461538463,0
9/21/1974,2.219023846153846,0
9/22/1974,1.3645646153846154,0
9/23/1974,7.683961538461539,0
9/24/1974,2.8536830769230765,0
9/25/1974,3.393340769230769,0
9/26/1974,12.838153846153848,0
9/27/1974,0.257461,0
9/28/1974,0.061863846,0
9/29/1974,2.38081,0
9/30/1974,13.279853846153847,0
10/1/1974,0.6979815384615384,0
10/2/1974,4.253266384615385,0
10/3/1974,3.0133289999999993,0
10/4/1974,4.777200230769231,0
10/5/1974,0.8910622307692309,0
10/6/1974,0.046697692,0
10/7/1974,0.5226938461538461,0
10/8/1974,1.7636476923076927,0
10/9/1974,14.605161538461543,0
10/10/1974,15.892915384615385,0
10/11/1974,4.862338307692308,0
10/12/1974,0.9193630769230771,0
10/13/1974,0.24047715384615387,0
10/14/1974,1.2074215384615385,0
10/15/1974,7.6504,0
10/16/1974,7.029492307692308,0
10/17/1974,2.777715384615384,0
10/18/1974,0.053379077,0
10/19/1974,0.032695462,0
10/20/1974,0.9586318461538463,0
10/21/1974,0.052229923,0
10/22/1974,0.059484615384615386,0
10/23/1974,0.33278369230769234,0
10/24/1974,16.383607692307688,0
10/25/1974,1.5674727692307693,0
10/26/1974,3.428820769230769,0
10/27/1974,2.7788984615384615,0
10/28/1974,0.3023743076923077,0
10/29/1974,0.11342046153846154,0
10/30/1974,0,0
10/31/1974,0,0
11/1/1974,0,0
11/2/1974,0,0
11/3/1974,0,0
11/4/1974,0,0
11/5/1974,0,0
11/6/1974,0,0
11/7/1974,0,0
11/8/1974,0,0
11/9/1974,0,0
11/10/1974,0,0
11/11/1974,0,0
11/12/1974,0,0
11/13/1974,0,0
11/14/1974,0,0
11/15/1974,0,0
11/16/1974,0,0
11/17/1974,0,0
11/18/1974,0,0
11/19/1974,0.079376923,0
11/20/1974,0.5096384615384616,0
11/21/1974,1.4174707692307693,0
11/22/1974,0.14264923076923075,0
11/23/1974,0.065794615,0
11/24/1974,0,0
11/25/1974,0,0
11/26/1974,0,0
11/27/1974,0,0
11/28/1974,0,0
11/29/1974,0,0
11/30/1974,0,0
12/1/1974,0,0
12/2/1974,0,0
12/3/1974,0,0
12/4/1974,0,0
12/5/1974,0,0
12/6/1974,0,0
12/7/1974,0,0
12/8/1974,0,0
12/9/1974,0,0
12/10/1974,0,0
12/11/1974,0,0
12/12/1974,0,0
12/13/1974,0,0
12/14/1974,0,0
12/15/1974,0,0
12/16/1974,0,0
12/17/1974,0,0
12/18/1974,0,0
12/19/1974,0,0
12/20/1974,0,0
12/21/1974,0,0
12/22/1974,0,0
12/23/1974,0,0
12/24/1974,0,0
12/25/1974,0,0
12/26/1974,0,0
12/27/1974,0,0
12/28/1974,0,0
12/29/1974,0,0
12/30/1974,0,0
12/31/1974,0,0
1/1/1975,0,0
1/2/1975,0,0
1/3/1975,0,0
1/4/1975,0,0
1/5/1975,0,0
1/6/1975,0,0
1/7/1975,0,0
1/8/1975,0,0
1/9/1975,0,0
1/10/1975,0,0
1/11/1975,0,0
1/12/1975,0,0
1/13/1975,0,0
1/14/1975,0,0
1/15/1975,0,0
1/16/1975,0,0
1/17/1975,0,0
1/18/1975,0,0
1/19/1975,0,0
1/20/1975,0,0
1/21/1975,0,0
1/22/1975,0,0
1/23/1975,0,0
1/24/1975,0.057021538461538464,0
1/25/1975,0.2015633846153846,0
1/26/1975,0.2648530769230769,0
1/27/1975,0.008170769,0
1/28/1975,0,0
1/29/1975,0,0
1/30/1975,0,0
1/31/1975,0,0
2/1/1975,0,0
2/2/1975,0,0
2/3/1975,0,0
2/4/1975,0.012994615384615384,0
2/5/1975,0,0
2/6/1975,0.036980692307692305,0
2/7/1975,0.43856538461538463,0
2/8/1975,3.3285476923076924,0
2/9/1975,0.034439846153846154,0
2/10/1975,0,0
2/11/1975,0,0
2/12/1975,0,0
2/13/1975,0,0
2/14/1975,0,0
2/15/1975,0.14315953846153848,0
2/16/1975,2.7969384615384616,0
2/17/1975,7.159246153846154,0
2/18/1975,2.8904876923076923,0
2/19/1975,0,0
2/20/1975,0,0
2/21/1975,0,0
2/22/1975,0,0
2/23/1975,0.039849231,0
2/24/1975,0.056541538461538456,0
2/25/1975,0,0
2/26/1975,0,0
2/27/1975,0,0
2/28/1975,0,0
3/1/1975,0,0
3/2/1975,0,0
3/3/1975,0,0
3/4/1975,0,0
3/5/1975,0,0
3/6/1975,0,0
3/7/1975,0.040826308,0
3/8/1975,0,0
3/9/1975,0.068059615,0
3/10/1975,0.2466864615384615,0
3/11/1975,0,0
3/12/1975,0.5746484615384616,0
3/13/1975,0.004986308,0
3/14/1975,0.9471303846153846,0
3/15/1975,0.002500769,0
3/16/1975,0,0
3/17/1975,0.44913999999999993,0
3/18/1975,2.4266294615384614,0
3/19/1975,6.176864615384615,0
3/20/1975,0.13160046153846156,0
3/21/1975,0.1180473076923077,0
3/22/1975,0.02589,0
3/23/1975,0,0
3/24/1975,0.7459684615384615,0
3/25/1975,0.3531350769230769,0
3/26/1975,7.67838,0
3/27/1975,2.6316916923076925,0
3/28/1975,0,0
3/29/1975,0,0
3/30/1975,0,0
3/31/1975,0,0
4/1/1975,0,0
4/2/1975,0,0
4/3/1975,0,0
4/4/1975,0,0
4/5/1975,0,0
4/6/1975,0,0
4/7/1975,0,0
4/8/1975,0,0
4/9/1975,0,0
4/10/1975,0.096591077,0
4/11/1975,0,0
4/12/1975,0.9340938461538459,0
4/13/1975,0,0
4/14/1975,0,0
4/15/1975,1.8785299999999998,0
4/16/1975,0.7806292307692309,0
4/17/1975,3.9561853846153854,0
4/18/1975,0,0
4/19/1975,0,0
4/20/1975,0,0
4/21/1975,0.557423077,0
4/22/1975,0.3573207692307693,0
4/23/1975,0,0
4/24/1975,0.23730146153846154,0
4/25/1975,0.12218461538461539,0
4/26/1975,1.109173076923077,0
4/27/1975,0,0
4/28/1975,0.018143077,0
4/29/1975,0,0
4/30/1975,0,0
5/1/1975,0,0
5/2/1975,0.8379746923076922,0
5/3/1975,0.044446153846153844,0
5/4/1975,0.9060707692307693,0
5/5/1975,1.1413192307692308,0
5/6/1975,0,0
5/7/1975,0,0
5/8/1975,0.10022415384615384,0
5/9/1975,0,0
5/10/1975,0,0
5/11/1975,0,0
5/12/1975,0,0
5/13/1975,0,0
5/14/1975,3.5577307692307687,0
5/15/1975,0,0
5/16/1975,0.085813077,0
5/17/1975,0,0
5/18/1975,1.4734376153846154,0
5/19/1975,0.9659,0
5/20/1975,0.076902308,0
5/21/1975,2.125951307692308,0
5/22/1975,0.003164308,0
5/23/1975,0,0
5/24/1975,0.065118462,0
5/25/1975,0.396038,0
5/26/1975,0,0
5/27/1975,0.032042308,0
5/28/1975,0,0
5/29/1975,0.49220461538461535,0
5/30/1975,0.1696716923076923,0
5/31/1975,0.10966538461538462,0
6/1/1975,0,0
6/2/1975,4.818264615384615,0
6/3/1975,3.4494084615384613,0
6/4/1975,2.47465,0
6/5/1975,0.11303076923076924,0
6/6/1975,0.33592307692307694,0
6/7/1975,0.01214,0
6/8/1975,0.3189946153846154,0
6/9/1975,1.7671476923076925,0
6/10/1975,0.10590000000000001,0
6/11/1975,1.0860761538461539,0
6/12/1975,0.9806123076923078,0
6/13/1975,0.072777923,0
6/14/1975,3.451879230769231,0
6/15/1975,0.9320503846153845,0
6/16/1975,1.4710446153846155,0
6/17/1975,1.3737646153846157,0
6/18/1975,8.314246231,0
6/19/1975,9.217438462,0
6/20/1975,16.628984615384617,0
6/21/1975,1.2168924615384615,0
6/22/1975,0.4796893846153847,0
6/23/1975,1.574084615384615,0
6/24/1975,7.606142307692309,0
6/25/1975,9.542707692307694,0
6/26/1975,8.380284615384614,0
6/27/1975,12.509984615384617,0
6/28/1975,24.29552307692308,0
6/29/1975,15.908076923076923,0
6/30/1975,3.2346398461538466,0
7/1/1975,2.0936707692307692,0
7/2/1975,4.534738923076923,0
7/3/1975,3.7317115384615387,0
7/4/1975,2.781876923076924,0
7/5/1975,10.64828153846154,0
7/6/1975,2.4769930769230775,0
7/7/1975,3.3823313846153846,0
7/8/1975,6.331285384615385,0
7/9/1975,17.622961538461535,0
7/10/1975,3.924634615384615,0
7/11/1975,1.3112938461538461,0
7/12/1975,2.724259461538462,0
7/13/1975,6.9162461538461555,0
7/14/1975,19.63646153846154,0
7/15/1975,21.58923076923077,0
7/16/1975,11.467492307692309,0
7/17/1975,4.813924615384616,0
7/18/1975,12.34216153846154,0
7/19/1975,7.333684615384617,0
7/20/1975,2.5540995384615384,0
7/21/1975,3.5511692307692306,0
7/22/1975,14.714524076923075,0
7/23/1975,9.886130769,0
7/24/1975,7.757276923076922,0
7/25/1975,8.433746153846153,0
7/26/1975,6.366315384615385,0
7/27/1975,3.7579923076923083,0
7/28/1975,15.763007692307694,0
7/29/1975,28.00930769,0
7/30/1975,2.685723076923077,0
7/31/1975,15.59556153846154,0
8/1/1975,2.0990230769230767,0
8/2/1975,0.3506683076923076,0
8/3/1975,0.043381538461538464,0
8/4/1975,0.2198886923076923,0
8/5/1975,2.9567984615384617,0
8/6/1975,21.09376923076923,0
8/7/1975,16.101623076923076,0
8/8/1975,11.335953846153846,0
8/9/1975,10.420953846153846,0
8/10/1975,16.495769230769227,0
8/11/1975,4.257761538461538,0
8/12/1975,20.522076923076927,0
8/13/1975,18.035315384615384,0
8/14/1975,29.75715384615385,0
8/15/1975,6.633668461538462,0
8/16/1975,6.721766923076923,0
8/17/1975,8.825007692307691,0
8/18/1975,11.99396923076923,0
8/19/1975,35.17138461538461,0
8/20/1975,26.153899999999997,0
8/21/1975,6.801792307692309,0
8/22/1975,4.564329999999999,0
8/23/1975,7.715976923076924,0
8/24/1975,2.363636153846154,0
8/25/1975,1.4726846153846154,0
8/26/1975,1.621674923076923,0
8/27/1975,5.533901538461539,0
8/28/1975,26.379846153846152,0
8/29/1975,3.986126923076924,0
8/30/1975,3.5932407692307686,0
8/31/1975,1.2918546153846153,0
9/1/1975,2.7335769230769227,0
9/2/1975,6.490451538461539,0
9/3/1975,3.0827138461538457,0
9/4/1975,2.57464,0
9/5/1975,9.810484615384617,0
9/6/1975,4.145507692307692,0
9/7/1975,1.1036354615384614,0
9/8/1975,6.638076923076922,0
9/9/1975,14.451661538461538,0
9/10/1975,7.712961538461538,0
9/11/1975,6.662907692307692,0
9/12/1975,8.719530769230769,0
9/13/1975,6.473883076923077,0
9/14/1975,3.699685384615385,0
9/15/1975,5.765466923076924,0
9/16/1975,2.1969923076923075,0
9/17/1975,0.17593030769230766,0
9/18/1975,2.6024015384615384,0
9/19/1975,3.3541661538461542,0
9/20/1975,11.99568076923077,0
9/21/1975,6.594769999999999,0
9/22/1975,0.8182561538461536,0
9/23/1975,0.18365384615384614,0
9/24/1975,1.4610550000000002,0
9/25/1975,25.441430769230767,0
9/26/1975,23.030615384615388,0
9/27/1975,14.73143076923077,0
9/28/1975,6.372553846153846,0
9/29/1975,13.407861538461539,0
9/30/1975,13.357615384615384,0
10/1/1975,11.690576923076922,0
10/2/1975,2.4205353846153845,0
10/3/1975,10.003660769230768,0
10/4/1975,6.913976923076922,0
10/5/1975,3.003909230769231,0
10/6/1975,3.292592307692308,0
10/7/1975,10.056161538461538,0
10/8/1975,3.1140223076923075,0
10/9/1975,2.686383846153846,0
10/10/1975,1.7200076923076923,0
10/11/1975,11.386776923076923,0
10/12/1975,10.157869230769231,0
10/13/1975,0.13702153846153844,0
10/14/1975,0.040852307692307695,0
10/15/1975,0.11897076923076924,0
10/16/1975,0.11897076923076924,0
10/17/1975,1.481216923076923,0
10/18/1975,6.7216461538461525,0
10/19/1975,5.621346153846153,0
10/20/1975,7.492961538461537,0
10/21/1975,6.055238461538461,0
10/22/1975,0.3993069230769231,0
10/23/1975,0.49569484615384607,0
10/24/1975,0.29889261538461537,0
10/25/1975,16.97250769230769,0
10/26/1975,1.098606153846154,0
10/27/1975,0,0
10/28/1975,0.36079923076923076,0
10/29/1975,9.646284615384618,0
10/30/1975,2.0576376923076922,0
10/31/1975,7.7624615384615385,0
11/1/1975,6.242784615384616,0
11/2/1975,0,0
11/3/1975,0.4984353846153846,0
11/4/1975,0,0
11/5/1975,0.12369499999999999,0
11/6/1975,0,0
11/7/1975,0,0
11/8/1975,0,0
11/9/1975,0.012282307692307693,0
11/10/1975,1.168576923076923,0
11/11/1975,4.3844530769230765,0
11/12/1975,0,0
11/13/1975,0,0
11/14/1975,0,0
11/15/1975,0,0
11/16/1975,0,0
11/17/1975,0,0
11/18/1975,0,0
11/19/1975,0,0
11/20/1975,0,0
11/21/1975,0,0
11/22/1975,0,0
11/23/1975,0,0
11/24/1975,0,0
11/25/1975,0,0
11/26/1975,0,0
11/27/1975,0.020595384615384613,0
11/28/1975,0,0
11/29/1975,1.9483053846153846,0
11/30/1975,0,0
12/1/1975,0,0
12/2/1975,0,0
12/3/1975,0,0
12/4/1975,0,0
12/5/1975,0,0
12/6/1975,0,0
12/7/1975,0,0
12/8/1975,0,0
12/9/1975,0,0
12/10/1975,0,0
12/11/1975,0,0
12/12/1975,0,0
12/13/1975,0,0
12/14/1975,0,0
12/15/1975,0,0
12/16/1975,0,0
12/17/1975,0,0
12/18/1975,0,0
12/19/1975,0,0
12/20/1975,0,0
12/21/1975,0,0
12/22/1975,0,0
12/23/1975,0,0
12/24/1975,0,0
12/25/1975,0,0
12/26/1975,0,0
12/27/1975,0,0
12/28/1975,0,0
12/29/1975,0,0
12/30/1975,0,0
12/31/1975,0,0
1/1/1976,0,0
1/2/1976,0,0
1/3/1976,0,0
1/4/1976,0,0
1/5/1976,0,0
1/6/1976,0,0
1/7/1976,0,0
1/8/1976,0,0
1/9/1976,0,0
1/10/1976,0,0
1/11/1976,0,0
1/12/1976,0,0
1/13/1976,0,0
1/14/1976,0,0
1/15/1976,0,0
1/16/1976,0,0
1/17/1976,0,0
1/18/1976,0,0
1/19/1976,0,0
1/20/1976,0,0
1/21/1976,0,0
1/22/1976,0,0
1/23/1976,0,0
1/24/1976,0,0
1/25/1976,0,0
1/26/1976,0,0
1/27/1976,0,0
1/28/1976,0,0
1/29/1976,0,0
1/30/1976,0,0
1/31/1976,0,0
2/1/1976,0,0
2/2/1976,0,0
2/3/1976,0,0
2/4/1976,0,0
2/5/1976,0.019461538,0
2/6/1976,2.9273207692307697,0
2/7/1976,3.417846153846154,0
2/8/1976,0,0
2/9/1976,0,0
2/10/1976,0,0
2/11/1976,0,0
2/12/1976,0,0
2/13/1976,0,0
2/14/1976,0,0
2/15/1976,0,0
2/16/1976,0.018057769,0
2/17/1976,0,0
2/18/1976,0,0
2/19/1976,0,0
2/20/1976,0.03108,0
2/21/1976,0.02072,0
2/22/1976,0,0
2/23/1976,0,0
2/24/1976,0,0
2/25/1976,0.14193076923076922,0
2/26/1976,0,0
2/27/1976,0,0
2/28/1976,0,0
2/29/1976,0,0
3/1/1976,0,0
3/2/1976,0,0
3/3/1976,0,0
3/4/1976,0,0
3/5/1976,0,0
3/6/1976,0,0
3/7/1976,0,0
3/8/1976,0,0
3/9/1976,0.068761692,0
3/10/1976,2.9547846153846153,0
3/11/1976,0.019786923076923077,0
3/12/1976,0,0
3/13/1976,0.068761692,0
3/14/1976,0.12469230769230769,0
3/15/1976,0.21349530769230768,0
3/16/1976,0,0
3/17/1976,0,0
3/18/1976,0,0
3/19/1976,0,0
3/20/1976,0,0
3/21/1976,0.525083077,0
3/22/1976,0.045783692,0
3/23/1976,0,0
3/24/1976,0.044013,0
3/25/1976,0.24894661538461538,0
3/26/1976,0,0
3/27/1976,0,0
3/28/1976,0.16648269230769233,0
3/29/1976,0,0
3/30/1976,0,0
3/31/1976,2.6654146153846154,0
4/1/1976,0,0
4/2/1976,0.030651538,0
4/3/1976,0.095601538,0
4/4/1976,0.1600887692307692,0
4/5/1976,4.069915384615384,0
4/6/1976,0.9099071538461538,0
4/7/1976,0,0
4/8/1976,0,0
4/9/1976,0.074616154,0
4/10/1976,0.02951,0
4/11/1976,0.15301246153846154,0
4/12/1976,0,0
4/13/1976,0,0
4/14/1976,0,0
4/15/1976,0,0
4/16/1976,1.0872384615384616,0
4/17/1976,3.2458676923076926,0
4/18/1976,0,0
4/19/1976,0,0
4/20/1976,0,0
4/21/1976,0,0
4/22/1976,0.35630253846153853,0
4/23/1976,2.003815846153846,0
4/24/1976,0.14849807692307693,0
4/25/1976,0.9530241538461539,0
4/26/1976,2.018416153846154,0
4/27/1976,2.970753846153846,0
4/28/1976,0.040972308,0
4/29/1976,0,0
4/30/1976,0,0
5/1/1976,0,0
5/2/1976,0,0
5/3/1976,0,0
5/4/1976,0,0
5/5/1976,0,0
5/6/1976,0,0
5/7/1976,0,0
5/8/1976,1.2269407692307692,0
5/9/1976,0.8499516153846154,0
5/10/1976,0.26576784615384613,0
5/11/1976,0.010246923076923077,0
5/12/1976,3.16019,0
5/13/1976,3.1409846153846153,0
5/14/1976,14.730976923076925,0
5/15/1976,1.148221076923077,0
5/16/1976,4.6999615384615385,0
5/17/1976,1.6995438461538463,0
5/18/1976,0.8978338461538462,0
5/19/1976,3.7146230769230772,0
5/20/1976,0.055750615384615385,0
5/21/1976,0.3025853846153846,0
5/22/1976,0,0
5/23/1976,0.002446231,0
5/24/1976,0.9339223076923078,0
5/25/1976,1.1102931538461538,0
5/26/1976,0.29634246153846155,0
5/27/1976,0.16223846153846155,0
5/28/1976,0,0
5/29/1976,0.20017692307692309,0
5/30/1976,0.012830384615384615,0
5/31/1976,0.5355146153846154,0
6/1/1976,0.5433838461538462,0
6/2/1976,1.1379646153846155,0
6/3/1976,0.11875423076923076,0
6/4/1976,0.40147161538461545,0
6/5/1976,7.672969230769231,0
6/6/1976,1.0885461538461538,0
6/7/1976,2.308507692307692,0
6/8/1976,0.38203815384615386,0
6/9/1976,0.942660769,0
6/10/1976,0,0
6/11/1976,0.004388308,0
6/12/1976,0.7657353846153847,0
6/13/1976,0,0
6/14/1976,0,0
6/15/1976,0,0
6/16/1976,0.48095384615384607,0
6/17/1976,1.1582863076923076,0
6/18/1976,2.355171538461539,0
6/19/1976,3.1623384615384613,0
6/20/1976,5.541987692307692,0
6/21/1976,4.727403076923077,0
6/22/1976,2.935661538461538,0
6/23/1976,1.961572307692308,0
6/24/1976,9.737653846153846,0
6/25/1976,19.166338461538462,0
6/26/1976,19.62076923076923,0
6/27/1976,17.25723076923077,0
6/28/1976,11.499080000000001,0
6/29/1976,2.9803591538461536,0
6/30/1976,10.71896923076923,0
7/1/1976,0.8967668461538463,0
7/2/1976,0.7043983076923077,0
7/3/1976,9.563015384615385,0
7/4/1976,8.522069231,0
7/5/1976,8.157879230769232,0
7/6/1976,4.065104615384615,0
7/7/1976,7.653423076923076,0
7/8/1976,3.4008307692307693,0
7/9/1976,13.000146153846154,0
7/10/1976,14.322815384615385,0
7/11/1976,11.945674615384613,0
7/12/1976,2.255605384615385,0
7/13/1976,2.562513076923077,0
7/14/1976,1.577649230769231,0
7/15/1976,2.9069299999999996,0
7/16/1976,17.1366,0
7/17/1976,23.194476923076927,0
7/18/1976,19.069015384615387,0
7/19/1976,15.427730769230768,0
7/20/1976,22.975461538461538,0
7/21/1976,23.047038461538463,0
7/22/1976,6.644584615384616,0
7/23/1976,3.901031538461538,0
7/24/1976,4.712108461538461,0
7/25/1976,11.719015384615385,0
7/26/1976,12.965453846153846,0
7/27/1976,2.9104,0
7/28/1976,10.641092307692308,0
7/29/1976,9.448178461538463,0
7/30/1976,4.631653846153846,0
7/31/1976,14.799892307692307,0
8/1/1976,11.3439,0
8/2/1976,29.89176923076923,0
8/3/1976,32.74061538461538,0
8/4/1976,11.13203846153846,0
8/5/1976,13.157043000000003,0
8/6/1976,6.125336923076923,0
8/7/1976,2.620058461538462,0
8/8/1976,0.3496523076923077,0
8/9/1976,4.461302307692308,0
8/10/1976,14.894553846153848,0
8/11/1976,1.7665818461538463,0
8/12/1976,9.533269230769232,0
8/13/1976,50.44623076923077,0
8/14/1976,73.80492307692307,0
8/15/1976,18.20356923076923,0
8/16/1976,1.0832376923076923,0
8/17/1976,5.008376923076923,0
8/18/1976,6.060892307692307,0
8/19/1976,8.678753846153846,0
8/20/1976,4.091869231,0
8/21/1976,4.939276923076923,0
8/22/1976,0.6075696923076923,0
8/23/1976,0.44280923076923084,0
8/24/1976,2.1168346153846156,0
8/25/1976,2.348391615384615,0
8/26/1976,3.5580100000000003,0
8/27/1976,6.367700000000001,0
8/28/1976,6.966554615384615,0
8/29/1976,2.912848461538462,0
8/30/1976,11.966499999999998,0
8/31/1976,22.50307692307692,0
9/1/1976,8.3908,0
9/2/1976,13.656884615384616,0
9/3/1976,17.232384615384618,0
9/4/1976,23.287,0
9/5/1976,29.279153846153843,0
9/6/1976,6.091112307692308,0
9/7/1976,7.067092307692307,0
9/8/1976,0.48364,0
9/9/1976,0.22665330769230768,0
9/10/1976,1.8586492307692308,0
9/11/1976,2.394321538461538,0
9/12/1976,11.244053846153845,0
9/13/1976,17.476223076923073,0
9/14/1976,6.587907692307691,0
9/15/1976,0.8296684615384616,0
9/16/1976,0.6069411538461539,0
9/17/1976,0,0
9/18/1976,0,0
9/19/1976,0.022455384615384617,0
9/20/1976,0.126542,0
9/21/1976,1.5965623076923074,0
9/22/1976,1.7006416153846153,0
9/23/1976,0.006327077,0
9/24/1976,0.4485530769230769,0
9/25/1976,1.5839292307692303,0
9/26/1976,0.4977332307692308,0
9/27/1976,3.502423076923077,0
9/28/1976,1.0590911538461538,0
9/29/1976,0.6092479230769231,0
9/30/1976,1.5132816923076922,0
10/1/1976,0,0
10/2/1976,0,0
10/3/1976,0,0
10/4/1976,0.054909,0
10/5/1976,0,0
10/6/1976,0,0
10/7/1976,0,0
10/8/1976,0,0
10/9/1976,0,0
10/10/1976,0,0
10/11/1976,0,0
10/12/1976,0,0
10/13/1976,0,0
10/14/1976,0,0
10/15/1976,0,0
10/16/1976,0,0
10/17/1976,0.9554430769230768,0
10/18/1976,1.8187711538461535,0
10/19/1976,12.267618461538463,0
10/20/1976,0.10652584615384615,0
10/21/1976,2.407239076923077,0
10/22/1976,0,0
10/23/1976,0.032503846153846154,0
10/24/1976,0,0
10/25/1976,0,0
10/26/1976,0,0
10/27/1976,0,0
10/28/1976,0.002611154,0
10/29/1976,0,0
10/30/1976,0,0
10/31/1976,0,0
11/1/1976,0,0
11/2/1976,0,0
11/3/1976,0,0
11/4/1976,0,0
11/5/1976,0.049602307692307696,0
11/6/1976,0.7879042307692307,0
11/7/1976,0.4618745384615385,0
11/8/1976,1.2669166153846154,0
11/9/1976,0.038172308,0
11/10/1976,0.9503761538461538,0
11/11/1976,4.494192307692308,0
11/12/1976,3.1912,0
11/13/1976,0.5692989230769231,0
11/14/1976,0,0
11/15/1976,0,0
11/16/1976,0.24179723076923076,0
11/17/1976,0,0
11/18/1976,0,0
11/19/1976,0,0
11/20/1976,0,0
11/21/1976,0,0
11/22/1976,0,0
11/23/1976,0,0
11/24/1976,0,0
11/25/1976,0,0
11/26/1976,1.3575015384615385,0
11/27/1976,1.658044076923077,0
11/28/1976,2.1907169230769235,0
11/29/1976,0.17213846153846155,0
11/30/1976,0,0
12/1/1976,0,0
12/2/1976,0,0
12/3/1976,0,0
12/4/1976,0,0
12/5/1976,0,0
12/6/1976,0,0
12/7/1976,0,0
12/8/1976,0,0
12/9/1976,0,0
12/10/1976,0,0
12/11/1976,0,0
12/12/1976,0,0
12/13/1976,0,0
12/14/1976,0,0
12/15/1976,0,0
12/16/1976,0,0
12/17/1976,0,0
12/18/1976,0,0
12/19/1976,0,0
12/20/1976,0,0
12/21/1976,0,0
12/22/1976,0,0
12/23/1976,0,0
12/24/1976,0,0
12/25/1976,0,0
12/26/1976,0,0
12/27/1976,0,0
12/28/1976,0,0
12/29/1976,0,0
12/30/1976,0,0
12/31/1976,0,0
1/1/1977,0.022654538461538462,0
1/2/1977,0.7251191538461538,0
1/3/1977,0,0
1/4/1977,0,0
1/5/1977,0,0
1/6/1977,0,0
1/7/1977,0,0
1/8/1977,0,0
1/9/1977,0,0
1/10/1977,0,0
1/11/1977,0,0
1/12/1977,0,0
1/13/1977,0,0
1/14/1977,0,0
1/15/1977,0,0
1/16/1977,0,0
1/17/1977,0,0
1/18/1977,0,0
1/19/1977,0,0
1/20/1977,0,0
1/21/1977,0.5133044615384615,0
1/22/1977,3.38946,0
1/23/1977,0,0
1/24/1977,0,0
1/25/1977,0,0
1/26/1977,0,0
1/27/1977,0,0
1/28/1977,0,0
1/29/1977,0,0
1/30/1977,0,0
1/31/1977,0,0
2/1/1977,0,0
2/2/1977,0,0
2/3/1977,0,0
2/4/1977,0,0
2/5/1977,0,0
2/6/1977,0,0
2/7/1977,0.052493846153846155,0
2/8/1977,0,0
2/9/1977,0,0
2/10/1977,0,0
2/11/1977,0,0
2/12/1977,0,0
2/13/1977,0,0
2/14/1977,0,0
2/15/1977,0,0
2/16/1977,0,0
2/17/1977,0,0
2/18/1977,0.018524692307692305,0
2/19/1977,0,0
2/20/1977,0,0
2/21/1977,1.4653376923076922,0
2/22/1977,1.3477361538461539,0
2/23/1977,0.6873843076923077,0
2/24/1977,2.5411207692307696,0
2/25/1977,1.1339713846153847,0
2/26/1977,0.42851653846153853,0
2/27/1977,0.1930136923076923,0
2/28/1977,0,0
3/1/1977,0,0
3/2/1977,0.7169246153846155,0
3/3/1977,0,0
3/4/1977,0,0
3/5/1977,0,0
3/6/1977,0,0
3/7/1977,0,0
3/8/1977,0,0
3/9/1977,0,0
3/10/1977,0,0
3/11/1977,0,0
3/12/1977,0,0
3/13/1977,0,0
3/14/1977,0,0
3/15/1977,0,0
3/16/1977,0,0
3/17/1977,0.24288769230769233,0
3/18/1977,1.1027192307692308,0
3/19/1977,0,0
3/20/1977,0,0
3/21/1977,0,0
3/22/1977,0.21526153846153845,0
3/23/1977,0,0
3/24/1977,0,0
3/25/1977,0,0
3/26/1977,0,0
3/27/1977,0.2405846153846154,0
3/28/1977,0,0
3/29/1977,0,0
3/30/1977,0,0
3/31/1977,0,0
4/1/1977,0.2405846153846154,0
4/2/1977,4.1249199999999995,0
4/3/1977,0.395024,0
4/4/1977,0.11924476923076924,0
4/5/1977,0,0
4/6/1977,2.154748692307692,0
4/7/1977,8.509069230769231,0
4/8/1977,2.1510610000000003,0
4/9/1977,0.12952592307692307,0
4/10/1977,4.900276153846154,0
4/11/1977,2.439106153846154,0
4/12/1977,1.0496730769230769,0
4/13/1977,0.15244246153846155,0
4/14/1977,1.0288633846153845,0
4/15/1977,0.5452816923076923,0
4/16/1977,0.106444,0
4/17/1977,4.689592307692308,0
4/18/1977,7.5532076923076925,0
4/19/1977,0.24229623076923074,0
4/20/1977,0.075602846,0
4/21/1977,0.6830763846153847,0
4/22/1977,1.3026261538461539,0
4/23/1977,4.013340769230768,0
4/24/1977,0,0
4/25/1977,0,0
4/26/1977,0.5516132307692307,0
4/27/1977,2.284745461538462,0
4/28/1977,0,0
4/29/1977,0.5244829999999999,0
4/30/1977,1.29877,0
5/1/1977,0.348066923,0
5/2/1977,2.5027476923076923,0
5/3/1977,0.054963231,0
5/4/1977,7.220213846153846,0
5/5/1977,22.907553846153842,0
5/6/1977,9.094146153846154,0
5/7/1977,0.087737308,0
5/8/1977,17.60476153846154,0
5/9/1977,10.970092307692308,0
5/10/1977,2.829294615384615,0
5/11/1977,17.182176923076923,0
5/12/1977,4.264456923076923,0
5/13/1977,1.5803246153846153,0
5/14/1977,0,0
5/15/1977,0,0
5/16/1977,2.2158576923076927,0
5/17/1977,6.034769230769229,0
5/18/1977,0.1007923076923077,0
5/19/1977,0,0
5/20/1977,0,0
5/21/1977,0,0
5/22/1977,0.6984092307692309,0
5/23/1977,0.7780876923076924,0
5/24/1977,7.146330769230769,0
5/25/1977,0.3954061538461539,0
5/26/1977,0.12615615384615383,0
5/27/1977,5.309865384615384,0
5/28/1977,5.304044615384616,0
5/29/1977,4.526626923076922,0
5/30/1977,0,0
5/31/1977,0,0
6/1/1977,0,0
6/2/1977,0,0
6/3/1977,0,0
6/4/1977,2.158923076923077,0
6/5/1977,1.710490769230769,0
6/6/1977,0,0
6/7/1977,9.104992308,0
6/8/1977,0,0
6/9/1977,0.40014792307692304,0
6/10/1977,3.1684276923076924,0
6/11/1977,1.3220962307692308,0
6/12/1977,0.2126836153846154,0
6/13/1977,6.2723530769230775,0
6/14/1977,1.6968492307692307,0
6/15/1977,5.851967692307691,0
6/16/1977,1.007922846153846,0
6/17/1977,7.658838461538461,0
6/18/1977,5.4832769230769225,0
6/19/1977,1.4525138461538463,0
6/20/1977,1.9009446153846155,0
6/21/1977,5.196418461538461,0
6/22/1977,2.8690315384615386,0
6/23/1977,6.2377153846153846,0
6/24/1977,12.229299999999999,0
6/25/1977,17.63066923076923,0
6/26/1977,11.38066153846154,0
6/27/1977,6.4410461538461545,0
6/28/1977,11.311376923076923,0
6/29/1977,0.8383353846153848,0
6/30/1977,0.3052734615384615,0
7/1/1977,3.2303230769230775,0
7/2/1977,5.771761538461537,0
7/3/1977,10.032723076923077,0
7/4/1977,17.431538461538462,0
7/5/1977,20.63803076923077,0
7/6/1977,9.044823076923077,0
7/7/1977,4.123535384615385,0
7/8/1977,0.5315879230769232,0
7/9/1977,2.0310786923076924,0
7/10/1977,1.5926461538461538,0
7/11/1977,11.252023076923077,0
7/12/1977,4.507679230769231,0
7/13/1977,2.8680369230769234,0
7/14/1977,5.2016807692307685,0
7/15/1977,19.08843076923077,0
7/16/1977,10.890784615384614,0
7/17/1977,16.5832,0
7/18/1977,4.811815384615385,0
7/19/1977,6.372458461538462,0
7/20/1977,1.9275952307692306,0
7/21/1977,1.0247071538461539,0
7/22/1977,0.30139153846153843,0
7/23/1977,1.041683076923077,0
7/24/1977,8.1278,0
7/25/1977,8.570761538,0
7/26/1977,19.914384615384616,0
7/27/1977,11.478792307692308,0
7/28/1977,1.6320330769230769,0
7/29/1977,2.6359415384615383,0
7/30/1977,5.823046153846154,0
7/31/1977,19.824007692307696,0
8/1/1977,2.042760769230769,0
8/2/1977,5.048815384615385,0
8/3/1977,4.078871153846153,0
8/4/1977,19.25329230769231,0
8/5/1977,22.842907692307694,0
8/6/1977,6.614238461538461,0
8/7/1977,3.2948084615384614,0
8/8/1977,21.008884615384616,0
8/9/1977,9.931569230769231,0
8/10/1977,1.4781807692307691,0
8/11/1977,3.78305,0
8/12/1977,2.888427692307692,0
8/13/1977,6.581092307692307,0
8/14/1977,4.418727692307693,0
8/15/1977,10.755215384615383,0
8/16/1977,9.831046153846154,0
8/17/1977,1.577013076923077,0
8/18/1977,4.682653846153846,0
8/19/1977,3.8215076923076925,0
8/20/1977,16.4223,0
8/21/1977,24.76993846153846,0
8/22/1977,13.63709230769231,0
8/23/1977,11.915553846153845,0
8/24/1977,5.712984615384615,0
8/25/1977,4.346453076923077,0
8/26/1977,5.897553846153846,0
8/27/1977,9.516546153846155,0
8/28/1977,6.977948461538461,0
8/29/1977,8.596461000000001,0
8/30/1977,2.8582646153846154,0
8/31/1977,11.811615384615383,0
9/1/1977,15.945946153846155,0
9/2/1977,20.530692307692302,0
9/3/1977,3.713176923076924,0
9/4/1977,7.440950846153847,0
9/5/1977,9.164938461538462,0
9/6/1977,10.550623076923076,0
9/7/1977,10.591253846153847,0
9/8/1977,10.797756923076925,0
9/9/1977,4.420093076923077,0
9/10/1977,81.23607692307692,0
9/11/1977,41.408846153846156,0
9/12/1977,37.49938461538461,0
9/13/1977,51.93076923076923,0
9/14/1977,0.3029003076923077,0
9/15/1977,0.074294615,0
9/16/1977,0.2429518461538462,0
9/17/1977,0.3255289230769231,0
9/18/1977,0.003218385,0
9/19/1977,0.15725392307692307,0
9/20/1977,0.9921723076923077,0
9/21/1977,0.091493077,0
9/22/1977,0,0
9/23/1977,0,0
9/24/1977,0.007836154,0
9/25/1977,1.0613793076923075,0
9/26/1977,4.794320000000001,0
9/27/1977,9.139299999999999,0
9/28/1977,7.863515384615384,0
9/29/1977,3.2972307692307696,0
9/30/1977,0.028853846153846154,0
10/1/1977,4.180353846153846,0
10/2/1977,5.842449231,0
10/3/1977,6.704976923076923,0
10/4/1977,0.8563360769230768,0
10/5/1977,4.069890692307693,0
10/6/1977,1.7777284615384614,0
10/7/1977,2.2376120000000004,0
10/8/1977,0.003068538,0
10/9/1977,0,0
10/10/1977,1.1357261538461538,0
10/11/1977,0,0
10/12/1977,0,0
10/13/1977,0.014216923076923078,0
10/14/1977,0.497396923,0
10/15/1977,0.3450860769230769,0
10/16/1977,0.3821040769230769,0
10/17/1977,0.009205385,0
10/18/1977,0,0
10/19/1977,0.005884385,0
10/20/1977,0,0
10/21/1977,0.096130769,0
10/22/1977,2.4011646153846153,0
10/23/1977,0,0
10/24/1977,0,0
10/25/1977,0.039333077,0
10/26/1977,0,0
10/27/1977,0,0
10/28/1977,0,0
10/29/1977,0,0
10/30/1977,0,0
10/31/1977,0,0
11/1/1977,0.26103076923076923,0
11/2/1977,0.060861923,0
11/3/1977,0.012373076923076922,0
11/4/1977,0.011441231,0
11/5/1977,0.014125384615384614,0
11/6/1977,0,0
11/7/1977,0,0
11/8/1977,0,0
11/9/1977,0,0
11/10/1977,0,0
11/11/1977,0,0
11/12/1977,0,0
11/13/1977,0,0
11/14/1977,0,0
11/15/1977,0,0
11/16/1977,0,0
11/17/1977,0,0
11/18/1977,0,0
11/19/1977,0,0
11/20/1977,0.3375967692307692,0
11/21/1977,1.8941746153846155,0
11/22/1977,71.29661538461538,0
11/23/1977,7.600407692307692,0
11/24/1977,5.375806153846153,0
11/25/1977,54.263769230769256,0
11/26/1977,9.936020000000001,0
11/27/1977,1.251826923076923,0
11/28/1977,0.3865903076923077,0
11/29/1977,0.099732385,0
11/30/1977,0,0
12/1/1977,0.16448092307692308,0
12/2/1977,3.8446792307692306,0
12/3/1977,0,0
12/4/1977,0.14754307692307694,0
12/5/1977,0,0
12/6/1977,0,0
12/7/1977,0,0
12/8/1977,0,0
12/9/1977,0,0
12/10/1977,0,0
12/11/1977,0,0
12/12/1977,0,0
12/13/1977,0,0
12/14/1977,0,0
12/15/1977,0,0
12/16/1977,0,0
12/17/1977,0,0
12/18/1977,0,0
12/19/1977,0,0
12/20/1977,0,0
12/21/1977,0,0
12/22/1977,0,0
12/23/1977,0,0
12/24/1977,0,0
12/25/1977,0,0
12/26/1977,0,0
12/27/1977,0,0
12/28/1977,0,0
12/29/1977,0,0
12/30/1977,7.887261538461539,0
12/31/1977,0.014221615384615385,0
1/1/1978,0,0
1/2/1978,0,0
1/3/1978,0,0
1/4/1978,0,0
1/5/1978,0,0
1/6/1978,0,0
1/7/1978,0,0
1/8/1978,0.009617692,0
1/9/1978,0,0
1/10/1978,0,0
1/11/1978,0.023707308,0
1/12/1978,0,0
1/13/1978,0,0
1/14/1978,0,0
1/15/1978,0,0
1/16/1978,0,0
1/17/1978,0,0
1/18/1978,0,0
1/19/1978,0,0
1/20/1978,0,0
1/21/1978,0,0
1/22/1978,0,0
1/23/1978,3.9186653846153847,0
1/24/1978,0.002255385,0
1/25/1978,0,0
1/26/1978,0,0
1/27/1978,0,0
1/28/1978,0,0
1/29/1978,0,0
1/30/1978,0,0
1/31/1978,0,0
2/1/1978,0,0
2/2/1978,0.12056846153846154,0
2/3/1978,3.2736230769230774,0
2/4/1978,9.521076923076922,0
2/5/1978,9.254884615384615,0
2/6/1978,0,0
2/7/1978,2.4714361538461542,0
2/8/1978,9.259746153846155,0
2/9/1978,9.596638461538463,0
2/10/1978,0.003847231,0
2/11/1978,0,0
2/12/1978,0,0
2/13/1978,0,0
2/14/1978,0.006781769,0
2/15/1978,0,0
2/16/1978,0,0
2/17/1978,0,0
2/18/1978,0,0
2/19/1978,0.3694915384615385,0
2/20/1978,4.555520769230768,0
2/21/1978,6.604523076923076,0
2/22/1978,0.028000076923076926,0
2/23/1978,0,0
2/24/1978,0,0
2/25/1978,0,0
2/26/1978,0,0
2/27/1978,0,0
2/28/1978,0,0
3/1/1978,0,0
3/2/1978,0,0
3/3/1978,0.026858462,0
3/4/1978,0,0
3/5/1978,0.031118462,0
3/6/1978,2.2129984615384615,0
3/7/1978,0.16293546153846156,0
3/8/1978,2.1316776923076928,0
3/9/1978,0.9967330769230768,0
3/10/1978,0,0
3/11/1978,0.3953415384615385,0
3/12/1978,4.925166923076924,0
3/13/1978,4.810764615384615,0
3/14/1978,0.054578461538461534,0
3/15/1978,0,0
3/16/1978,0,0
3/17/1978,0,0
3/18/1978,0.2813523076923076,0
3/19/1978,1.8148846153846152,0
3/20/1978,4.700911538461538,0
3/21/1978,0.036321538,0
3/22/1978,3.3388999999999998,0
3/23/1978,7.894453846153845,0
3/24/1978,0,0
3/25/1978,0,0
3/26/1978,0.3185107692307692,0
3/27/1978,0.9306555384615387,0
3/28/1978,0.11112061538461539,0
3/29/1978,2.313122307692308,0
3/30/1978,2.689310769230769,0
3/31/1978,0.9812803846153846,0
4/1/1978,0,0
4/2/1978,0.018183076923076923,0
4/3/1978,0,0
4/4/1978,2.6916561538461536,0
4/5/1978,0.49797707692307686,0
4/6/1978,0.4047982307692307,0
4/7/1978,0.031869231,0
4/8/1978,0,0
4/9/1978,0.035601385,0
4/10/1978,0,0
4/11/1978,0,0
4/12/1978,0.16432446153846153,0
4/13/1978,0,0
4/14/1978,0.14788907692307693,0
4/15/1978,0,0
4/16/1978,0.053373846,0
4/17/1978,0.28171107692307695,0
4/18/1978,0,0
4/19/1978,0,0
4/20/1978,1.2390976923076922,0
4/21/1978,0.689613077,0
4/22/1978,0.8281872307692308,0
4/23/1978,0.5705080769230769,0
4/24/1978,0.021159999999999998,0
4/25/1978,0.21636153846153847,0
4/26/1978,1.839746153846154,0
4/27/1978,4.576438461538462,0
4/28/1978,1.2437984615384616,0
4/29/1978,0,0
4/30/1978,0,0
5/1/1978,1.0349210000000002,0
5/2/1978,1.241703076923077,0
5/3/1978,0.6626264615384615,0
5/4/1978,0.6091880769230769,0
5/5/1978,0.3975946153846153,0
5/6/1978,1.099069230769231,0
5/7/1978,9.259484615384615,0
5/8/1978,0.13910123076923075,0
5/9/1978,0.8160669230769232,0
5/10/1978,5.71158,0
5/11/1978,0,0
5/12/1978,1.090393076923077,0
5/13/1978,4.421327692307693,0
5/14/1978,12.39223176923077,0
5/15/1978,0.3056345384615385,0
5/16/1978,0,0
5/17/1978,0,0
5/18/1978,0.064586154,0
5/19/1978,0,0
5/20/1978,0,0
5/21/1978,0,0
5/22/1978,0,0
5/23/1978,0,0
5/24/1978,0,0
5/25/1978,0.053684615,0
5/26/1978,0.1908507692307692,0
5/27/1978,0.042948692307692306,1.9
5/28/1978,0.078586308,1.9
5/29/1978,0,1.9
5/30/1978,0,1.9
5/31/1978,0,1.9
6/1/1978,0.13642307692307692,1.9
6/2/1978,0,1.9
6/3/1978,0.6178043846153846,1.9
6/4/1978,4.725146923076924,1.9
6/5/1978,0.021389538,1.9
6/6/1978,0.043426923,1.9
6/7/1978,0,1.9
6/8/1978,0.2668138461538462,1.9
6/9/1978,1.0913535384615385,1.9
6/10/1978,1.1703361538461536,1.9
6/11/1978,1.1158936153846153,1.9
6/12/1978,1.93389,1.9
6/13/1978,0,1.9
6/14/1978,2.1154315384615385,1.9
6/15/1978,7.976861538,1.9
6/16/1978,2.451824615384615,1.9
6/17/1978,6.512807692307693,1.9
6/18/1978,13.388330769230768,1.9
6/19/1978,3.610486153846154,1.9
6/20/1978,2.926546153846154,0.7
6/21/1978,9.0108,0.7
6/22/1978,16.501915384615383,0.7
6/23/1978,6.533532307692307,0.7
6/24/1978,11.124792307692305,0.7
6/25/1978,11.437607692307694,0.7
6/26/1978,1.1020907692307693,0.7
6/27/1978,1.5985515384615385,0.7
6/28/1978,1.5321392307692305,0.7
6/29/1978,0.4993421538461539,0.7
6/30/1978,4.031610769230769,0.7
7/1/1978,13.45666153846154,0.7
7/2/1978,3.6477400000000006,0.7
7/3/1978,3.678362307692308,0.7
7/4/1978,5.714089230769232,0.7
7/5/1978,4.598434615384615,0.7
7/6/1978,11.969561538461537,0.7
7/7/1978,5.414553846153846,0.7
7/8/1978,11.680407692307691,0.7
7/9/1978,11.633653846153845,0.7
7/10/1978,30.951538461538462,0.7
7/11/1978,15.692923076923076,0.7
7/12/1978,17.14562307692308,0.7
7/13/1978,23.157230769230768,0.7
7/14/1978,28.342846153846153,0
7/15/1978,2.1939726153846157,0
7/16/1978,4.9855659230769245,0
7/17/1978,4.2464076923076925,0
7/18/1978,15.278153846153845,0
7/19/1978,7.158246153846154,0
7/20/1978,1.4670586153846155,0
7/21/1978,1.324336923076923,0
7/22/1978,10.50366923076923,0
7/23/1978,26.666092307692303,0
7/24/1978,9.565176923076923,0
7/25/1978,17.372223076923078,0
7/26/1978,8.925746153846152,0
7/27/1978,3.9563992307692306,0
7/28/1978,0.6868053846153845,0
7/29/1978,8.268692307692309,0
7/30/1978,3.6160461538461535,0
7/31/1978,6.731884615384616,0
8/1/1978,17.69183076923077,0
8/2/1978,9.261292307692306,0
8/3/1978,25.92243076923077,0
8/4/1978,17.512315384615384,0
8/5/1978,6.034865384615385,0
8/6/1978,2.773250769230769,0
8/7/1978,6.5134395384615384,0
8/8/1978,0.4888561538461538,0
8/9/1978,0.19130661538461538,0
8/10/1978,2.611933076923077,0
8/11/1978,16.576700000000002,0
8/12/1978,3.544532307692308,0
8/13/1978,16.33376923076923,0
8/14/1978,25.910615384615387,0
8/15/1978,15.997076923076921,0
8/16/1978,23.058899999999994,0
8/17/1978,21.87161538461538,0
8/18/1978,7.090553846153848,0
8/19/1978,7.645970000000001,0
8/20/1978,16.65283846153846,0
8/21/1978,10.051653846153847,0
8/22/1978,11.943276923076922,0
8/23/1978,11.657100000000002,0
8/24/1978,36.37513846153846,0
8/25/1978,20.55153076923077,0
8/26/1978,2.1304969230769233,0
8/27/1978,6.1167461538461545,0
8/28/1978,46.92207692307692,0
8/29/1978,89.89169231,0
8/30/1978,10.997253846153844,0
8/31/1978,1.4443599999999999,0
9/1/1978,0,0
9/2/1978,6.637961538461539,0
9/3/1978,25.545253846153848,0
9/4/1978,1.468604615384615,0
9/5/1978,0.5190646153846153,0
9/6/1978,0.5147376923076923,0
9/7/1978,7.311153846153847,0
9/8/1978,1.955991538461538,0
9/9/1978,0.24664615384615385,0
9/10/1978,1.5486053846153847,0
9/11/1978,8.962923076923078,0
9/12/1978,3.442031538461539,0
9/13/1978,3.857369231,0
9/14/1978,8.426069230769231,0
9/15/1978,5.283646153846154,0
9/16/1978,11.251984615384613,0
9/17/1978,14.784561538461539,0
9/18/1978,15.914,0
9/19/1978,7.896143846153846,0
9/20/1978,3.4501715384615386,0
9/21/1978,0.5729599999999999,0
9/22/1978,3.215639230769231,0
9/23/1978,10.554123076923075,0
9/24/1978,9.954330769230769,0
9/25/1978,1.4869426923076925,0
9/26/1978,1.1091730000000002,0
9/27/1978,3.678452307692307,0
9/28/1978,6.8180492307692315,0
9/29/1978,4.4512807692307685,0
9/30/1978,0,0
10/1/1978,0,0
10/2/1978,0.011328461538461539,0
10/3/1978,0.5592869230769231,0
10/4/1978,8.249967692307694,0
10/5/1978,8.445576923076922,0
10/6/1978,1.849782307692308,0
10/7/1978,1.6133526153846156,0
10/8/1978,0.10818846153846154,0
10/9/1978,0.8986278461538462,0
10/10/1978,2.0863013846153846,0
10/11/1978,5.842300769230769,0
10/12/1978,0.19860023076923075,0
10/13/1978,0,0
10/14/1978,0,0
10/15/1978,0,0
10/16/1978,0,0
10/17/1978,1.7184007692307692,0
10/18/1978,5.898823076923076,0
10/19/1978,6.434615384615384,0
10/20/1978,3.274667692307692,0
10/21/1978,10.371507692307691,0
10/22/1978,0.4307716153846154,0
10/23/1978,0.906073077,0
10/24/1978,0,0
10/25/1978,0,0
10/26/1978,0,0
10/27/1978,0,0
10/28/1978,0,0
10/29/1978,2.2167888461538463,0
10/30/1978,0.29164546153846155,0
10/31/1978,0.009617692,0
11/1/1978,1.1940592307692308,0
11/2/1978,7.682353846153845,0
11/3/1978,4.747630769230769,0
11/4/1978,0,0
11/5/1978,0,0
11/6/1978,0.15361538461538463,0
11/7/1978,0.2893777692307692,0
11/8/1978,0,0
11/9/1978,0,0
11/10/1978,0.005627385,0
11/11/1978,0.002270077,0.7
11/12/1978,0,0.7
11/13/1978,0,0.7
11/14/1978,0,0.7
11/15/1978,0,0.7
11/16/1978,0,0.7
11/17/1978,0,0.7
11/18/1978,0,0.7
11/19/1978,0,0.7
11/20/1978,0,0.7
11/21/1978,0,0.7
11/22/1978,0,0.7
11/23/1978,0,0.7
11/24/1978,0,0.7
11/25/1978,0,0.7
11/26/1978,0,0.7
11/27/1978,0,0.7
11/28/1978,0,0.7
11/29/1978,0,0.7
11/30/1978,0,0.7
12/1/1978,6.5940323076923075,0.7
12/2/1978,4.576107692307692,0.7
12/3/1978,1.8203646153846154,0.7
12/4/1978,0.27325107692307693,0.7
12/5/1978,0.3899687692307693,0
12/6/1978,0,0
12/7/1978,0,0
12/8/1978,0,0
12/9/1978,0,0
12/10/1978,0,0
12/11/1978,0,0
12/12/1978,0,0
12/13/1978,0,0
12/14/1978,0,0
12/15/1978,0,0
12/16/1978,0,0
12/17/1978,0,0
12/18/1978,0,0
12/19/1978,0,0
12/20/1978,0,0
12/21/1978,0,0
12/22/1978,0,0
12/23/1978,0,0
12/24/1978,0,0
12/25/1978,0,0
12/26/1978,0,0
12/27/1978,0,0
12/28/1978,0,0
12/29/1978,0,0
12/30/1978,0,0
12/31/1978,0,0
1/1/1979,0,0
1/2/1979,0,0
1/3/1979,0,0
1/4/1979,0,0
1/5/1979,0,0
1/6/1979,0,0
1/7/1979,0,0
1/8/1979,0,0
1/9/1979,0,0
1/10/1979,0,0
1/11/1979,0,0
1/12/1979,0,0
1/13/1979,0,0
1/14/1979,0,0
1/15/1979,0,0
1/16/1979,0,0
1/17/1979,0,0
1/18/1979,0,0
1/19/1979,0,0
1/20/1979,0,0
1/21/1979,0.021641538,0
1/22/1979,0,7.8
1/23/1979,0,7.8
1/24/1979,0.016187692307692306,7.8
1/25/1979,0,7.8
1/26/1979,0,7.8
1/27/1979,0,7.8
1/28/1979,0.15926923076923077,7.8
1/29/1979,0,7.8
1/30/1979,0.17086692307692308,7.8
1/31/1979,0,7.8
2/1/1979,0.047659154,7.8
2/2/1979,2.305296923076923,7.8
2/3/1979,0.1051576923076923,7.8
2/4/1979,0,7.8
2/5/1979,0,7.8
2/6/1979,0,7.8
2/7/1979,1.816396923076923,7.8
2/8/1979,3.3154584615384617,7.8
2/9/1979,0.8868421538461538,7.8
2/10/1979,0,7.8
2/11/1979,0,7.8
2/12/1979,0,7.8
2/13/1979,0,7.8
2/14/1979,0,7.8
2/15/1979,0,0
2/16/1979,0,0
2/17/1979,0,0
2/18/1979,0,0
2/19/1979,0,0
2/20/1979,0,0
2/21/1979,0,0
2/22/1979,0.12353692307692306,0
2/23/1979,0,0
2/24/1979,0,0
2/25/1979,0.4442812307692308,0
2/26/1979,1.2955372307692306,0
2/27/1979,0.19307300000000002,0
2/28/1979,0.75254,0
3/1/1979,0,0
3/2/1979,0,0
3/3/1979,0,0
3/4/1979,0,0
3/5/1979,0,0
3/6/1979,0,0
3/7/1979,0,0
3/8/1979,0,0
3/9/1979,0,0
3/10/1979,0,0
3/11/1979,0,0
3/12/1979,0,0
3/13/1979,0,0
3/14/1979,0,0
3/15/1979,0,0
3/16/1979,0,0
3/17/1979,0,0
3/18/1979,0,0
3/19/1979,0,0
3/20/1979,0,0
3/21/1979,0,0
3/22/1979,0,0
3/23/1979,0,0
3/24/1979,0,0
3/25/1979,0.020188076923076927,0
3/26/1979,1.0710933076923077,0
3/27/1979,0.018084384615384617,0
3/28/1979,0.5006623076923076,0
3/29/1979,0.32786923076923075,0
3/30/1979,0,0
3/31/1979,0,0
4/1/1979,0,0
4/2/1979,0,0
4/3/1979,0,0
4/4/1979,0,0
4/5/1979,0,0
4/6/1979,0,0
4/7/1979,0,0
4/8/1979,0,0
4/9/1979,0,0
4/10/1979,0,0
4/11/1979,0,0
4/12/1979,0,0
4/13/1979,0,0
4/14/1979,3.8852553846153843,0
4/15/1979,9.913553846153844,0
4/16/1979,0.3484153846153846,0
4/17/1979,2.0757838461538465,0
4/18/1979,1.8968134615384618,0
4/19/1979,0.16983076923076926,0
4/20/1979,0,0
4/21/1979,0,0
4/22/1979,0,0
4/23/1979,0,0
4/24/1979,0.010118461538461538,0
4/25/1979,0,0
4/26/1979,0,0
4/27/1979,0,0
4/28/1979,0,0
4/29/1979,0,0
4/30/1979,1.4761423076923077,0
5/1/1979,0.15372,0
5/2/1979,0,0
5/3/1979,0,0
5/4/1979,0,0
5/5/1979,0,0
5/6/1979,0,0
5/7/1979,0.027066923,0
5/8/1979,0.44965307692307693,0
5/9/1979,0,0
5/10/1979,0,0
5/11/1979,0,0
5/12/1979,0,0
5/13/1979,3.813926923076923,0
5/14/1979,1.7648892307692305,0
5/15/1979,2.58949,0
5/16/1979,0.416521,0
5/17/1979,0,0
5/18/1979,0,0
5/19/1979,0.012293846153846153,0
5/20/1979,0,0
5/21/1979,0,0
5/22/1979,0,0
5/23/1979,0,0
5/24/1979,0.018686923076923077,0
5/25/1979,2.1542430769230765,0
5/26/1979,0,0
5/27/1979,0,0
5/28/1979,0,0
5/29/1979,0,0
5/30/1979,0.30693246153846154,0
5/31/1979,0.5407292307692309,0
6/1/1979,0,0
6/2/1979,0,0
6/3/1979,0,0
6/4/1979,0,0
6/5/1979,2.0444707692307693,0
6/6/1979,0.19233076923076925,0
6/7/1979,0.3362104615384615,0
6/8/1979,0.11051415384615385,0
6/9/1979,0.6552502307692308,0
6/10/1979,0.7156263846153846,0
6/11/1979,0.7470021538461539,0
6/12/1979,6.6888284615384626,0
6/13/1979,12.687999999999999,0
6/14/1979,2.772554615384615,0
6/15/1979,6.757796153846156,0
6/16/1979,6.515246153846155,0
6/17/1979,4.753690000000001,0
6/18/1979,3.7377692307692296,0
6/19/1979,9.592256153846154,0
6/20/1979,2.403372153846154,0
6/21/1979,0.5068023076923077,0
6/22/1979,5.035338461538462,0
6/23/1979,5.682138461538461,0
6/24/1979,12.85476923076923,0
6/25/1979,14.673853846153843,0
6/26/1979,20.460576923076925,0
6/27/1979,2.7075846153846155,0
6/28/1979,2.6838076923076923,0
6/29/1979,1.1014053846153844,0
6/30/1979,6.326652307692307,0
7/1/1979,2.6681940769230765,0
7/2/1979,1.1616701538461538,0
7/3/1979,0.070697692,0
7/4/1979,0,0
7/5/1979,1.6422269230769226,0
7/6/1979,4.517435384615385,0
7/7/1979,11.434091538461537,0
7/8/1979,18.471407692307693,0
7/9/1979,45.10861538,0
7/10/1979,14.251061538461538,0
7/11/1979,3.6761699999999995,0
7/12/1979,13.378213846153844,0
7/13/1979,10.199838461538462,0
7/14/1979,14.929130769230767,0
7/15/1979,5.025623076923077,0
7/16/1979,1.4418016153846152,0
7/17/1979,1.3560080769230767,0
7/18/1979,3.601951538461539,0
7/19/1979,6.950773846153846,0
7/20/1979,4.842463076923076,0
7/21/1979,0.5515403846153846,0
7/22/1979,5.524238461538461,0
7/23/1979,0.7616771538461536,0
7/24/1979,5.4554765384615385,0
7/25/1979,1.8818683076923077,0
7/26/1979,5.706147307692309,0
7/27/1979,7.227388538461539,0
7/28/1979,3.250038461538461,0
7/29/1979,11.776897692307696,0
7/30/1979,7.596807692307691,0
7/31/1979,9.788023076923078,0
8/1/1979,6.759538461538463,0
8/2/1979,23.666461538461537,4.2
8/3/1979,24.807,4.2
8/4/1979,20.322015384615387,4.2
8/5/1979,12.614053846153848,4.2
8/6/1979,3.119741538461539,4.2
8/7/1979,10.394492307692307,4.2
8/8/1979,74.02699999999999,4.2
8/9/1979,61.81938461538461,4.2
8/10/1979,3.291033846153846,4.2
8/11/1979,0.21854730769230765,4.2
8/12/1979,0.398605077,4.2
8/13/1979,1.4044569230769233,4.2
8/14/1979,0.6573884615384615,4.2
8/15/1979,0.10091615384615385,4.2
8/16/1979,0.37376284615384614,4.2
8/17/1979,1.287993846153846,4.2
8/18/1979,0.6105876923076923,4.2
8/19/1979,1.1735869230769231,4.2
8/20/1979,0.6241638461538461,4.2
8/21/1979,0.31281638461538464,4.2
8/22/1979,0,4.2
8/23/1979,0,4.2
8/24/1979,0,4.2
8/25/1979,0,4.2
8/26/1979,0.052589231,0.8
8/27/1979,0,0.8
8/28/1979,3.294076923076923,0.8
8/29/1979,0.021206923076923075,0.8
8/30/1979,3.3022815384615383,0.8
8/31/1979,1.6590633846153842,0.8
9/1/1979,1.5264153846153847,0.8
9/2/1979,1.2676107692307694,0.8
9/3/1979,0.29611823076923083,0.8
9/4/1979,5.302116923076924,0.8
9/5/1979,1.5308338461538464,0.8
9/6/1979,4.652869230769231,0.8
9/7/1979,2.828945384615385,0.8
9/8/1979,14.842718461538462,0.8
9/9/1979,11.847315384615387,0.8
9/10/1979,4.680169230769231,0.8
9/11/1979,13.11563846153846,0.8
9/12/1979,3.030787692307692,0.8
9/13/1979,4.538581846153846,0.8
9/14/1979,2.940139615384616,0.8
9/15/1979,4.179327692307692,0.8
9/16/1979,2.5295946923076924,0.8
9/17/1979,3.589574076923076,0.8
9/18/1979,4.171074615384615,0.8
9/19/1979,0.289811,0
9/20/1979,2.6234476923076926,0
9/21/1979,0.23760376923076926,0
9/22/1979,0.23436323076923077,0
9/23/1979,0.076373077,0
9/24/1979,0.018753846153846156,0
9/25/1979,3.1695423076923075,0
9/26/1979,8.613917692307693,0
9/27/1979,6.696500000000001,0
9/28/1979,4.838853076923077,0
9/29/1979,3.1259938461538463,0
9/30/1979,11.797615384615385,0
10/1/1979,13.471092307692308,0
10/2/1979,8.107307692307693,0
10/3/1979,3.6337907692307687,0
10/4/1979,6.907130769230769,0
10/5/1979,2.155523076923077,0
10/6/1979,0.615823154,0
10/7/1979,0,0
10/8/1979,0,0
10/9/1979,0,0
10/10/1979,0,0
10/11/1979,0,0
10/12/1979,0,0
10/13/1979,0,0
10/14/1979,0,0
10/15/1979,0,0
10/16/1979,0.43054000000000003,0
10/17/1979,0,0
10/18/1979,0.019030076923076924,0
10/19/1979,0.38019230769230766,0
10/20/1979,0.21235600000000002,0
10/21/1979,0.5238752307692307,0
10/22/1979,0,0
10/23/1979,0,0
10/24/1979,0,0
10/25/1979,0,0
10/26/1979,0,0
10/27/1979,0,0
10/28/1979,0,0
10/29/1979,4.915597692307693,0
10/30/1979,0.2004986923076923,0
10/31/1979,0.007869231,0
11/1/1979,0,0
11/2/1979,0,0
11/3/1979,0.15306153846153847,0
11/4/1979,0.4138307692307693,0
11/5/1979,0,0
11/6/1979,0.008009231,0
11/7/1979,0,0
11/8/1979,0,0
11/9/1979,0,0
11/10/1979,0,0
11/11/1979,0,0
11/12/1979,0,0
11/13/1979,0,0
11/14/1979,0,0
11/15/1979,0,0
11/16/1979,0,0
11/17/1979,0,0
11/18/1979,0,0
11/19/1979,0,0
11/20/1979,0,0
11/21/1979,0,0
11/22/1979,0,0
11/23/1979,0,0
11/24/1979,0,0
11/25/1979,0,0
11/26/1979,0,0
11/27/1979,0,0
11/28/1979,0,0
11/29/1979,0,0
11/30/1979,0,3.7
12/1/1979,0.32934623076923075,3.7
12/2/1979,2.4438538461538464,3.7
12/3/1979,0,3.7
12/4/1979,0,3.7
12/5/1979,0,3.7
12/6/1979,0,3.7
12/7/1979,0.13028384615384617,3.7
12/8/1979,0.33320938461538463,3.7
12/9/1979,0.2937633076923077,3.7
12/10/1979,0,3.7
12/11/1979,0,3.7
12/12/1979,0,3.7
12/13/1979,0,3.7
12/14/1979,0,3.7
12/15/1979,0,3.7
12/16/1979,0,3.7
12/17/1979,0,3.7
12/18/1979,0,3.7
12/19/1979,0,3.7
12/20/1979,0,3.7
12/21/1979,0,3.7
12/22/1979,0.23028992307692306,3.7
12/23/1979,0,3.7
12/24/1979,0,5
12/25/1979,0,5
12/26/1979,0,5
12/27/1979,0,5
12/28/1979,0,5
12/29/1979,0,5
12/30/1979,0,5
12/31/1979,0,5
1/1/1980,0,5
1/2/1980,0,5
1/3/1980,0,5
1/4/1980,0.029153692,5
1/5/1980,5.450884615384615,5
1/6/1980,5.2848,5
1/7/1980,0.18629576923076924,5
1/8/1980,0,5
1/9/1980,0,5
1/10/1980,0,5
1/11/1980,0,5
1/12/1980,0,5
1/13/1980,0,5
1/14/1980,0,5
1/15/1980,0,5
1/16/1980,0.056364077,5
1/17/1980,0,0
1/18/1980,0,0
1/19/1980,0,0
1/20/1980,0,0
1/21/1980,0,0
1/22/1980,0,0
1/23/1980,0,0
1/24/1980,0,0
1/25/1980,0,0
1/26/1980,0,0
1/27/1980,0,0
1/28/1980,0,0
1/29/1980,0,0
1/30/1980,0,0
1/31/1980,0,0
2/1/1980,0,0
2/2/1980,0,0
2/3/1980,0,0
2/4/1980,0,0
2/5/1980,0,0
2/6/1980,0,0
2/7/1980,0,0
2/8/1980,0,0
2/9/1980,0,0
2/10/1980,0,0
2/11/1980,0,0
2/12/1980,0,0
2/13/1980,0,0
2/14/1980,0,0
2/15/1980,0,0
2/16/1980,0,0
2/17/1980,2.063690769230769,0
2/18/1980,1.8458162307692307,0
2/19/1980,0,0
2/20/1980,0,0
2/21/1980,0,0
2/22/1980,0,0
2/23/1980,0,0
2/24/1980,0,0
2/25/1980,0,0
2/26/1980,0,0
2/27/1980,0,0
2/28/1980,0,0
2/29/1980,0,0
3/1/1980,1.2886753846153847,0
3/2/1980,2.461611846153846,0
3/3/1980,6.2426,0
3/4/1980,0,0
3/5/1980,0,0
3/6/1980,0,0
3/7/1980,0,0
3/8/1980,0,0
3/9/1980,0.41607376923076916,0
3/10/1980,0.32956715384615387,0
3/11/1980,0.9295523076923077,0
3/12/1980,2.707287692307692,0
3/13/1980,1.1461481538461538,0
3/14/1980,0.01593,0
3/15/1980,0,0
3/16/1980,0,0
3/17/1980,0,0
3/18/1980,0,0
3/19/1980,0.007760846,0
3/20/1980,0.002840846,0
3/21/1980,0,0
3/22/1980,0,0
3/23/1980,0,0
3/24/1980,0,0
3/25/1980,0,0
3/26/1980,0,0
3/27/1980,0,0
3/28/1980,0.038870692307692314,0
3/29/1980,0.8698623076923078,0
3/30/1980,5.150232307692307,0
3/31/1980,0,0
4/1/1980,0.5962038461538463,0
4/2/1980,1.9998329230769227,0
4/3/1980,4.039323076923077,0
4/4/1980,2.173893846153846,0
4/5/1980,1.435166923076923,0
4/6/1980,0.007205077,0
4/7/1980,0.042030769,0
4/8/1980,0,0
4/9/1980,0,0
4/10/1980,0,0
4/11/1980,0.016227692307692308,0
4/12/1980,0.019647153846153845,0
4/13/1980,0.30752230769230765,0
4/14/1980,0,0
4/15/1980,0,0
4/16/1980,0,0
4/17/1980,0.9519248461538461,0
4/18/1980,0,0
4/19/1980,0,0
4/20/1980,0,0
4/21/1980,0.1615769230769231,0
4/22/1980,0,0
4/23/1980,0,0
4/24/1980,0.32065307692307693,0
4/25/1980,0,0
4/26/1980,0.026195846153846156,0
4/27/1980,0,0
4/28/1980,0,0
4/29/1980,0,0
4/30/1980,0.003721154,0
5/1/1980,0.023637385,0
5/2/1980,0.2670566153846154,0
5/3/1980,0.21364330769230772,0
5/4/1980,0.6770661538461538,0
5/5/1980,0,0
5/6/1980,1.9236106153846155,0
5/7/1980,0.24474123076923077,0
5/8/1980,0.33373153846153847,0
5/9/1980,0,0
5/10/1980,0,0
5/11/1980,0,0
5/12/1980,0,0
5/13/1980,2.5777696923076925,0
5/14/1980,0.043136923,0
5/15/1980,1.649697153846154,0
5/16/1980,3.3689207692307694,0
5/17/1980,0,0
5/18/1980,0,0
5/19/1980,0,0
5/20/1980,0,0
5/21/1980,0,0
5/22/1980,0.6030956153846154,0
5/23/1980,0.026594231,0
5/24/1980,0,0
5/25/1980,0,0
5/26/1980,0,0
5/27/1980,0,0
5/28/1980,2.695228307692308,0
5/29/1980,16.61654615384615,0
5/30/1980,4.313305076923077,0
5/31/1980,1.0784738461538461,0
6/1/1980,2.939607692307692,0
6/2/1980,2.2726546923076922,0
6/3/1980,1.2063609999999998,0
6/4/1980,3.433805384615385,0
6/5/1980,5.439130769230768,0
6/6/1980,11.93303076923077,0
6/7/1980,0.7311551538461539,0
6/8/1980,0.19309746153846152,0
6/9/1980,1.9952992307692308,2
6/10/1980,19.79393076923077,2
6/11/1980,12.077676923076924,2
6/12/1980,10.627928461538461,2
6/13/1980,0.13892038461538464,2
6/14/1980,0.722307,2
6/15/1980,1.0421166923076923,2
6/16/1980,1.5592669230769234,2
6/17/1980,30.000546153846162,2
6/18/1980,8.220723076923077,2
6/19/1980,29.776876923076923,2
6/20/1980,15.659869230769232,2
6/21/1980,18.89693076923077,2
6/22/1980,26.709692307692308,2
6/23/1980,38.32785384615384,2
6/24/1980,29.178253846153844,2
6/25/1980,3.3641923076923073,2
6/26/1980,3.740223076923077,2
6/27/1980,11.150723076923075,2
6/28/1980,1.5256030769230766,2
6/29/1980,5.578346153846154,2
6/30/1980,13.132769230769233,2
7/1/1980,29.24730769230769,2
7/2/1980,73.49092307692307,2
7/3/1980,18.17615384615385,0
7/4/1980,6.552692307692308,0
7/5/1980,0.5702926923076923,0
7/6/1980,0.045880384615384615,0
7/7/1980,9.563838461538463,0
7/8/1980,23.215576923076924,0
7/9/1980,12.805974615384617,0
7/10/1980,22.149623076923078,0
7/11/1980,2.642599461538462,0
7/12/1980,2.3647761538461536,0
7/13/1980,0.578933846,0
7/14/1980,1.2252792307692308,0
7/15/1980,2.1472102307692307,0
7/16/1980,0.8561512307692307,0
7/17/1980,4.599546153846154,0
7/18/1980,2.2994307692307694,0
7/19/1980,0.17221530769230767,0
7/20/1980,0.19133946153846154,0
7/21/1980,3.4315,0
7/22/1980,33.687000000000005,0
7/23/1980,15.948638461538462,0
7/24/1980,12.473953846153847,0
7/25/1980,7.985830769,0
7/26/1980,11.40976923076923,0
7/27/1980,8.161330769,0
7/28/1980,4.330469231,0
7/29/1980,12.464969230769231,0
7/30/1980,37.07980769230769,0
7/31/1980,21.226338461538457,0
8/1/1980,2.442580769230769,0
8/2/1980,1.1218515384615384,0
8/3/1980,18.638461538461538,0
8/4/1980,21.350384615384616,0
8/5/1980,7.296615384615384,0
8/6/1980,0.29554800000000003,0
8/7/1980,2.3034141538461537,0
8/8/1980,1.0988261538461541,0
8/9/1980,1.0827393846153848,0
8/10/1980,5.225757692307694,0
8/11/1980,6.032538461538461,0
8/12/1980,3.280711538461538,0
8/13/1980,5.652094615384616,0
8/14/1980,0.37759015384615385,0
8/15/1980,9.1181,0
8/16/1980,2.4327,0
8/17/1980,0.18872038461538462,0
8/18/1980,4.374619999999999,0
8/19/1980,13.829683846153845,0
8/20/1980,14.142392307692308,0
8/21/1980,4.5638,0
8/22/1980,28.045361538461542,0
8/23/1980,22.995346153846153,0
8/24/1980,8.233026923076924,0
8/25/1980,3.331416846153846,0
8/26/1980,12.953084615384617,0
8/27/1980,12.505630769230768,0
8/28/1980,1.2865192307692308,0
8/29/1980,1.0740530769230767,0
8/30/1980,1.3485917692307692,0
8/31/1980,3.273940769,0
9/1/1980,5.241093846153846,0
9/2/1980,13.516972307692308,0
9/3/1980,4.767692307692308,0
9/4/1980,21.908923076923074,0
9/5/1980,11.914553846153847,0
9/6/1980,14.608507692307692,0
9/7/1980,1.698433846153846,0
9/8/1980,33.20783846153846,0
9/9/1980,15.368384615384617,0
9/10/1980,10.036723076923076,0
9/11/1980,13.86139230769231,0
9/12/1980,7.349339231,0
9/13/1980,17.201497692307694,0
9/14/1980,33.110615384615386,0
9/15/1980,20.176784615384616,0
9/16/1980,5.391292307692307,0
9/17/1980,18.319676923076923,0
9/18/1980,11.678353846153847,0
9/19/1980,2.064073846153846,0
9/20/1980,1.3929525384615384,0
9/21/1980,5.37781,0
9/22/1980,0.11841723076923076,0
9/23/1980,1.3774884615384617,0
9/24/1980,6.103293076923077,0
9/25/1980,1.7654826923076923,0
9/26/1980,1.8264268461538467,0
9/27/1980,0.26408138461538455,0
9/28/1980,0.17216207692307692,0
9/29/1980,0,0
9/30/1980,0,0
10/1/1980,0,0
10/2/1980,0,0
10/3/1980,0.051256692307692316,0
10/4/1980,1.5732399999999997,0
10/5/1980,0,0
10/6/1980,0,0
10/7/1980,0,0
10/8/1980,0,0
10/9/1980,0.31178538461538463,0
10/10/1980,0,0
10/11/1980,0,0
10/12/1980,0,0
10/13/1980,0,0
10/14/1980,0,0
10/15/1980,11.123607692307692,0
10/16/1980,0.011627615384615384,0
10/17/1980,0,0
10/18/1980,1.6895676923076925,0
10/19/1980,40.03542307692308,0
10/20/1980,12.910807692307694,0
10/21/1980,12.069807692307695,0
10/22/1980,8.411684615384615,0
10/23/1980,0.6442892307692307,0
10/24/1980,0,0
10/25/1980,0,0
10/26/1980,0,0
10/27/1980,0,0
10/28/1980,0,0
10/29/1980,0,0
10/30/1980,0.010845076923076923,0
10/31/1980,0,0
11/1/1980,0,0
11/2/1980,0,0
11/3/1980,0,0
11/4/1980,0,0
11/5/1980,0,0
11/6/1980,0,0
11/7/1980,0,0
11/8/1980,0,0
11/9/1980,0,0
11/10/1980,0,0
11/11/1980,0,0
11/12/1980,0.265884077,0
11/13/1980,2.680061538461538,0
11/14/1980,0,0
11/15/1980,0,0
11/16/1980,0,0
11/17/1980,0,0
11/18/1980,0,0
11/19/1980,0,0
11/20/1980,0,0
11/21/1980,0,0
11/22/1980,0,0
11/23/1980,0,0
11/24/1980,0,0
11/25/1980,0,0
11/26/1980,0,0
11/27/1980,0,0
11/28/1980,0,0
11/29/1980,0,0
11/30/1980,0,0
12/1/1980,0,0
12/2/1980,0,0
12/3/1980,0,0
12/4/1980,0,0
12/5/1980,0,0
12/6/1980,0,0
12/7/1980,0,0
12/8/1980,0,0
12/9/1980,0,0
12/10/1980,0.10486076923076923,0
12/11/1980,0.5732223076923076,0
12/12/1980,0.13864246153846155,0
12/13/1980,0,0
12/14/1980,0,0
12/15/1980,0,0
12/16/1980,0,0
12/17/1980,0,0
12/18/1980,0,0
12/19/1980,0,0
12/20/1980,0,0
12/21/1980,0,0
12/22/1980,0,0
12/23/1980,0,0
12/24/1980,0,0
12/25/1980,0,0
12/26/1980,0,0
12/27/1980,0.20428,0
12/28/1980,0,0
12/29/1980,0,0
12/30/1980,0,0
12/31/1980,0,0
1/1/1981,0,0
1/2/1981,0,0
1/3/1981,0,0
1/4/1981,0,0
1/5/1981,0,0
1/6/1981,0,0
1/7/1981,0,0
1/8/1981,0.002448154,0
1/9/1981,0,0
1/10/1981,0,0
1/11/1981,0,1
1/12/1981,4.1144961538461535,1
1/13/1981,7.852692307692307,1
1/14/1981,0.20196169230769231,1
1/15/1981,0,1
1/16/1981,0,1
1/17/1981,0,1
1/18/1981,0,1
1/19/1981,0,1
1/20/1981,0,1
1/21/1981,0,1
1/22/1981,0,1
1/23/1981,0,1
1/24/1981,0,1
1/25/1981,0.2839269230769231,1
1/26/1981,1.5898116923076924,1
1/27/1981,4.886992307692308,1
1/28/1981,0.3434638461538461,1
1/29/1981,0,1
1/30/1981,0,1
1/31/1981,0,1
2/1/1981,0.006814077,1
2/2/1981,1.3934246153846155,1
2/3/1981,0.4369815384615385,1
2/4/1981,0.10450561538461539,2.6
2/5/1981,0,2.6
2/6/1981,0,2.6
2/7/1981,0,2.6
2/8/1981,0,2.6
2/9/1981,0,2.6
2/10/1981,0.3576969230769231,2.6
2/11/1981,0.5917953846153846,2.6
2/12/1981,0.009096923,2.6
2/13/1981,0,2.6
2/14/1981,0,2.6
2/15/1981,0,2.6
2/16/1981,0,2.6
2/17/1981,0,2.6
2/18/1981,0,2.6
2/19/1981,0,2.6
2/20/1981,0,2.6
2/21/1981,0,2.6
2/22/1981,0,2.6
2/23/1981,0,2.6
2/24/1981,0,2.6
2/25/1981,0,2.6
2/26/1981,0,2.6
2/27/1981,0,2.6
2/28/1981,0,0.3
3/1/1981,0,0.3
3/2/1981,0,0.3
3/3/1981,0,0.3
3/4/1981,0,0.3
3/5/1981,0,0.3
3/6/1981,0,0.3
3/7/1981,0,0.3
3/8/1981,0.060888461538461544,0.3
3/9/1981,0,0.3
3/10/1981,0.7339584615384616,0.3
3/11/1981,0.9753407692307692,0.3
3/12/1981,0.8966205384615384,0.3
3/13/1981,1.2859100769230771,0.3
3/14/1981,2.7598372307692305,0.3
3/15/1981,0.5703830769230769,0.3
3/16/1981,0.010541384615384616,0.3
3/17/1981,0.1543963846153846,0.3
3/18/1981,0.094213846,0.3
3/19/1981,0,0.3
3/20/1981,0,0.3
3/21/1981,0.3741996923076923,0.3
3/22/1981,1.5658800000000004,0.3
3/23/1981,9.257870769,0.3
3/24/1981,2.122661538461538,0
3/25/1981,1.0502064615384614,0
3/26/1981,0.4359307692307693,0
3/27/1981,0,0
3/28/1981,0,0
3/29/1981,0,0
3/30/1981,1.3512303846153846,0
3/31/1981,6.522303076923077,0
4/1/1981,12.201423076923078,0
4/2/1981,4.100099230769231,0
4/3/1981,0.067506154,0
4/4/1981,1.0517276923076924,0
4/5/1981,0.2957526153846154,0
4/6/1981,0,0
4/7/1981,0.36360330769230764,0
4/8/1981,0,0
4/9/1981,0,0
4/10/1981,0,0
4/11/1981,0,0
4/12/1981,0,0
4/13/1981,0.14543738461538464,0
4/14/1981,0,0
4/15/1981,0,0
4/16/1981,0.3348907692307692,0
4/17/1981,1.9557884615384613,2.6
4/18/1981,1.8502269230769228,2.6
4/19/1981,1.4430707692307694,2.6
4/20/1981,4.374754615384616,2.6
4/21/1981,2.5961230000000004,2.6
4/22/1981,1.4304392307692306,2.6
4/23/1981,1.8669723076923077,2.6
4/24/1981,0.6230523076923078,2.6
4/25/1981,3.129523076923078,2.6
4/26/1981,5.968450000000001,2.6
4/27/1981,0.7486476153846154,2.6
4/28/1981,0.040189231,2.6
4/29/1981,0,2.6
4/30/1981,0,2.6
5/1/1981,0.6327258461538462,2.6
5/2/1981,6.917596923076924,2.6
5/3/1981,2.4863538461538464,2.6
5/4/1981,2.3016799999999997,2.6
5/5/1981,8.041723076923077,2.6
5/6/1981,0.071956923,2.6
5/7/1981,3.857908461538462,2.6
5/8/1981,0,2.6
5/9/1981,4.122219230769231,2.6
5/10/1981,3.7744523076923078,2.6
5/11/1981,2.223180230769231,0
5/12/1981,1.3637059230769226,0
5/13/1981,2.825284769230769,0
5/14/1981,1.1757907692307692,0
5/15/1981,0.43764415384615385,0
5/16/1981,3.1305784615384615,0
5/17/1981,0,0
5/18/1981,0.38904684615384616,0
5/19/1981,0.8457338461538461,0
5/20/1981,0.36965384615384617,0
5/21/1981,2.650976692307693,0
5/22/1981,6.685370000000001,0
5/23/1981,7.475273846153846,0
5/24/1981,6.558184615384615,0
5/25/1981,0.2178146153846154,0
5/26/1981,1.9087364615384617,0
5/27/1981,2.3718492307692305,0
5/28/1981,0.057253230769230765,0
5/29/1981,7.864330769,0
5/30/1981,1.6728299999999998,0
5/31/1981,7.790761538461537,0
6/1/1981,1.2513992307692308,0
6/2/1981,1.352510769230769,0
6/3/1981,6.201727692307694,0
6/4/1981,3.4498438461538465,2.4
6/5/1981,5.094831538461539,2.4
6/6/1981,6.918515384615385,2.4
6/7/1981,1.6285610000000001,2.4
6/8/1981,0.9197976923076924,2.4
6/9/1981,1.2305461538461537,2.4
6/10/1981,0.44806592307692306,2.4
6/11/1981,4.5223576923076925,2.4
6/12/1981,0.659386,2.4
6/13/1981,0.18864707692307692,2.4
6/14/1981,0,2.4
6/15/1981,0.073821692,2.4
6/16/1981,3.133732307692308,2.4
6/17/1981,0.22884615384615387,2.4
6/18/1981,0.4378727692307693,2.4
6/19/1981,10.124848923076923,2.4
6/20/1981,7.981669230769231,2.4
6/21/1981,4.064414076923077,2.4
6/22/1981,36.926769230769224,2.4
6/23/1981,50.72746153846155,2.4
6/24/1981,3.7846346153846153,2.4
6/25/1981,2.511649231,2.4
6/26/1981,0.6395086923076924,2.4
6/27/1981,2.4362315384615383,2.4
6/28/1981,5.126946153846154,0
6/29/1981,11.858726153846154,0
6/30/1981,13.411769230769229,0
7/1/1981,6.854770692307692,0
7/2/1981,8.784553846153848,0
7/3/1981,3.591190769230769,0
7/4/1981,2.8789507692307694,0
7/5/1981,1.710446153846154,0
7/6/1981,7.5814076923076925,0
7/7/1981,13.935015384615385,0
7/8/1981,11.12346923076923,0
7/9/1981,15.73853076923077,0
7/10/1981,10.888807692307694,0
7/11/1981,17.584961538461535,0
7/12/1981,6.8114469230769235,0
7/13/1981,20.99080769230769,0
7/14/1981,12.62151769230769,0
7/15/1981,0.7778745384615384,0
7/16/1981,0.617996923,0
7/17/1981,0.9165346923076925,0
7/18/1981,5.3851700000000005,0
7/19/1981,13.102453846153846,0
7/20/1981,2.570393076923077,0
7/21/1981,6.212971538,0
7/22/1981,3.1772592307692307,0
7/23/1981,6.5611,0
7/24/1981,16.095799999999997,0
7/25/1981,0.10556084615384614,0
7/26/1981,10.957421538461537,0
7/27/1981,3.068478923076923,0
7/28/1981,4.672509230769232,0
7/29/1981,3.462507692307692,0
7/30/1981,2.4261415384615383,0
7/31/1981,7.269261538461537,0
8/1/1981,14.37646153846154,0
8/2/1981,20.089561538461542,0
8/3/1981,4.770038461538461,0
8/4/1981,20.814899999999998,0
8/5/1981,25.876230769230766,0
8/6/1981,16.49653846153846,0
8/7/1981,1.9216038461538463,0
8/8/1981,2.047778846153846,0
8/9/1981,26.037869230769232,0
8/10/1981,37.94120769230769,0
8/11/1981,0.6917596923076922,0
8/12/1981,0.029883307692307695,0
8/13/1981,0.31139923076923076,0
8/14/1981,33.99491538461538,0
8/15/1981,47.36733076923077,0
8/16/1981,29.86093076923077,0
8/17/1981,3.8331307692307695,0
8/18/1981,8.934,0
8/19/1981,2.7372081538461535,0
8/20/1981,1.800465846153846,0
8/21/1981,2.321550461538462,0
8/22/1981,9.669014615384615,0
8/23/1981,23.762969230769233,0
8/24/1981,6.672523076923077,0
8/25/1981,3.1832215384615385,0
8/26/1981,0.7263138461538462,0
8/27/1981,0.089761462,0
8/28/1981,1.992431384615385,0
8/29/1981,6.168661538461539,0
8/30/1981,9.990792307692308,0
8/31/1981,16.285446153846156,0
9/1/1981,7.262484615384616,0
9/2/1981,1.8593280769230769,0
9/3/1981,2.697364615384615,0
9/4/1981,7.327876923076922,0
9/5/1981,8.424523076923077,0
9/6/1981,19.544453846153846,0
9/7/1981,0.9825246153846153,0
9/8/1981,6.815038461538462,0
9/9/1981,2.9685569230769238,0
9/10/1981,6.535610769230768,0
9/11/1981,1.0182983846153848,0
9/12/1981,10.77946153846154,0
9/13/1981,8.889453846153847,0
9/14/1981,10.936476923076922,0
9/15/1981,0.9866993076923076,0
9/16/1981,0.666521077,0
9/17/1981,1.5290707692307692,0
9/18/1981,3.7542203846153845,0
9/19/1981,25.31423076923077,0
9/20/1981,10.268,0
9/21/1981,11.317769230769228,0
9/22/1981,1.4392585384615386,0
9/23/1981,3.0870292307692306,0
9/24/1981,3.300479230769231,0
9/25/1981,0.20195761538461537,0
9/26/1981,17.201,0
9/27/1981,53.39430769230769,0
9/28/1981,10.873715384615384,0
9/29/1981,2.4032690769230767,0
9/30/1981,4.2214846153846155,0
10/1/1981,3.7480892307692306,0
10/2/1981,1.8279976923076924,1.5
10/3/1981,2.6880546153846154,1.5
10/4/1981,1.1913346153846154,1.5
10/5/1981,0.37691823076923076,1.5
10/6/1981,0,1.5
10/7/1981,0,1.5
10/8/1981,0,1.5
10/9/1981,0.039557308,1.5
10/10/1981,0,1.5
10/11/1981,0,1.5
10/12/1981,0,1.5
10/13/1981,0,1.5
10/14/1981,0,1.5
10/15/1981,1.4984475384615383,1.5
10/16/1981,1.94056,1.5
10/17/1981,0.007072154,1.5
10/18/1981,0,1.5
10/19/1981,0,1.5
10/20/1981,0,1.5
10/21/1981,0,1.5
10/22/1981,0,1.5
10/23/1981,0,1.5
10/24/1981,0.003264154,1.5
10/25/1981,0.005325231,1.5
10/26/1981,0,0
10/27/1981,0.491800154,0
10/28/1981,0.099035,0
10/29/1981,0.027256153846153843,0
10/30/1981,1.6118494615384615,0
10/31/1981,0.5004324615384615,0
11/1/1981,2.3746923076923077,0
11/2/1981,0,0
11/3/1981,0,0
11/4/1981,0,0
11/5/1981,0,0
11/6/1981,0,0
11/7/1981,0,0
11/8/1981,0,0
11/9/1981,0,0
11/10/1981,0,0
11/11/1981,0,0
11/12/1981,0,0
11/13/1981,0,0
11/14/1981,0,0
11/15/1981,0,0
11/16/1981,0,0
11/17/1981,0,0
11/18/1981,0,0
11/19/1981,0,0
11/20/1981,0,0
11/21/1981,0,0
11/22/1981,0,0
11/23/1981,0,0
11/24/1981,0,0
11/25/1981,0,0
11/26/1981,0,0
11/27/1981,0,0
11/28/1981,0,0
11/29/1981,0,0
11/30/1981,0,0
12/1/1981,0,0
12/2/1981,0,0
12/3/1981,0,0
12/4/1981,0,0
12/5/1981,0,0
12/6/1981,0,0
12/7/1981,0,0
12/8/1981,0,0
12/9/1981,0,0
12/10/1981,0,0
12/11/1981,0.006615846,0
12/12/1981,0.003307923,0
12/13/1981,0,18.1
12/14/1981,0,18.1
12/15/1981,0,18.1
12/16/1981,0,18.1
12/17/1981,0.059765615,18.1
12/18/1981,0,18.1
12/19/1981,0,18.1
12/20/1981,0,18.1
12/21/1981,0,18.1
12/22/1981,0,18.1
12/23/1981,0,18.1
12/24/1981,0,18.1
12/25/1981,0,18.1
12/26/1981,0,18.1
12/27/1981,0,18.1
12/28/1981,0,18.1
12/29/1981,0,18.1
12/30/1981,0,18.1
12/31/1981,0,18.1
1/1/1982,0,18.1
1/2/1982,0,18.1
1/3/1982,0,18.1
1/4/1982,0,18.1
1/5/1982,0,18.1
1/6/1982,0,4.6
1/7/1982,0,4.6
1/8/1982,0,4.6
1/9/1982,0,4.6
1/10/1982,0,4.6
1/11/1982,0,4.6
1/12/1982,0,4.6
1/13/1982,0.017213846153846156,4.6
1/14/1982,0,4.6
1/15/1982,0,4.6
1/16/1982,0,4.6
1/17/1982,0,4.6
1/18/1982,0,4.6
1/19/1982,0,4.6
1/20/1982,0,4.6
1/21/1982,0,4.6
1/22/1982,0,4.6
1/23/1982,0,4.6
1/24/1982,0.080603077,4.6
1/25/1982,0.086388538,4.6
1/26/1982,0,4.6
1/27/1982,0,4.6
1/28/1982,0,4.6
1/29/1982,0,4.6
1/30/1982,0,0.2
1/31/1982,0,0.2
2/1/1982,0,0.2
2/2/1982,2.1003045384615384,0.2
2/3/1982,0.10352684615384614,0.2
2/4/1982,0.027293231,0.2
2/5/1982,0.6695607692307692,0.2
2/6/1982,5.122438461538463,0.2
2/7/1982,0.15260753846153846,0.2
2/8/1982,0,0.2
2/9/1982,0,0.2
2/10/1982,0,0.2
2/11/1982,0,0.2
2/12/1982,0,0.2
2/13/1982,0.079965769,0.2
2/14/1982,0.41739146153846146,0.2
2/15/1982,2.078153846153846,0.2
2/16/1982,0,0.2
2/17/1982,0.045694231,0.2
2/18/1982,1.7090947692307696,0.2
2/19/1982,0.3390240769230769,0.2
2/20/1982,2.739455461538462,0.2
2/21/1982,0,0.2
2/22/1982,0,0.2
2/23/1982,0.010328461538461538,0.2
2/24/1982,0,0.2
2/25/1982,0.14930884615384615,0.2
2/26/1982,0,0.2
2/27/1982,0.784363846,0.2
2/28/1982,2.8934184615384613,0.2
3/1/1982,16.529653846153845,0.2
3/2/1982,10.41927923076923,0.2
3/3/1982,6.137265230769231,0.2
3/4/1982,25.87153846153846,0.2
3/5/1982,0.5904883846153846,0.2
3/6/1982,1.065406923076923,0.2
3/7/1982,4.3215446153846155,0.2
3/8/1982,1.290106923076923,0.2
3/9/1982,2.616996923076923,0.2
3/10/1982,4.440139230769232,0.2
3/11/1982,12.669195384615385,0.2
3/12/1982,24.04923076923078,0.2
3/13/1982,13.531607692307695,0.2
3/14/1982,0.089287923,0.2
3/15/1982,0,0.2
3/16/1982,0,0.2
3/17/1982,0,0.2
3/18/1982,0,0.2
3/19/1982,0.6162160769230768,0
3/20/1982,4.497066923076924,0
3/21/1982,0.3122515384615384,0
3/22/1982,0,0
3/23/1982,0,0
3/24/1982,0.43951461538461534,0
3/25/1982,0,0
3/26/1982,0.8247564615384615,0
3/27/1982,0.5225717692307694,0
3/28/1982,0.73732,0
3/29/1982,0.3765919230769231,0
3/30/1982,0,0
3/31/1982,0,0
4/1/1982,0.2502784615384615,0
4/2/1982,0,0
4/3/1982,0,0
4/4/1982,0,0
4/5/1982,0,0
4/6/1982,0,0
4/7/1982,0.20376638461538463,0
4/8/1982,0.5680524615384615,0
4/9/1982,0.4738414615384615,0
4/10/1982,0,0
4/11/1982,0,0
4/12/1982,0,0
4/13/1982,0,0
4/14/1982,0,0
4/15/1982,1.6803776153846155,0
4/16/1982,0,0
4/17/1982,1.3276523076923077,0
4/18/1982,4.213102307692308,0
4/19/1982,2.9224269230769235,0
4/20/1982,1.951391230769231,0
4/21/1982,6.034877692307692,0
4/22/1982,2.6184492307692304,0
4/23/1982,0.077375154,0
4/24/1982,0,0
4/25/1982,1.1740683076923077,0
4/26/1982,0.042421538,0
4/27/1982,0.6332549230769231,0
4/28/1982,0.9046933076923077,0
4/29/1982,0,0
4/30/1982,0,0
5/1/1982,0.2705803076923077,0
5/2/1982,0.042999538461538464,0
5/3/1982,0,0
5/4/1982,0,0
5/5/1982,0,0
5/6/1982,0,0.1
5/7/1982,0.006051923,0.1
5/8/1982,0,0.1
5/9/1982,1.1105166923076923,0.1
5/10/1982,0,0.1
5/11/1982,0.070460231,0.1
5/12/1982,4.292325384615386,0.1
5/13/1982,0.133569,0.1
5/14/1982,10.287253846153845,0.1
5/15/1982,0.5892209230769231,0.1
5/16/1982,1.6108576153846157,0.1
5/17/1982,0.763336923,0.1
5/18/1982,0.5774474615384615,0.1
5/19/1982,1.020687846153846,0.1
5/20/1982,0,0.1
5/21/1982,0,0.1
5/22/1982,1.135983846153846,0.1
5/23/1982,0.002945846,0.1
5/24/1982,2.2547650000000004,0.1
5/25/1982,3.998714615384615,0.1
5/26/1982,0,0.1
5/27/1982,0,0.1
5/28/1982,0,0.1
5/29/1982,1.4251136923076921,0.1
5/30/1982,0.059211538,0.7
5/31/1982,4.863452307692308,0.7
6/1/1982,0.749823,0.7
6/2/1982,2.3705410000000002,0.7
6/3/1982,4.266059230769231,0.7
6/4/1982,6.744626231,0.7
6/5/1982,44.40403076923077,0.7
6/6/1982,0.5546003076923076,0.7
6/7/1982,0,0.7
6/8/1982,0.12789653846153845,0.7
6/9/1982,14.649553846153848,0.7
6/10/1982,0,0.7
6/11/1982,0.042999538461538464,0.7
6/12/1982,0.081584615,0.7
6/13/1982,5.641363769230768,0.7
6/14/1982,0,0.7
6/15/1982,18.32166923076923,0.7
6/16/1982,7.598035384615385,0.7
6/17/1982,21.02853076923077,0.7
6/18/1982,17.183984615384613,0.7
6/19/1982,0.7530263076923078,0.7
6/20/1982,0.006814077,0.7
6/21/1982,0.7690323076923077,0.7
6/22/1982,6.917653076923077,0.7
6/23/1982,6.616369230769232,0.2
6/24/1982,1.948069076923077,0.2
6/25/1982,5.306177692307693,0.2
6/26/1982,0.20209338461538462,0.2
6/27/1982,1.0107749230769232,0.2
6/28/1982,0.078565846,0.2
6/29/1982,2.9928230769230764,0.2
6/30/1982,0.5711838461538462,0.2
7/1/1982,0.018109692307692306,0.2
7/2/1982,0.028653076923076923,0.2
7/3/1982,0,0.2
7/4/1982,0,0.2
7/5/1982,0.022236923076923078,0.2
7/6/1982,0,0.2
7/7/1982,4.007931769230768,0.2
7/8/1982,0,0.2
7/9/1982,10.206100000000001,0.2
7/10/1982,1.1957665384615384,0.2
7/11/1982,4.7051915384615395,0.2
7/12/1982,2.2186647692307693,0.2
7/13/1982,4.385284615384616,0.2
7/14/1982,5.854845384615386,0.2
7/15/1982,7.018207692307693,0.2
7/16/1982,9.356853846153847,0.2
7/17/1982,8.173823076923078,0.4
7/18/1982,1.7527292307692308,0.4
7/19/1982,14.410730769230772,0.4
7/20/1982,7.129207692307692,0.4
7/21/1982,17.30326923076923,0.4
7/22/1982,23.144553846153844,0.4
7/23/1982,14.641669230769235,0.4
7/24/1982,2.067376153846154,0.4
7/25/1982,14.915430769230769,0.4
7/26/1982,2.255023076923077,0.4
7/27/1982,0.7834783846153848,0.4
7/28/1982,6.348766538461538,0.4
7/29/1982,41.47782307692308,0.4
7/30/1982,13.648884615384615,0.4
7/31/1982,0.2765719230769231,0.4
8/1/1982,1.0423151538461537,0.4
8/2/1982,9.422607692307691,0.4
8/3/1982,13.99909230769231,0.4
8/4/1982,0.8262956153846155,0.4
8/5/1982,2.910233076923077,0.4
8/6/1982,1.0432246153846152,0.4
8/7/1982,18.289461538461538,0.4
8/8/1982,40.10376923076923,0.4
8/9/1982,2.971246153846153,0.4
8/10/1982,0.044554692,13.1
8/11/1982,0.7718902307692308,13.1
8/12/1982,32.96833076923077,13.1
8/13/1982,31.22707692307693,13.1
8/14/1982,33.704,13.1
8/15/1982,23.439076923076925,13.1
8/16/1982,4.315137692307692,13.1
8/17/1982,14.970046153846157,13.1
8/18/1982,6.517907692307692,13.1
8/19/1982,41.37423076923077,13.1
8/20/1982,72.71815384615385,13.1
8/21/1982,9.447000000000001,13.1
8/22/1982,18.076646153846152,13.1
8/23/1982,2.590170230769231,13.1
8/24/1982,1.972123846153846,13.1
8/25/1982,2.790964615384615,13.1
8/26/1982,1.4949538461538459,13.1
8/27/1982,0.7973452307692307,13.1
8/28/1982,1.4343696153846155,13.1
8/29/1982,46.404769230769226,13.1
8/30/1982,145.00323076923075,13.1
8/31/1982,166.82946153846154,13.1
9/1/1982,2.1174515384615384,13.1
9/2/1982,1.9336204615384616,13.1
9/3/1982,2.4794570000000005,15.2
9/4/1982,0.053455385,15.2
9/5/1982,1.221711,15.2
9/6/1982,0.034696923,15.2
9/7/1982,11.810953846153847,15.2
9/8/1982,12.63836923076923,15.2
9/9/1982,1.6813415384615384,15.2
9/10/1982,2.5527192307692315,15.2
9/11/1982,22.60346153846154,15.2
9/12/1982,11.960076923076924,15.2
9/13/1982,3.055661538461538,15.2
9/14/1982,5.491247923076923,15.2
9/15/1982,3.6245315384615386,15.2
9/16/1982,0.2969115384615385,15.2
9/17/1982,1.172799846153846,15.2
9/18/1982,1.131359846153846,15.2
9/19/1982,0,15.2
9/20/1982,0,15.2
9/21/1982,0,15.2
9/22/1982,0,15.2
9/23/1982,0,15.2
9/24/1982,0,15.2
9/25/1982,0,15.2
9/26/1982,0,15.2
9/27/1982,0,0
9/28/1982,3.1639816923076927,0
9/29/1982,0.064696154,0
9/30/1982,0,0
10/1/1982,0,0
10/2/1982,0,0
10/3/1982,0,0
10/4/1982,0,0
10/5/1982,0,0
10/6/1982,0.042999538461538464,0
10/7/1982,0.5679913846153846,0
10/8/1982,0.042999538461538464,0
10/9/1982,0,0
10/10/1982,0,0
10/11/1982,0,0
10/12/1982,0,0
10/13/1982,0,0
10/14/1982,0,0
10/15/1982,0,0
10/16/1982,0.002306,0
10/17/1982,0.9106748461538461,0
10/18/1982,4.083726923076923,0
10/19/1982,7.529730769230769,0
10/20/1982,0.17445307692307693,0
10/21/1982,0,0.2
10/22/1982,0.3553739230769231,0.2
10/23/1982,1.309849384615385,0.2
10/24/1982,3.4438026153846155,0.2
10/25/1982,0.007139308,0.2
10/26/1982,0.2227520769230769,0.2
10/27/1982,0,0.2
10/28/1982,0,0.2
10/29/1982,0,0.2
10/30/1982,0,0.2
10/31/1982,0,0.2
11/1/1982,0,0.2
11/2/1982,0,0.2
11/3/1982,0,0.2
11/4/1982,0,0.2
11/5/1982,0,0.2
11/6/1982,0,0.2
11/7/1982,0,0.2
11/8/1982,0,0.2
11/9/1982,0,0.2
11/10/1982,0,0.2
11/11/1982,0,0.2
11/12/1982,0.009613077,0.2
11/13/1982,1.2682423846153843,0.2
11/14/1982,0.5806403076923077,0
11/15/1982,0,0
11/16/1982,0,0
11/17/1982,0,0
11/18/1982,0,0
11/19/1982,0,0
11/20/1982,0,0
11/21/1982,0,0
11/22/1982,0,0
11/23/1982,0,0
11/24/1982,0,0
11/25/1982,0,0
11/26/1982,0,0
11/27/1982,0,0
11/28/1982,0,0
11/29/1982,0,0
11/30/1982,0.017268461538461538,0
12/1/1982,0,0
12/2/1982,0,0
12/3/1982,0,0
12/4/1982,0,0
12/5/1982,0,0
12/6/1982,0,0
12/7/1982,0,0
12/8/1982,0,0
12/9/1982,0,0
12/10/1982,0,0
12/11/1982,0,0
12/12/1982,0,0
12/13/1982,0,0
12/14/1982,0,0
12/15/1982,0,0
12/16/1982,0,0
12/17/1982,0,0
12/18/1982,0,0
12/19/1982,0,0
12/20/1982,0,0
12/21/1982,0,0
12/22/1982,0,0
12/23/1982,0,0
12/24/1982,0,0
12/25/1982,0,0
12/26/1982,0,0
12/27/1982,0,0
12/28/1982,0,0
12/29/1982,0,0
12/30/1982,0,0
12/31/1982,0,0
1/1/1983,0,0
1/2/1983,0,0
1/3/1983,0,0
1/4/1983,0,0
1/5/1983,0,0
1/6/1983,0,0
1/7/1983,0,0
1/8/1983,0,0
1/9/1983,0,0
1/10/1983,0,0
1/11/1983,0.21101999999999999,0
1/12/1983,0,0
1/13/1983,0,0
1/14/1983,0,0
1/15/1983,0,0
1/16/1983,0,0
1/17/1983,0,0
1/18/1983,0,0
1/19/1983,0,0
1/20/1983,0,0
1/21/1983,0,0
1/22/1983,0,0
1/23/1983,0,0
1/24/1983,0,0
1/25/1983,0,0
1/26/1983,0,0
1/27/1983,0,0
1/28/1983,0,0
1/29/1983,0,0
1/30/1983,0,0
1/31/1983,0,0
2/1/1983,0,0
2/2/1983,0,0
2/3/1983,0,0
2/4/1983,0,0
2/5/1983,0,0
2/6/1983,0.15905800000000003,0
2/7/1983,5.915397923076924,0
2/8/1983,7.167461538461538,0
2/9/1983,5.398592307692308,0
2/10/1983,8.257670769230769,0
2/11/1983,0.5427386923076923,0
2/12/1983,0.8645173846153847,0
2/13/1983,0.4689384615384615,0
2/14/1983,0,0
2/15/1983,8.832546153846154,0
2/16/1983,0.6341323076923077,0
2/17/1983,0,0
2/18/1983,0,0
2/19/1983,0.042892308,0
2/20/1983,1.391343076923077,0
2/21/1983,0.8154307692307692,0
2/22/1983,0,0
2/23/1983,0.008884615,0
2/24/1983,0,0
2/25/1983,1.3168761538461538,0
2/26/1983,6.020959999999999,0
2/27/1983,0.8473009230769232,0
2/28/1983,0,0
3/1/1983,0,0
3/2/1983,0,0
3/3/1983,0,0
3/4/1983,3.144292307692307,0
3/5/1983,0.5358976923076924,0
3/6/1983,0.5790469230769231,0
3/7/1983,7.138815384615384,0
3/8/1983,0.2338536153846154,0
3/9/1983,0.027383846,0
3/10/1983,0,0
3/11/1983,0,0
3/12/1983,0,0
3/13/1983,0,0
3/14/1983,0,0
3/15/1983,0,0
3/16/1983,0,0
3/17/1983,0,0
3/18/1983,0,0
3/19/1983,0,0
3/20/1983,0.024447692307692306,0
3/21/1983,0.090595385,0
3/22/1983,17.17516923076923,0
3/23/1983,2.2074184615384618,0
3/24/1983,0,0
3/25/1983,0,0
3/26/1983,0,0
3/27/1983,0.007122692,0
3/28/1983,0.7021623076923077,0
3/29/1983,0.009995385,0
3/30/1983,0.012739462,0
3/31/1983,0,0
4/1/1983,0,0
4/2/1983,0,0
4/3/1983,0,0
4/4/1983,0,0
4/5/1983,0,0
4/6/1983,0,0
4/7/1983,0,8.1
4/8/1983,0.9543469230769231,8.1
4/9/1983,0,8.1
4/10/1983,0.008547692,8.1
4/11/1983,1.99913,8.1
4/12/1983,1.239953846153846,8.1
4/13/1983,0,8.1
4/14/1983,1.0438615384615384,8.1
4/15/1983,0.019722307692307692,8.1
4/16/1983,2.388223846153846,8.1
4/17/1983,21.417751538461538,8.1
4/18/1983,4.968192307692307,8.1
4/19/1983,13.70394615384615,8.1
4/20/1983,6.190850769230769,8.1
4/21/1983,4.4450738461538455,8.1
4/22/1983,7.898922307692309,8.1
4/23/1983,0.054098153846153844,8.1
4/24/1983,1.1929315384615387,8.1
4/25/1983,0,8.1
4/26/1983,0,8.1
4/27/1983,0,8.1
4/28/1983,0.035413769,8.1
4/29/1983,0,8.1
4/30/1983,0.008556923,8.1
5/1/1983,0.051971538461538465,0
5/2/1983,0.10394076923076923,0
5/3/1983,0.078406923,0
5/4/1983,0,0
5/5/1983,0,0
5/6/1983,0,0
5/7/1983,0.017094615384615385,0
5/8/1983,2.807723076923077,0
5/9/1983,0.8827192307692305,0
5/10/1983,9.573426153846155,0
5/11/1983,1.3804499999999997,0
5/12/1983,2.3182300000000002,0
5/13/1983,1.3917852307692309,0
5/14/1983,2.171497692307692,0
5/15/1983,1.3046530769230769,0
5/16/1983,0.00965,0
5/17/1983,0.33034092307692303,0
5/18/1983,1.9893678461538462,0
5/19/1983,1.783113076923077,0
5/20/1983,2.6293126923076926,0
5/21/1983,1.5256136153846154,0
5/22/1983,0.081593077,0
5/23/1983,0,0
5/24/1983,0.5670191538461538,0
5/25/1983,0.5948158461538463,1.7
5/26/1983,0.42020461538461534,1.7
5/27/1983,0.027140769230769232,1.7
5/28/1983,0.35286061538461533,1.7
5/29/1983,0,1.7
5/30/1983,0.007846923,1.7
5/31/1983,0,1.7
6/1/1983,0.2540807692307692,1.7
6/2/1983,0.015548461538461539,1.7
6/3/1983,0.005119385,1.7
6/4/1983,0.9294107692307693,1.7
6/5/1983,1.3455974615384616,1.7
6/6/1983,0,1.7
6/7/1983,0,1.7
6/8/1983,0,1.7
6/9/1983,0.022648846153846155,1.7
6/10/1983,1.1383055384615384,1.7
6/11/1983,2.2728380769230765,1.7
6/12/1983,4.306043846153846,1.7
6/13/1983,22.98249153846154,1.7
6/14/1983,0.5634392307692309,1.7
6/15/1983,0.25290376923076924,1.7
6/16/1983,3.7668753846153846,1.7
6/17/1983,9.707526153846153,1.7
6/18/1983,2.396353846153846,0
6/19/1983,0.36445361538461535,0
6/20/1983,1.8688944615384615,0
6/21/1983,5.731039999999999,0
6/22/1983,2.360024615384615,0
6/23/1983,26.004076923076926,0
6/24/1983,0.3573308461538462,0
6/25/1983,6.1599076923076925,0
6/26/1983,10.520438461538463,0
6/27/1983,16.51923846153846,0
6/28/1983,14.46199230769231,0
6/29/1983,1.8661692307692308,0
6/30/1983,6.658201538461537,0
7/1/1983,2.434843846153846,0
7/2/1983,3.9522015384615394,0
7/3/1983,5.997799999999999,0
7/4/1983,14.670615384615386,0
7/5/1983,1.7962500000000001,0
7/6/1983,7.196069230769231,0
7/7/1983,4.960966153846154,0
7/8/1983,4.990112307692308,0
7/9/1983,3.1523784615384614,0
7/10/1983,21.895946153846158,0
7/11/1983,26.43646153846154,0
7/12/1983,9.699930769,2.6
7/13/1983,0.7736776923076923,2.6
7/14/1983,0.006271615,2.6
7/15/1983,0.007262231,2.6
7/16/1983,0.2153323076923077,2.6
7/17/1983,0.1744997692307692,2.6
7/18/1983,3.095007692307692,2.6
7/19/1983,15.665792307692309,2.6
7/20/1983,5.125990769230769,2.6
7/21/1983,48.78923076923077,2.6
7/22/1983,17.699223076923076,2.6
7/23/1983,1.8663407692307694,2.6
7/24/1983,1.5208183076923076,2.6
7/25/1983,4.632275384615385,2.6
7/26/1983,7.933546923076924,2.6
7/27/1983,6.881192307692308,2.6
7/28/1983,11.695023076923077,2.6
7/29/1983,19.585053846153844,2.6
7/30/1983,5.947376923076922,2.6
7/31/1983,1.880863846153846,2.6
8/1/1983,3.9306569230769224,2.6
8/2/1983,44.62169231,2.6
8/3/1983,15.712115384615384,2.6
8/4/1983,18.432876923076925,2.6
8/5/1983,13.469093846153848,10.4
8/6/1983,0.9273399999999999,10.4
8/7/1983,31.60846153846154,10.4
8/8/1983,50.15138461538462,10.4
8/9/1983,13.140015384615385,10.4
8/10/1983,10.089146153846153,10.4
8/11/1983,6.409336923076923,10.4
8/12/1983,0.9527853846153843,10.4
8/13/1983,11.262069230769232,10.4
8/14/1983,4.238843846153846,10.4
8/15/1983,11.882100000000001,10.4
8/16/1983,7.305746153846153,10.4
8/17/1983,17.698953846153845,10.4
8/18/1983,17.51586153846154,10.4
8/19/1983,17.743307692307692,10.4
8/20/1983,42.42376923076923,10.4
8/21/1983,6.012546153846154,10.4
8/22/1983,1.4951538461538456,10.4
8/23/1983,2.536283846153846,10.4
8/24/1983,0.15006592307692307,10.4
8/25/1983,1.4278689230769228,10.4
8/26/1983,0.9568797692307692,10.4
8/27/1983,0.6552179230769231,10.4
8/28/1983,14.767746153846153,10.4
8/29/1983,55.25923076923077,0.2
8/30/1983,9.933976923076923,0.2
8/31/1983,7.224903846153846,0.2
9/1/1983,5.935023076923078,0.2
9/2/1983,1.980036153846154,0.2
9/3/1983,8.336038461538461,0.2
9/4/1983,16.707999999999995,0.2
9/5/1983,14.948615384615383,0.2
9/6/1983,5.708953846153846,0.2
9/7/1983,53.44492307692307,0.2
9/8/1983,39.742523076923085,0.2
9/9/1983,6.8868430769230775,0.2
9/10/1983,8.493938462,0.2
9/11/1983,2.8097084615384613,0.2
9/12/1983,4.183206153846154,0.2
9/13/1983,4.995342307692308,0.2
9/14/1983,4.163968692307692,0.2
9/15/1983,0.013906153846153846,0.2
9/16/1983,15.259584615384616,0.2
9/17/1983,34.68515384615385,0.2
9/18/1983,3.457110461538462,0.2
9/19/1983,4.789396153846154,0.2
9/20/1983,4.927269230769232,0.2
9/21/1983,3.2202784615384608,0.2
9/22/1983,0.8377748461538462,41.4
9/23/1983,9.948276923076921,41.4
9/24/1983,15.846392307692309,41.4
9/25/1983,10.558653846153847,41.4
9/26/1983,7.025446153846153,41.4
9/27/1983,1.7118546153846153,41.4
9/28/1983,9.8141,41.4
9/29/1983,13.141,41.4
9/30/1983,8.682376923076923,41.4
10/1/1983,4.823623076923077,41.4
10/2/1983,1.9847323076923074,41.4
10/3/1983,1.0491766923076922,41.4
10/4/1983,7.046938461538461,41.4
10/5/1983,17.55273076923077,41.4
10/6/1983,10.779792307692308,41.4
10/7/1983,6.641615384615384,41.4
10/8/1983,1.4916369230769233,41.4
10/9/1983,22.712084615384615,41.4
10/10/1983,5.129051538461539,41.4
10/11/1983,12.115162307692307,41.4
10/12/1983,1.8506915384615386,41.4
10/13/1983,0.218783,41.4
10/14/1983,1.2672852307692308,41.4
10/15/1983,0,41.4
10/16/1983,0,3.3
10/17/1983,0,3.3
10/18/1983,0,3.3
10/19/1983,0,3.3
10/20/1983,0,3.3
10/21/1983,0,3.3
10/22/1983,0,3.3
10/23/1983,0,3.3
10/24/1983,0.36582861538461536,3.3
10/25/1983,0.106864,3.3
10/26/1983,0.039663077,3.3
10/27/1983,0.28482307692307696,3.3
10/28/1983,0,3.3
10/29/1983,0,3.3
10/30/1983,0.082335308,3.3
10/31/1983,0,3.3
11/1/1983,0,3.3
11/2/1983,0,3.3
11/3/1983,0,3.3
11/4/1983,0.5401230769230769,3.3
11/5/1983,0,3.3
11/6/1983,0,3.3
11/7/1983,0,3.3
11/8/1983,0,3.3
11/9/1983,0,0
11/10/1983,0,0
11/11/1983,0,0
11/12/1983,0,0
11/13/1983,0,0
11/14/1983,0,0
11/15/1983,0,0
11/16/1983,0,0
11/17/1983,0,0
11/18/1983,0,0
11/19/1983,0,0
11/20/1983,0,0
11/21/1983,0,0
11/22/1983,0,0
11/23/1983,0,0
11/24/1983,0,0
11/25/1983,0,0
11/26/1983,0.1208653846153846,0
11/27/1983,0,0
11/28/1983,0,0
11/29/1983,0,0
11/30/1983,0,0
12/1/1983,0,0
12/2/1983,0,0
12/3/1983,0,0
12/4/1983,0,0
12/5/1983,0,0
12/6/1983,0,0
12/7/1983,0,0
12/8/1983,0,0
12/9/1983,0,0
12/10/1983,0,0
12/11/1983,0,0
12/12/1983,0,0
12/13/1983,0,0
12/14/1983,0,0
12/15/1983,0,0
12/16/1983,0,0
12/17/1983,0,0
12/18/1983,0,0
12/19/1983,0,0
12/20/1983,0,0
12/21/1983,0,0
12/22/1983,0,0
12/23/1983,0,0
12/24/1983,0,0
12/25/1983,0,0
12/26/1983,0,0
12/27/1983,1.2596395384615384,0
12/28/1983,1.172686153846154,0
12/29/1983,0,0
12/30/1983,0,0
12/31/1983,0,0
1/1/1984,0,0
1/2/1984,0,0
1/3/1984,0.4208707692307692,0
1/4/1984,1.7571338461538462,0
1/5/1984,0.2840915384615385,0
1/6/1984,0,0
1/7/1984,0,0
1/8/1984,0.008892308,0
1/9/1984,0,0
1/10/1984,0,0
1/11/1984,0,0
1/12/1984,0,0
1/13/1984,0,0
1/14/1984,0,0
1/15/1984,0,0
1/16/1984,0.01332,0
1/17/1984,0,0
1/18/1984,0.13577615384615385,0
1/19/1984,0,0
1/20/1984,0,3.5
1/21/1984,0,3.5
1/22/1984,0,3.5
1/23/1984,0.8301195384615385,3.5
1/24/1984,0.1479376923076923,3.5
1/25/1984,0,3.5
1/26/1984,0,3.5
1/27/1984,0,3.5
1/28/1984,0.11510938461538463,3.5
1/29/1984,0.047745385,3.5
1/30/1984,0.3081407692307692,3.5
1/31/1984,0,3.5
2/1/1984,0,3.5
2/2/1984,0,3.5
2/3/1984,0,3.5
2/4/1984,0,3.5
2/5/1984,0,3.5
2/6/1984,0,3.5
2/7/1984,0,3.5
2/8/1984,1.0945476923076922,3.5
2/9/1984,1.244486153846154,3.5
2/10/1984,0,3.5
2/11/1984,0,3.5
2/12/1984,0,3.5
2/13/1984,0.4890857692307692,0
2/14/1984,0.07858,0
2/15/1984,0.07858,0
2/16/1984,0.021653076923076924,0
2/17/1984,0,0
2/18/1984,0,0
2/19/1984,0,0
2/20/1984,0,0
2/21/1984,0,0
2/22/1984,0,0
2/23/1984,0.1564616153846154,0
2/24/1984,0,0
2/25/1984,0,0
2/26/1984,0,0
2/27/1984,0,0
2/28/1984,0,0
2/29/1984,0,0
3/1/1984,0,0
3/2/1984,0,0
3/3/1984,0,0
3/4/1984,0,0
3/5/1984,0,0
3/6/1984,0,0
3/7/1984,0,0
3/8/1984,0,0
3/9/1984,0,0
3/10/1984,0,0
3/11/1984,0,0
3/12/1984,0,0
3/13/1984,0,0
3/14/1984,0.011112307692307692,0
3/15/1984,0,0
3/16/1984,0,0
3/17/1984,0,0
3/18/1984,0,0
3/19/1984,0,0
3/20/1984,0,0
3/21/1984,0,0
3/22/1984,0,0
3/23/1984,0,0
3/24/1984,0,0
3/25/1984,0,0
3/26/1984,0.1099176923076923,0
3/27/1984,0,0
3/28/1984,0,0
3/29/1984,0,0
3/30/1984,0,0
3/31/1984,0,0
4/1/1984,0,0
4/2/1984,0,0
4/3/1984,0,0
4/4/1984,0,0
4/5/1984,0.004918077,0
4/6/1984,1.3619623076923077,0
4/7/1984,6.1750461538461545,0
4/8/1984,0.6385431538461539,0
4/9/1984,0.002176154,0
4/10/1984,2.848946153846154,0
4/11/1984,0.8084091538461536,0
4/12/1984,1.3597739230769232,0
4/13/1984,0,0
4/14/1984,0,0
4/15/1984,0,0
4/16/1984,0,0
4/17/1984,0,0
4/18/1984,0,0
4/19/1984,0,0
4/20/1984,0,0
4/21/1984,0,0
4/22/1984,0.7472869230769231,0
4/23/1984,6.277711538,0
4/24/1984,5.773496923076924,0
4/25/1984,1.6417123076923077,0.5
4/26/1984,1.0737158461538463,0.5
4/27/1984,2.283286923076923,0.5
4/28/1984,0.050010769,0.5
4/29/1984,0.7241156923076925,0.5
4/30/1984,0,0.5
5/1/1984,0,0.5
5/2/1984,0,0.5
5/3/1984,0,0.5
5/4/1984,0,0.5
5/5/1984,0,0.5
5/6/1984,0,0.5
5/7/1984,0,0.5
5/8/1984,0,0.5
5/9/1984,0,0.5
5/10/1984,0,0.5
5/11/1984,3.104713076923077,0.5
5/12/1984,0.9744276923076924,0.5
5/13/1984,5.553618461538462,0.5
5/14/1984,0,0.5
5/15/1984,0,0.5
5/16/1984,0,0.5
5/17/1984,0.2873043076923077,0.5
5/18/1984,0,0.5
5/19/1984,0.004377308,0
5/20/1984,0,0
5/21/1984,0,0
5/22/1984,0,0
5/23/1984,0,0
5/24/1984,0,0
5/25/1984,0,0
5/26/1984,0,0
5/27/1984,1.1426176923076925,0
5/28/1984,4.736958538461538,0
5/29/1984,2.6985204615384615,0
5/30/1984,3.767910769230769,0
5/31/1984,0.26768299999999995,0
6/1/1984,0,0
6/2/1984,1.3313530769230768,0
6/3/1984,2.675676923076923,0
6/4/1984,0.2532884615384615,0
6/5/1984,5.639230769230769,0
6/6/1984,0.7855523076923077,0
6/7/1984,1.8716976923076925,0
6/8/1984,0.2254895384615384,0
6/9/1984,0.35656769230769225,0
6/10/1984,21.618130769230767,0
6/11/1984,5.161310769230768,0
6/12/1984,15.923984615384617,0
6/13/1984,1.4577916923076921,0
6/14/1984,33.75933846153846,0
6/15/1984,58.129000000000005,0
6/16/1984,9.726123076923079,0
6/17/1984,0.012494615384615384,0
6/18/1984,1.6833861538461539,0
6/19/1984,15.669853846153845,0
6/20/1984,9.520446153846153,0
6/21/1984,0.057192769,0
6/22/1984,0,0
6/23/1984,0.5050362307692308,0
6/24/1984,11.519646153846155,0
6/25/1984,19.024953846153846,0
6/26/1984,0.4610102307692308,0
6/27/1984,1.0526193076923076,0
6/28/1984,8.277769231,0
6/29/1984,15.783053846153846,0
6/30/1984,11.116230769230771,0
7/1/1984,10.411730769230767,0
7/2/1984,3.158963076923077,0
7/3/1984,5.938873076923077,0
7/4/1984,8.406876923076924,0
7/5/1984,9.042446153846154,0
7/6/1984,24.577646153846157,0
7/7/1984,5.124533846153846,0
7/8/1984,10.026461538461538,0
7/9/1984,9.110461538,0
7/10/1984,5.947827692307692,0
7/11/1984,1.600913230769231,0
7/12/1984,8.351807692307693,0
7/13/1984,13.490784615384614,0
7/14/1984,2.531440769230769,0
7/15/1984,8.493184615384614,0
7/16/1984,11.007561538461541,0
7/17/1984,2.472444615384615,0
7/18/1984,23.57215384615385,0
7/19/1984,28.26672307692308,0
7/20/1984,11.63956923076923,0
7/21/1984,2.3384346153846156,0
7/22/1984,5.462061538461539,0
7/23/1984,7.932776923076924,0
7/24/1984,4.282269230769231,0
7/25/1984,2.748933846153846,0
7/26/1984,16.249676923076922,0
7/27/1984,1.895596923076923,0
7/28/1984,6.540217461538462,0
7/29/1984,4.387130769230769,0
7/30/1984,1.8029223076923075,0
7/31/1984,8.864045384615384,0
8/1/1984,24.87715384615385,0
8/2/1984,12.691730769230766,0
8/3/1984,17.718038461538466,0
8/4/1984,5.258021538461539,0
8/5/1984,1.4798492307692308,0
8/6/1984,2.5879576923076923,0
8/7/1984,23.981007692307692,0
8/8/1984,44.20130769,0
8/9/1984,13.748130769230768,0
8/10/1984,14.216200000000002,0
8/11/1984,1.3941562307692306,0
8/12/1984,0.082514615,0
8/13/1984,0,0
8/14/1984,4.521720769230769,0
8/15/1984,2.9890669230769236,0
8/16/1984,25.378061538461534,0
8/17/1984,71.06961538461539,0
8/18/1984,84.20723076923076,0
8/19/1984,1.1220108461538463,0
8/20/1984,0.5392,0
8/21/1984,5.266140769230769,0
8/22/1984,0.27183123076923077,0
8/23/1984,14.473669230769229,0
8/24/1984,11.952115384615384,0
8/25/1984,13.631846153846153,0
8/26/1984,4.216371538461538,0
8/27/1984,10.467184615384614,0
8/28/1984,17.071215384615385,0
8/29/1984,1.932516153846154,0
8/30/1984,6.614123076923078,0
8/31/1984,7.206403076923076,0
9/1/1984,3.6598030769230765,0
9/2/1984,12.28023076923077,0
9/3/1984,12.978000000000002,0
9/4/1984,5.918323076923075,0
9/5/1984,5.647824615384615,0
9/6/1984,1.7814516923076924,0
9/7/1984,1.600490769230769,0
9/8/1984,0.9363153076923076,0
9/9/1984,0.2684471538461538,0
9/10/1984,2.362606153846154,0
9/11/1984,8.310392307692307,0
9/12/1984,14.8492,0
9/13/1984,14.670807692307692,0
9/14/1984,3.338738461538462,0
9/15/1984,1.9846713076923075,0
9/16/1984,0.099911846,1.4
9/17/1984,0.8462936923076924,1.4
9/18/1984,0.005556231,1.4
9/19/1984,0,1.4
9/20/1984,0.7871945384615384,1.4
9/21/1984,0,1.4
9/22/1984,0,1.4
9/23/1984,0,1.4
9/24/1984,0.7832307692307693,1.4
9/25/1984,0.8121625384615385,1.4
9/26/1984,1.3417070769230768,1.4
9/27/1984,4.548619999999999,1.4
9/28/1984,5.572005384615385,1.4
9/29/1984,0,1.4
9/30/1984,0,1.4
10/1/1984,0,1.4
10/2/1984,0.032056923,1.4
10/3/1984,0,1.4
10/4/1984,0,1.4
10/5/1984,0,1.4
10/6/1984,0.093341846,1.4
10/7/1984,1.2037092307692308,1.4
10/8/1984,2.817286923076923,1.4
10/9/1984,0.004382846,1.4
10/10/1984,0.27941261538461537,0
10/11/1984,0.7442492307692308,0
10/12/1984,1.7110169230769234,0
10/13/1984,1.1414015384615384,0
10/14/1984,2.995894615384615,0
10/15/1984,7.309284615384616,0
10/16/1984,7.624324615384615,0
10/17/1984,0.088417692,0
10/18/1984,0,0
10/19/1984,0.1972913846153846,0
10/20/1984,0,0
10/21/1984,0,0
10/22/1984,0.032056923,0
10/23/1984,0.9156492307692308,0
10/24/1984,6.045006153846154,0
10/25/1984,0,0
10/26/1984,0.022224615384615384,0
10/27/1984,0,0
10/28/1984,0,0
10/29/1984,0,0
10/30/1984,0,0
10/31/1984,0,0
11/1/1984,0,0
11/2/1984,0,0
11/3/1984,0,20
11/4/1984,0,20
11/5/1984,0,20
11/6/1984,0,20
11/7/1984,0,20
11/8/1984,0,20
11/9/1984,0,20
11/10/1984,0,20
11/11/1984,0,20
11/12/1984,0,20
11/13/1984,0,20
11/14/1984,0,20
11/15/1984,0,20
11/16/1984,0,20
11/17/1984,0,20
11/18/1984,0,20
11/19/1984,0,20
11/20/1984,0,20
11/21/1984,0,20
11/22/1984,0,20
11/23/1984,0,20
11/24/1984,0,20
11/25/1984,0,20
11/26/1984,0,20
11/27/1984,0,0
11/28/1984,0,0
11/29/1984,0,0
11/30/1984,0,0
12/1/1984,0,0
12/2/1984,0,0
12/3/1984,0,0
12/4/1984,0,0
12/5/1984,0,0
12/6/1984,0,0
12/7/1984,0,0
12/8/1984,0,0
12/9/1984,0,0
12/10/1984,0,0
12/11/1984,0,0
12/12/1984,0,0
12/13/1984,0,0
12/14/1984,0,0
12/15/1984,0,0
12/16/1984,0,0
12/17/1984,0,0
12/18/1984,0,0
12/19/1984,0,0
12/20/1984,0,0
12/21/1984,0,0
12/22/1984,0,0
12/23/1984,0,0
12/24/1984,0,0
12/25/1984,0,0
12/26/1984,0,0
12/27/1984,0,0
12/28/1984,0,0
12/29/1984,0,0
12/30/1984,0,0
12/31/1984,0,0
1/1/1985,0,0
1/2/1985,1.809665153846154,0
1/3/1985,11.619215384615387,0
1/4/1985,0.005556231,0
1/5/1985,0,0
1/6/1985,0,0
1/7/1985,0,0
1/8/1985,0,0
1/9/1985,0,0
1/10/1985,0.033181538461538464,0
1/11/1985,0.1099176923076923,0
1/12/1985,1.270027769230769,0
1/13/1985,1.218956153846154,0
1/14/1985,0.7468556153846154,0
1/15/1985,2.1436103846153847,0
1/16/1985,0.3792946153846154,0
1/17/1985,0,0
1/18/1985,0,0
1/19/1985,0,0
1/20/1985,0,0
1/21/1985,0,0
1/22/1985,0,0
1/23/1985,0,0
1/24/1985,0.41219230769230764,0
1/25/1985,0,0
1/26/1985,0,0
1/27/1985,0,0
1/28/1985,0,0
1/29/1985,0,0
1/30/1985,0,0
1/31/1985,0,0
2/1/1985,0,0
2/2/1985,0.092292308,0
2/3/1985,0.05568,0
2/4/1985,0,0
2/5/1985,0,0
2/6/1985,0,0
2/7/1985,0,0
2/8/1985,0,0
2/9/1985,0,0
2/10/1985,0,0
2/11/1985,0,0
2/12/1985,0.42132069230769237,0
2/13/1985,5.543761538461538,0
2/14/1985,3.816120769230769,0
2/15/1985,14.084263076923078,0
2/16/1985,26.589892307692306,0
2/17/1985,1.7638869230769232,0
2/18/1985,0,0
2/19/1985,0,0
2/20/1985,0,0
2/21/1985,0,0
2/22/1985,0,0
2/23/1985,0,0
2/24/1985,0,0
2/25/1985,0,0
2/26/1985,0,0
2/27/1985,0,0
2/28/1985,0,0
3/1/1985,0,0
3/2/1985,0,0
3/3/1985,0,15.5
3/4/1985,0,15.5
3/5/1985,0,15.5
3/6/1985,0,15.5
3/7/1985,0,15.5
3/8/1985,0,15.5
3/9/1985,0,15.5
3/10/1985,0,15.5
3/11/1985,0,15.5
3/12/1985,0,15.5
3/13/1985,0,15.5
3/14/1985,0,15.5
3/15/1985,0,15.5
3/16/1985,0.074543077,15.5
3/17/1985,0.024847692307692307,15.5
3/18/1985,0,15.5
3/19/1985,0,15.5
3/20/1985,0,15.5
3/21/1985,0.37998392307692314,15.5
3/22/1985,0.4671538461538462,15.5
3/23/1985,0.1099176923076923,15.5
3/24/1985,0.3185,15.5
3/25/1985,0.6398623076923078,15.5
3/26/1985,2.7257084615384617,15.5
3/27/1985,0.6157184615384614,0
3/28/1985,0,0
3/29/1985,0,0
3/30/1985,0,0
3/31/1985,0,0
4/1/1985,1.959514153846154,0
4/2/1985,0.1059396923076923,0
4/3/1985,0.9653538461538461,0
4/4/1985,0,0
4/5/1985,1.1771383076923077,0
4/6/1985,0,0
4/7/1985,0.063430769,0
4/8/1985,0.002759846,0
4/9/1985,0.008223077,0
4/10/1985,0,0
4/11/1985,0,0
4/12/1985,0,0
4/13/1985,0,0
4/14/1985,0,0
4/15/1985,0,0
4/16/1985,0,0
4/17/1985,0,0
4/18/1985,0,0
4/19/1985,0,0
4/20/1985,0,0
4/21/1985,0,0
4/22/1985,0,0
4/23/1985,0,0
4/24/1985,0,0
4/25/1985,0,0
4/26/1985,0.29029461538461543,0
4/27/1985,0.27804769230769233,0
4/28/1985,0,0
4/29/1985,0,0
4/30/1985,3.0407423076923084,0
5/1/1985,6.57971,0
5/2/1985,0,0
5/3/1985,0.017136923076923077,0
5/4/1985,0,0
5/5/1985,0.3443567692307692,0
5/6/1985,0.3211183076923077,0
5/7/1985,0.47099169230769233,0
5/8/1985,0.3038953846153846,0
5/9/1985,1.5563176923076925,0
5/10/1985,5.282043384615386,0
5/11/1985,2.911916153846154,0
5/12/1985,3.555869999999999,0
5/13/1985,1.9643692307692304,0
5/14/1985,0.068367077,0
5/15/1985,2.733268307692308,0
5/16/1985,1.9188137692307687,0
5/17/1985,0,0
5/18/1985,2.747189769230769,0
5/19/1985,5.509084615384617,0
5/20/1985,0.23573923076923078,0
5/21/1985,0.044713923076923075,0
5/22/1985,4.019815384615384,0
5/23/1985,0.9679976923076924,0
5/24/1985,0.3431393846153846,0
5/25/1985,1.2938253846153849,0
5/26/1985,0,0
5/27/1985,0.4077253846153846,0
5/28/1985,0.40158846153846156,0
5/29/1985,0,0
5/30/1985,1.5295346153846152,0
5/31/1985,0.4170623076923077,0
6/1/1985,0.014908461538461539,0
6/2/1985,0.5450924615384616,0
6/3/1985,6.303538461538461,0
6/4/1985,7.196015384615384,0
6/5/1985,7.754607538461538,0
6/6/1985,3.696284615384616,0
6/7/1985,9.302906923076922,1.7
6/8/1985,1.3685184615384616,1.7
6/9/1985,0.6788923846153847,1.7
6/10/1985,0.10920076923076924,1.7
6/11/1985,0.019446923076923077,1.7
6/12/1985,0.9783061538461539,1.7
6/13/1985,0.7667076923076923,1.7
6/14/1985,1.7405915384615385,1.7
6/15/1985,7.327646923076922,1.7
6/16/1985,10.720784615384616,1.7
6/17/1985,7.773123076923075,1.7
6/18/1985,3.5696569230769226,1.7
6/19/1985,0,1.7
6/20/1985,0.4832643846153845,1.7
6/21/1985,2.2701092307692305,1.7
6/22/1985,0.8828163076923078,1.7
6/23/1985,2.4068030769230773,1.7
6/24/1985,9.392761538461539,1.7
6/25/1985,3.8477207692307696,1.7
6/26/1985,10.653623076923076,1.7
6/27/1985,4.347964769230769,1.7
6/28/1985,7.802590538,1.7
6/29/1985,5.9452261538461535,1.7
6/30/1985,13.590723076923078,1.7
7/1/1985,24.786015384615386,0
7/2/1985,19.78816153846154,0
7/3/1985,4.3250361538461535,0
7/4/1985,8.591700000000001,0
7/5/1985,17.25697692307692,0
7/6/1985,9.389376923076922,0
7/7/1985,12.899538461538466,0
7/8/1985,2.4076000000000004,0
7/9/1985,3.0253156153846157,0
7/10/1985,10.63706153846154,0
7/11/1985,7.688176923076922,0
7/12/1985,15.31133076923077,0
7/13/1985,1.394836923076923,0
7/14/1985,9.903370000000002,0
7/15/1985,5.514211538461538,0
7/16/1985,13.399123076923075,0
7/17/1985,17.326723076923074,0
7/18/1985,13.950046153846152,0
7/19/1985,10.662153846153846,0
7/20/1985,0.7125907692307692,0
7/21/1985,13.086923076923076,0
7/22/1985,2.3554053846153846,0
7/23/1985,1.625633846153846,0
7/24/1985,4.120729231,0
7/25/1985,3.654568461538461,0
7/26/1985,15.631946153846155,0
7/27/1985,1.6364761538461539,0
7/28/1985,4.697046923076923,0
7/29/1985,7.100237692307693,0
7/30/1985,1.915205,0
7/31/1985,8.995907692307693,0
8/1/1985,3.175192307692308,0
8/2/1985,21.24253076923077,0
8/3/1985,52.176153846153845,0
8/4/1985,7.764453076923077,0
8/5/1985,4.459237692307692,0
8/6/1985,45.500384615384604,0
8/7/1985,107.05761538461539,0
8/8/1985,56.97553846153847,0
8/9/1985,10.156738461538461,0
8/10/1985,1.2594646153846154,0
8/11/1985,0.1473746153846154,0
8/12/1985,0.2631978461538461,0
8/13/1985,2.4872053846153843,0
8/14/1985,1.0949153846153847,0
8/15/1985,13.854992307692308,0
8/16/1985,13.405476923076925,0
8/17/1985,7.581484615384615,0
8/18/1985,7.646769230769229,0
8/19/1985,4.522461538461538,0
8/20/1985,1.8450407692307693,0
8/21/1985,8.657915384615384,0
8/22/1985,1.7400983846153844,0
8/23/1985,8.191115384615385,0
8/24/1985,3.3650246153846153,0
8/25/1985,2.869894615384616,0
8/26/1985,1.3757576923076924,0
8/27/1985,10.75506923076923,0
8/28/1985,37.493461538461546,0
8/29/1985,62.4497,0
8/30/1985,27.830746153846146,0
8/31/1985,10.788184615384615,0
9/1/1985,4.6131815384615384,0
9/2/1985,14.020149230769231,0
9/3/1985,1.7902823076923076,0
9/4/1985,4.947118461538461,0
9/5/1985,17.36563076923077,0
9/6/1985,10.577696153846155,0
9/7/1985,5.283127307692309,0
9/8/1985,6.504766923076923,0
9/9/1985,9.278446153846154,0
9/10/1985,22.523784615384614,0
9/11/1985,41.567076923076925,0
9/12/1985,39.82953846153846,0
9/13/1985,34.098230769230774,0
9/14/1985,10.547323076923078,0
9/15/1985,10.248207692307691,0
9/16/1985,13.733184615384614,0
9/17/1985,15.076199999999998,0
9/18/1985,5.595930769,0
9/19/1985,1.8427346153846154,0
9/20/1985,9.114046153846155,0
9/21/1985,20.429007692307696,0
9/22/1985,51.52761538461539,0
9/23/1985,1.6311776923076926,0
9/24/1985,0.7653992307692307,0
9/25/1985,7.646764615384617,0
9/26/1985,6.641713846153847,0
9/27/1985,2.2483030769230767,0
9/28/1985,8.470779230769232,0
9/29/1985,3.8511092307692314,0
9/30/1985,0.12883792307692307,0
10/1/1985,8.181889230769231,0
10/2/1985,8.062676923076925,0
10/3/1985,10.978669230769231,0
10/4/1985,7.690161538461539,0
10/5/1985,13.584476923076924,0
10/6/1985,3.314746153846154,0
10/7/1985,2.088936153846154,0
10/8/1985,5.354733769230768,0
10/9/1985,3.586823076923077,0
10/10/1985,5.678094615384614,0
10/11/1985,4.355222307692308,0
10/12/1985,12.869169230769229,0
10/13/1985,3.162560153846153,0
10/14/1985,1.2043523846153845,0
10/15/1985,0.43069615384615384,0
10/16/1985,34.596769230769226,0
10/17/1985,56.09,0
10/18/1985,5.516973846153847,0
10/19/1985,0,0
10/20/1985,0,0
10/21/1985,0,0
10/22/1985,0,0
10/23/1985,0,0
10/24/1985,0,0
10/25/1985,0,0
10/26/1985,0,0
10/27/1985,0,0
10/28/1985,0,0
10/29/1985,0,0
10/30/1985,0,0
10/31/1985,0,0
11/1/1985,0,0
11/2/1985,0.010956923076923078,0
11/3/1985,0,0
11/4/1985,0,0
11/5/1985,0,0
11/6/1985,0,0
11/7/1985,0,0
11/8/1985,0,0
11/9/1985,0,0
11/10/1985,0,0
11/11/1985,0,0
11/12/1985,0,0
11/13/1985,0,0
11/14/1985,0,0
11/15/1985,0,0
11/16/1985,0,0
11/17/1985,0,0
11/18/1985,0,0
11/19/1985,0,0
11/20/1985,0.008664615,0
11/21/1985,0,0
11/22/1985,0,0
11/23/1985,0,0
11/24/1985,0,0
11/25/1985,0,0
11/26/1985,0,0
11/27/1985,0,0
11/28/1985,0,0
11/29/1985,0,0
11/30/1985,0,0
12/1/1985,0,0
12/2/1985,0,0
12/3/1985,0,0
12/4/1985,0,0
12/5/1985,0,0
12/6/1985,0,0
12/7/1985,0,0
12/8/1985,0,0
12/9/1985,0,0
12/10/1985,0,0
12/11/1985,0,0
12/12/1985,0,0
12/13/1985,0,0
12/14/1985,0,0
12/15/1985,0,0
12/16/1985,0,1.6
12/17/1985,0,1.6
12/18/1985,0,1.6
12/19/1985,0,1.6
12/20/1985,0,1.6
12/21/1985,0,1.6
12/22/1985,0,1.6
12/23/1985,0,1.6
12/24/1985,0,1.6
12/25/1985,0,1.6
12/26/1985,0,1.6
12/27/1985,0,1.6
12/28/1985,0,1.6
12/29/1985,0,1.6
12/30/1985,0,1.6
12/31/1985,0,1.6
1/1/1986,0,1.6
1/2/1986,0,1.6
1/3/1986,0,1.6
1/4/1986,0,1.6
1/5/1986,0,1.6
1/6/1986,0,1.6
1/7/1986,0,1.6
1/8/1986,0,1.6
1/9/1986,0,9.5
1/10/1986,0,9.5
1/11/1986,0,9.5
1/12/1986,0,9.5
1/13/1986,0,9.5
1/14/1986,0.011934615384615386,9.5
1/15/1986,1.8304384615384615,9.5
1/16/1986,1.4294932307692307,9.5
1/17/1986,19.77023076923077,9.5
1/18/1986,0.5019592307692308,9.5
1/19/1986,0,9.5
1/20/1986,0,9.5
1/21/1986,0,9.5
1/22/1986,0,9.5
1/23/1986,0,9.5
1/24/1986,0,9.5
1/25/1986,0,9.5
1/26/1986,0,9.5
1/27/1986,0,9.5
1/28/1986,0,9.5
1/29/1986,0,9.5
1/30/1986,0,9.5
1/31/1986,0,9.5
2/1/1986,0,9.5
2/2/1986,0,0
2/3/1986,0,0
2/4/1986,0.005519692,0
2/5/1986,0,0
2/6/1986,0.20338307692307692,0
2/7/1986,3.9956553846153846,0
2/8/1986,0.20355307692307692,0
2/9/1986,0,0
2/10/1986,0,0
2/11/1986,0.11963623076923076,0
2/12/1986,14.3074,0
2/13/1986,18.712299999999995,0
2/14/1986,0.8665415384615384,0
2/15/1986,1.0541871538461538,0
2/16/1986,6.854800000000001,0
2/17/1986,1.1412428461538462,0
2/18/1986,0.094733231,0
2/19/1986,0,0
2/20/1986,0,0
2/21/1986,0,0
2/22/1986,0,0
2/23/1986,0,0
2/24/1986,0,0
2/25/1986,0,0
2/26/1986,0,3.8
2/27/1986,0.7662769230769231,3.8
2/28/1986,0.1532546153846154,3.8
3/1/1986,0.4262230769230769,3.8
3/2/1986,2.067398,3.8
3/3/1986,8.997053846153845,3.8
3/4/1986,1.0078345384615386,3.8
3/5/1986,0.2480869230769231,3.8
3/6/1986,0,3.8
3/7/1986,0,3.8
3/8/1986,0,3.8
3/9/1986,0,3.8
3/10/1986,0,3.8
3/11/1986,0,3.8
3/12/1986,0,3.8
3/13/1986,0,3.8
3/14/1986,0,3.8
3/15/1986,0.15566923076923078,3.8
3/16/1986,0.003952154,3.8
3/17/1986,0.005440308,3.8
3/18/1986,0,3.8
3/19/1986,0,3.8
3/20/1986,0,3.8
3/21/1986,0.002759846,3.8
3/22/1986,0,12.7
3/23/1986,0,12.7
3/24/1986,0,12.7
3/25/1986,0,12.7
3/26/1986,0.31132607692307696,12.7
3/27/1986,0.26435592307692307,12.7
3/28/1986,0,12.7
3/29/1986,0,12.7
3/30/1986,0,12.7
3/31/1986,0.3439869230769231,12.7
4/1/1986,0.6522566153846154,12.7
4/2/1986,2.519306923076923,12.7
4/3/1986,0.14885246153846154,12.7
4/4/1986,0.517406923,12.7
4/5/1986,0,12.7
4/6/1986,0,12.7
4/7/1986,0,12.7
4/8/1986,0,12.7
4/9/1986,0,12.7
4/10/1986,0,12.7
4/11/1986,0,12.7
4/12/1986,0.042622308,12.7
4/13/1986,0,12.7
4/14/1986,0.007213077,12.7
4/15/1986,0,28.9
4/16/1986,0,28.9
4/17/1986,0,28.9
4/18/1986,0.014463076923076922,28.9
4/19/1986,0,28.9
4/20/1986,1.1804746153846153,28.9
4/21/1986,0.8401973076923075,28.9
4/22/1986,2.5501584615384614,28.9
4/23/1986,0.1297930769230769,28.9
4/24/1986,0,28.9
4/25/1986,0.6765084615384614,28.9
4/26/1986,3.617425384615385,28.9
4/27/1986,4.511890769230769,28.9
4/28/1986,4.0717515384615375,28.9
4/29/1986,1.3695885384615385,28.9
4/30/1986,5.936092307692307,28.9
5/1/1986,0.022751230769230767,28.9
5/2/1986,4.504610769230768,28.9
5/3/1986,0,28.9
5/4/1986,0,28.9
5/5/1986,0.040364615,28.9
5/6/1986,0.19839538461538458,28.9
5/7/1986,0.9798146153846153,28.9
5/8/1986,0,28.9
5/9/1986,2.9660007692307695,19.7
5/10/1986,0.076627692,19.7
5/11/1986,2.0247953846153846,19.7
5/12/1986,5.182748461538461,19.7
5/13/1986,0.7642615384615384,19.7
5/14/1986,0.026045154,19.7
5/15/1986,1.432623076923077,19.7
5/16/1986,3.299672307692308,19.7
5/17/1986,6.425307692307693,19.7
5/18/1986,0.017050000000000003,19.7
5/19/1986,0.5457937692307693,19.7
5/20/1986,0.008765385,19.7
5/21/1986,0.22830153846153844,19.7
5/22/1986,11.461338461538457,19.7
5/23/1986,0.4262969999999999,19.7
5/24/1986,2.133944076923077,19.7
5/25/1986,0,19.7
5/26/1986,0.069640923,19.7
5/27/1986,0.5116555384615386,19.7
5/28/1986,0.030724076923076923,19.7
5/29/1986,0.7037734615384614,19.7
5/30/1986,0.75257,19.7
5/31/1986,0,19.7
6/1/1986,0.49745,19.7
6/2/1986,1.5850469230769233,3.9
6/3/1986,0.4037128461538461,3.9
6/4/1986,4.541169230769231,3.9
6/5/1986,0.013640000000000001,3.9
6/6/1986,0,3.9
6/7/1986,0,3.9
6/8/1986,0,3.9
6/9/1986,0.004599769,3.9
6/10/1986,0.3605772307692308,3.9
6/11/1986,0.11470538461538463,3.9
6/12/1986,0.089210769,3.9
6/13/1986,3.949523076923077,3.9
6/14/1986,9.240365384615384,3.9
6/15/1986,7.538592307692308,3.9
6/16/1986,1.218007846153846,3.9
6/17/1986,5.776432076923078,3.9
6/18/1986,11.343676923076924,3.9
6/19/1986,6.130374615384616,3.9
6/20/1986,7.234997692307692,3.9
6/21/1986,18.27953076923077,3.9
6/22/1986,20.714992307692306,3.9
6/23/1986,7.526753846153846,3.9
6/24/1986,39.88815384615385,3.9
6/25/1986,64.41884615384615,3.9
6/26/1986,28.362000000000002,39.6
6/27/1986,38.15815384615385,39.6
6/28/1986,21.001846153846152,39.6
6/29/1986,68.11953846153845,39.6
6/30/1986,9.886669231,39.6
7/1/1986,3.915779230769231,39.6
7/2/1986,5.159074307692307,39.6
7/3/1986,9.093453846153848,39.6
7/4/1986,0.3863630769230769,39.6
7/5/1986,1.4898260000000003,39.6
7/6/1986,20.232276923076924,39.6
7/7/1986,8.016674615384614,39.6
7/8/1986,15.830715384615385,39.6
7/9/1986,6.557123076923077,39.6
7/10/1986,7.894186153846154,39.6
7/11/1986,5.090338461538461,39.6
7/12/1986,8.232561538461539,39.6
7/13/1986,22.972153846153844,39.6
7/14/1986,24.18846153846154,39.6
7/15/1986,18.908738461538466,39.6
7/16/1986,3.264959230769231,39.6
7/17/1986,2.253118461538461,39.6
7/18/1986,5.917407692307695,39.6
7/19/1986,5.553176923076922,39.6
7/20/1986,10.790230769230769,10.5
7/21/1986,9.032553076923076,10.5
7/22/1986,42.33784615384616,10.5
7/23/1986,82.56946153846154,10.5
7/24/1986,5.092530769230769,10.5
7/25/1986,1.2114646153846154,10.5
7/26/1986,1.4311515384615385,10.5
7/27/1986,8.474246153846154,10.5
7/28/1986,11.072763076923078,10.5
7/29/1986,9.505423076923076,10.5
7/30/1986,3.396384615384615,10.5
7/31/1986,1.13711,10.5
8/1/1986,8.816069231,10.5
8/2/1986,4.918373846153846,10.5
8/3/1986,1.0867983846153846,10.5
8/4/1986,4.69546,10.5
8/5/1986,6.304141538,10.5
8/6/1986,17.262438461538462,10.5
8/7/1986,13.053438461538464,10.5
8/8/1986,14.281753846153844,10.5
8/9/1986,9.121692307692308,10.5
8/10/1986,3.962999999999999,10.5
8/11/1986,9.347507692307694,10.5
8/12/1986,12.435023076923075,10.5
8/13/1986,8.255343077,64.6
8/14/1986,12.928892307692308,64.6
8/15/1986,2.4320253846153848,64.6
8/16/1986,1.624366153846154,64.6
8/17/1986,6.527039231,64.6
8/18/1986,0.13808784615384614,64.6
8/19/1986,2.697528769230769,64.6
8/20/1986,22.782076923076918,64.6
8/21/1986,116.43346153846154,64.6
8/22/1986,11.215988461538462,64.6
8/23/1986,0.5823453846153845,64.6
8/24/1986,0.022512846153846154,64.6
8/25/1986,0,64.6
8/26/1986,0.3863030769230769,64.6
8/27/1986,0.033593077,64.6
8/28/1986,0,64.6
8/29/1986,2.4276269230769225,64.6
8/30/1986,0.941629,64.6
8/31/1986,0.002032769,64.6
9/1/1986,0.041535692,64.6
9/2/1986,1.2817838461538462,64.6
9/3/1986,4.478643076923076,64.6
9/4/1986,4.159237692307691,64.6
9/5/1986,0.6803032307692308,64.6
9/6/1986,0.2795984615384616,6
9/7/1986,0,6
9/8/1986,1.7310361538461536,6
9/9/1986,1.0404136153846153,6
9/10/1986,7.052623076923078,6
9/11/1986,45.10715384615385,6
9/12/1986,14.660607692307691,6
9/13/1986,11.660776923076922,6
9/14/1986,1.9594376923076924,6
9/15/1986,7.204030000000001,6
9/16/1986,7.253234615384615,6
9/17/1986,0.34314338461538463,6
9/18/1986,2.4499830769230773,6
9/19/1986,4.876590000000001,6
9/20/1986,5.664208461538463,6
9/21/1986,0,6
9/22/1986,0,6
9/23/1986,2.4536506923076926,6
9/24/1986,2.671066153846154,6
9/25/1986,12.431676923076923,6
9/26/1986,20.48584615384615,6
9/27/1986,1.5958753846153846,6
9/28/1986,1.1801080769230767,6
9/29/1986,4.015966923076923,6
9/30/1986,20.778692307692307,3
10/1/1986,18.19817692307692,3
10/2/1986,1.6959707692307693,3
10/3/1986,17.322976923076922,3
10/4/1986,5.813861538461539,3
10/5/1986,9.231515384615387,3
10/6/1986,12.691423076923076,3
10/7/1986,11.764138461538462,3
10/8/1986,8.914407692307693,3
10/9/1986,5.849338461538462,3
10/10/1986,1.2025940769230767,3
10/11/1986,0.1003913076923077,3
10/12/1986,4.506661538461539,3
10/13/1986,6.065453846153847,3
10/14/1986,0.060407692,3
10/15/1986,0.3401215384615385,3
10/16/1986,0,3
10/17/1986,0,3
10/18/1986,0,3
10/19/1986,0,3
10/20/1986,0.4905984615384615,3
10/21/1986,0.2734163076923077,3
10/22/1986,2.8966815384615385,3
10/23/1986,0,3
10/24/1986,0,0.6
10/25/1986,0,0.6
10/26/1986,0,0.6
10/27/1986,0,0.6
10/28/1986,0,0.6
10/29/1986,0,0.6
10/30/1986,0,0.6
10/31/1986,0,0.6
11/1/1986,0,0.6
11/2/1986,2.3502692307692308,0.6
11/3/1986,8.390223076923077,0.6
11/4/1986,4.992255384615385,0.6
11/5/1986,1.6129200000000001,0.6
11/6/1986,0.329065,0.6
11/7/1986,5.258872769230769,0.6
11/8/1986,1.1913239999999998,0.6
11/9/1986,13.037530769230768,0.6
11/10/1986,16.657615384615386,0.6
11/11/1986,0.6779153846153846,0.6
11/12/1986,0,0.6
11/13/1986,0,0.6
11/14/1986,0,0.6
11/15/1986,0,0.6
11/16/1986,0,0.6
11/17/1986,0,11.4
11/18/1986,0,11.4
11/19/1986,0,11.4
11/20/1986,0,11.4
11/21/1986,0,11.4
11/22/1986,0,11.4
11/23/1986,0,11.4
11/24/1986,0,11.4
11/25/1986,0,11.4
11/26/1986,0,11.4
11/27/1986,0,11.4
11/28/1986,0,11.4
11/29/1986,0,11.4
11/30/1986,0,11.4
12/1/1986,0,11.4
12/2/1986,0,11.4
12/3/1986,0,11.4
12/4/1986,0,11.4
12/5/1986,0,11.4
12/6/1986,0,11.4
12/7/1986,0,11.4
12/8/1986,0,11.4
12/9/1986,0,11.4
12/10/1986,0,11.4
12/11/1986,0,3.7
12/12/1986,0,3.7
12/13/1986,0,3.7
12/14/1986,0.13160023076923075,3.7
12/15/1986,7.386061538461538,3.7
12/16/1986,4.946459230769231,3.7
12/17/1986,0.068931077,3.7
12/18/1986,0.5647769230769231,3.7
12/19/1986,0.3127253846153846,3.7
12/20/1986,0.013130230769230767,3.7
12/21/1986,0.10748,3.7
12/22/1986,0,3.7
12/23/1986,0.44854246153846156,3.7
12/24/1986,0,3.7
12/25/1986,0.7836199999999999,3.7
12/26/1986,12.902630769230768,3.7
12/27/1986,3.910305692307692,3.7
12/28/1986,0,3.7
12/29/1986,0.064988308,3.7
12/30/1986,0.8322561538461539,3.7
12/31/1986,0,3.7
1/1/1987,0,3.7
1/2/1987,0,3.7
1/3/1987,0,3.7
1/4/1987,0,0
1/5/1987,0,0
1/6/1987,0,0
1/7/1987,0,0
1/8/1987,0,0
1/9/1987,0,0
1/10/1987,0,0
1/11/1987,0.028675461538461542,0
1/12/1987,0.006819615,0
1/13/1987,7.133323076923076,0
1/14/1987,0.2775030769230769,0
1/15/1987,0,0
1/16/1987,0,0
1/17/1987,0,0
1/18/1987,0,0
1/19/1987,0,0
1/20/1987,0,0
1/21/1987,0,0
1/22/1987,0,0
1/23/1987,0,0
1/24/1987,0,0
1/25/1987,0,0
1/26/1987,0,0
1/27/1987,0,0
1/28/1987,0,0
1/29/1987,0,0
1/30/1987,0,0
1/31/1987,0,0
2/1/1987,0,0
2/2/1987,0,0
2/3/1987,0,0
2/4/1987,0,0
2/5/1987,0,0
2/6/1987,0,0
2/7/1987,0,0
2/8/1987,0,0
2/9/1987,0,0
2/10/1987,0,0
2/11/1987,0,0
2/12/1987,0,0
2/13/1987,0,0
2/14/1987,0,0
2/15/1987,0,0
2/16/1987,0,0
2/17/1987,0,0
2/18/1987,0,0
2/19/1987,0,0
2/20/1987,0.054819231,0
2/21/1987,0,14.4
2/22/1987,0,14.4
2/23/1987,0,14.4
2/24/1987,0,14.4
2/25/1987,0,14.4
2/26/1987,0,14.4
2/27/1987,0.085294231,14.4
2/28/1987,0.2708063076923077,14.4
3/1/1987,0.007072154,14.4
3/2/1987,0.6719784615384616,14.4
3/3/1987,0.32216153846153844,14.4
3/4/1987,0.003060769,14.4
3/5/1987,0,14.4
3/6/1987,0.004599769,14.4
3/7/1987,0,14.4
3/8/1987,0,14.4
3/9/1987,0.12564069230769231,14.4
3/10/1987,0.22273769230769233,14.4
3/11/1987,0.3311315384615385,14.4
3/12/1987,1.8583584615384612,14.4
3/13/1987,2.4052879999999996,14.4
3/14/1987,0.5457307692307692,14.4
3/15/1987,0,14.4
3/16/1987,0.10530215384615384,14.4
3/17/1987,0,181.2
3/18/1987,0,181.2
3/19/1987,0,181.2
3/20/1987,0,181.2
3/21/1987,0.16373076923076926,181.2
3/22/1987,0.8940392307692306,181.2
3/23/1987,0,181.2
3/24/1987,0,181.2
3/25/1987,0,181.2
3/26/1987,0,181.2
3/27/1987,0,181.2
3/28/1987,0,181.2
3/29/1987,0,181.2
3/30/1987,0,181.2
3/31/1987,0,181.2
4/1/1987,0,181.2
4/2/1987,0,181.2
4/3/1987,0,181.2
4/4/1987,0,181.2
4/5/1987,0,181.2
4/6/1987,0,181.2
4/7/1987,0,181.2
4/8/1987,0,181.2
4/9/1987,0,181.2
4/10/1987,0,6.4
4/11/1987,0,6.4
4/12/1987,0,6.4
4/13/1987,0,6.4
4/14/1987,0,6.4
4/15/1987,0,6.4
4/16/1987,0,6.4
4/17/1987,0.3527432307692307,6.4
4/18/1987,0.014150230769230773,6.4
4/19/1987,0.067416154,6.4
4/20/1987,0.002176154,6.4
4/21/1987,0,6.4
4/22/1987,0,6.4
4/23/1987,0.6363686923076923,6.4
4/24/1987,1.9251476923076924,6.4
4/25/1987,0.8182015384615384,6.4
4/26/1987,2.8668679999999993,6.4
4/27/1987,2.670871538461538,6.4
4/28/1987,7.614476923076922,6.4
4/29/1987,4.1539769230769235,6.4
4/30/1987,4.755663076923076,6.4
5/1/1987,2.3221425384615384,6.4
5/2/1987,11.639746153846154,6.4
5/3/1987,2.5026401538461536,6.4
5/4/1987,4.152907692307692,5.7
5/5/1987,4.313123076923078,5.7
5/6/1987,0.15058507692307693,5.7
5/7/1987,0,5.7
5/8/1987,0.042451538,5.7
5/9/1987,2.2183330769230767,5.7
5/10/1987,4.217332307692308,5.7
5/11/1987,0.12252561538461539,5.7
5/12/1987,0,5.7
5/13/1987,1.4334823846153848,5.7
5/14/1987,0,5.7
5/15/1987,0.014150230769230773,5.7
5/16/1987,0,5.7
5/17/1987,0.042451538,5.7
5/18/1987,0,5.7
5/19/1987,1.6917769230769228,5.7
5/20/1987,0.5544706153846153,5.7
5/21/1987,0,5.7
5/22/1987,0.014150230769230773,5.7
5/23/1987,0.17656615384615384,5.7
5/24/1987,0,5.7
5/25/1987,0.2798343846153846,5.7
5/26/1987,0.18124846153846155,5.7
5/27/1987,0.15103569230769232,5.7
5/28/1987,0.099792308,11.4
5/29/1987,1.240216923076923,11.4
5/30/1987,0,11.4
5/31/1987,2.055023769230769,11.4
6/1/1987,0.083160769,11.4
6/2/1987,2.454182307692308,11.4
6/3/1987,2.928541538461538,11.4
6/4/1987,5.162453846153847,11.4
6/5/1987,3.8989,11.4
6/6/1987,2.3432704615384616,11.4
6/7/1987,1.5391192307692307,11.4
6/8/1987,1.8293443846153845,11.4
6/9/1987,3.8559553846153847,11.4
6/10/1987,8.710276923076924,11.4
6/11/1987,1.9268061538461543,11.4
6/12/1987,3.1826361538461545,11.4
6/13/1987,7.071980384615385,11.4
6/14/1987,1.0486187692307694,11.4
6/15/1987,4.572267692307692,11.4
6/16/1987,0.13675961538461537,11.4
6/17/1987,3.167193846153846,11.4
6/18/1987,0.14571692307692305,11.4
6/19/1987,5.090792307692308,11.4
6/20/1987,0.28433723076923073,11.4
6/21/1987,0,5.4
6/22/1987,0,5.4
6/23/1987,1.2936692307692306,5.4
6/24/1987,8.395969230769232,5.4
6/25/1987,2.934061384615385,5.4
6/26/1987,4.352800769230769,5.4
6/27/1987,3.234746153846154,5.4
6/28/1987,1.3284269230769232,5.4
6/29/1987,0.43229107692307694,5.4
6/30/1987,0.12669484615384616,5.4
7/1/1987,1.0809026153846155,5.4
7/2/1987,1.096936923076923,5.4
7/3/1987,0.49861261538461527,5.4
7/4/1987,2.1819499999999996,5.4
7/5/1987,5.321244615384615,5.4
7/6/1987,20.238307692307693,5.4
7/7/1987,18.518346153846153,5.4
7/8/1987,3.571570769230769,5.4
7/9/1987,3.299813769230769,5.4
7/10/1987,5.077561538461538,5.4
7/11/1987,36.16761538461538,5.4
7/12/1987,2.584656153846154,5.4
7/13/1987,7.226769231,5.4
7/14/1987,18.10886923076923,5.4
7/15/1987,2.207196923076923,2.7
7/16/1987,3.1160393076923083,2.7
7/17/1987,0.5023140769230768,2.7
7/18/1987,3.5795576923076924,2.7
7/19/1987,28.86578461538462,2.7
7/20/1987,65.00169230769231,2.7
7/21/1987,39.87666153846154,2.7
7/22/1987,4.926412307692307,2.7
7/23/1987,18.176937692307696,2.7
7/24/1987,0.3633192307692308,2.7
7/25/1987,1.1278616153846153,2.7
7/26/1987,1.2282019230769232,2.7
7/27/1987,8.745430769230769,2.7
7/28/1987,4.4531930769230765,2.7
7/29/1987,5.121139230769231,2.7
7/30/1987,4.9643500000000005,2.7
7/31/1987,1.0667232307692307,2.7
8/1/1987,1.0372661538461538,2.7
8/2/1987,0.3172623076923076,2.7
8/3/1987,0.11511215384615385,2.7
8/4/1987,2.882436769230769,2.7
8/5/1987,18.72863076923077,2.7
8/6/1987,16.184023076923076,2.7
8/7/1987,2.952113846153846,2.7
8/8/1987,2.4358130769230772,4.4
8/9/1987,0.045566846153846145,4.4
8/10/1987,0.11782615384615383,4.4
8/11/1987,1.2671592307692308,4.4
8/12/1987,2.340946923076923,4.4
8/13/1987,1.3021173846153844,4.4
8/14/1987,6.577344615384616,4.4
8/15/1987,8.587976923076925,4.4
8/16/1987,16.12693846153846,4.4
8/17/1987,6.928261538461539,4.4
8/18/1987,0.6253009230769232,4.4
8/19/1987,4.714436153846153,4.4
8/20/1987,4.059462307692308,4.4
8/21/1987,4.7356184615384604,4.4
8/22/1987,0.49538030769230773,4.4
8/23/1987,7.5855161538461555,4.4
8/24/1987,18.780930769230768,4.4
8/25/1987,2.481314615384615,4.4
8/26/1987,15.700007692307691,4.4
8/27/1987,2.2710361538461536,4.4
8/28/1987,10.05279230769231,4.4
8/29/1987,1.6827715384615385,4.4
8/30/1987,1.1344292307692307,4.4
8/31/1987,0.8346438461538462,4.4
9/1/1987,0.8706669230769231,3.3
9/2/1987,0.092244769,3.3
9/3/1987,0.32186661538461536,3.3
9/4/1987,6.396540769230769,3.3
9/5/1987,39.84738461538461,3.3
9/6/1987,4.836746153846153,3.3
9/7/1987,0.5678340000000002,3.3
9/8/1987,7.511973846153846,3.3
9/9/1987,2.3874153846153847,3.3
9/10/1987,12.375623076923079,3.3
9/11/1987,2.131143076923077,3.3
9/12/1987,2.6222492307692304,3.3
9/13/1987,2.5877846153846153,3.3
9/14/1987,0.5460446153846154,3.3
9/15/1987,2.386231538461538,3.3
9/16/1987,14.784046153846154,3.3
9/17/1987,10.10753076923077,3.3
9/18/1987,2.4549284615384614,3.3
9/19/1987,5.370475384615386,3.3
9/20/1987,1.2129069230769232,3.3
9/21/1987,3.404721538461538,3.3
9/22/1987,1.5641843076923077,3.3
9/23/1987,5.093369230769231,3.3
9/24/1987,4.150556076923077,3.3
9/25/1987,9.125692307692306,3.8
9/26/1987,4.041915384615384,3.8
9/27/1987,0,3.8
9/28/1987,0,3.8
9/29/1987,0.7347461538461538,3.8
9/30/1987,0.8121729230769232,3.8
10/1/1987,0.33383846153846153,3.8
10/2/1987,0,3.8
10/3/1987,0.2505136153846154,3.8
10/4/1987,0.07454,3.8
10/5/1987,0.033743076923076924,3.8
10/6/1987,0,3.8
10/7/1987,0.26718153846153847,3.8
10/8/1987,1.7721354615384615,3.8
10/9/1987,3.4249430769230766,3.8
10/10/1987,10.292615384615384,3.8
10/11/1987,2.9266276923076924,3.8
10/12/1987,0.010397692,3.8
10/13/1987,0,3.8
10/14/1987,0,3.8
10/15/1987,0,3.8
10/16/1987,1.0794315384615385,3.8
10/17/1987,26.56966923076923,3.8
10/18/1987,11.28623076923077,3.8
10/19/1987,3.2671484615384614,19
10/20/1987,4.0983846153846155,19
10/21/1987,13.29541307692308,19
10/22/1987,0.19453153846153845,19
10/23/1987,0,19
10/24/1987,0,19
10/25/1987,0,19
10/26/1987,0,19
10/27/1987,0,19
10/28/1987,0,19
10/29/1987,0,19
10/30/1987,0,19
10/31/1987,0,19
11/1/1987,0,19
11/2/1987,0,19
11/3/1987,3.0481069230769227,19
11/4/1987,17.724192307692302,19
11/5/1987,6.653307692307692,19
11/6/1987,1.3473169230769229,19
11/7/1987,0,19
11/8/1987,0,19
11/9/1987,0.018959538461538458,19
11/10/1987,0,19
11/11/1987,0.042451538,19
11/12/1987,0.014150230769230773,0
11/13/1987,1.9392283846153846,0
11/14/1987,5.294969231,0
11/15/1987,6.920846153846153,0
11/16/1987,9.111904615384615,0
11/17/1987,9.450923076923077,0
11/18/1987,5.5516461538461535,0
11/19/1987,0.5538167692307692,0
11/20/1987,30.797230769230772,0
11/21/1987,0.19757561538461538,0
11/22/1987,0.15795469230769232,0
11/23/1987,0.11963623076923076,0
11/24/1987,0,0
11/25/1987,0,0
11/26/1987,0,0
11/27/1987,0,0
11/28/1987,0,0
11/29/1987,0,0
11/30/1987,0,0
12/1/1987,0,0
12/2/1987,0,0
12/3/1987,0,0
12/4/1987,0,0
12/5/1987,0,0
12/6/1987,0,18.8
12/7/1987,0,18.8
12/8/1987,0,18.8
12/9/1987,0,18.8
12/10/1987,0,18.8
12/11/1987,0,18.8
12/12/1987,0,18.8
12/13/1987,0,18.8
12/14/1987,1.2616423076923078,18.8
12/15/1987,0.002393077,18.8
12/16/1987,0,18.8
12/17/1987,0,18.8
12/18/1987,0,18.8
12/19/1987,0,18.8
12/20/1987,0,18.8
12/21/1987,0,18.8
12/22/1987,0,18.8
12/23/1987,0,18.8
12/24/1987,0,18.8
12/25/1987,0,18.8
12/26/1987,0,18.8
12/27/1987,0,18.8
12/28/1987,0,18.8
12/29/1987,0,18.8
12/30/1987,0,3
12/31/1987,0,3
1/1/1988,0,3
1/2/1988,0,3
1/3/1988,0,3
1/4/1988,0,3
1/5/1988,0,3
1/6/1988,0,3
1/7/1988,0,3
1/8/1988,0,3
1/9/1988,0,3
1/10/1988,0,3
1/11/1988,0,3
1/12/1988,0,3
1/13/1988,0,3
1/14/1988,0,3
1/15/1988,0,3
1/16/1988,0,3
1/17/1988,0,3
1/18/1988,0,3
1/19/1988,0,3
1/20/1988,0,3
1/21/1988,0,3
1/22/1988,0,3
1/23/1988,0,5.4
1/24/1988,0,5.4
1/25/1988,0,5.4
1/26/1988,0,5.4
1/27/1988,0,5.4
1/28/1988,0.006819615,5.4
1/29/1988,0,5.4
1/30/1988,0,5.4
1/31/1988,0,5.4
2/1/1988,0,5.4
2/2/1988,0,5.4
2/3/1988,0,5.4
2/4/1988,0,5.4
2/5/1988,0,5.4
2/6/1988,0,5.4
2/7/1988,0,5.4
2/8/1988,0,5.4
2/9/1988,0,5.4
2/10/1988,0,5.4
2/11/1988,0,5.4
2/12/1988,0,5.4
2/13/1988,1.072776923076923,5.4
2/14/1988,0.076627692,5.4
2/15/1988,0,5.4
2/16/1988,0.7183930769230769,57.4
2/17/1988,1.6514346153846151,57.4
2/18/1988,4.857772307692307,57.4
2/19/1988,0.9788123076923078,57.4
2/20/1988,0,57.4
2/21/1988,0,57.4
2/22/1988,0.15250861538461538,57.4
2/23/1988,0.7378903076923076,57.4
2/24/1988,11.50646923076923,57.4
2/25/1988,11.1426,57.4
2/26/1988,3.2555165384615394,57.4
2/27/1988,0.594102,57.4
2/28/1988,0.6390169230769231,57.4
2/29/1988,1.6732915384615386,57.4
3/1/1988,6.777276923076924,57.4
3/2/1988,5.476936999999999,57.4
3/3/1988,4.032341538461538,57.4
3/4/1988,0,57.4
3/5/1988,0.10655615384615384,57.4
3/6/1988,0,57.4
3/7/1988,0,57.4
3/8/1988,0.9643467692307692,57.4
3/9/1988,1.6161169230769232,57.4
3/10/1988,15.69979230769231,57.4
3/11/1988,1.9910496153846151,34.9
3/12/1988,0.7896015384615385,34.9
3/13/1988,2.828324615384616,34.9
3/14/1988,0.29080923076923076,34.9
3/15/1988,0.1003913076923077,34.9
3/16/1988,0,34.9
3/17/1988,0,34.9
3/18/1988,0,34.9
3/19/1988,0.006814077,34.9
3/20/1988,0.4956938461538461,34.9
3/21/1988,0,34.9
3/22/1988,0,34.9
3/23/1988,0,34.9
3/24/1988,0.026525384615384617,34.9
3/25/1988,0,34.9
3/26/1988,0.14677307692307692,34.9
3/27/1988,0.083071769,34.9
3/28/1988,3.8062608461538465,34.9
3/29/1988,0.558726,34.9
3/30/1988,0,34.9
3/31/1988,0,34.9
4/1/1988,0,34.9
4/2/1988,0,34.9
4/3/1988,0.5969176923076923,34.9
4/4/1988,0,25.4
4/5/1988,0,25.4
4/6/1988,0,25.4
4/7/1988,0,25.4
4/8/1988,0,25.4
4/9/1988,0,25.4
4/10/1988,0.003828923,25.4
4/11/1988,0.32073846153846153,25.4
4/12/1988,0,25.4
4/13/1988,0,25.4
4/14/1988,0.075272,25.4
4/15/1988,1.006393846153846,25.4
4/16/1988,4.343204615384616,25.4
4/17/1988,4.694316923076922,25.4
4/18/1988,2.4016664615384613,25.4
4/19/1988,0.8417525384615385,25.4
4/20/1988,8.157797692307692,25.4
4/21/1988,0.25554692307692306,25.4
4/22/1988,0.5653754615384615,25.4
4/23/1988,0,25.4
4/24/1988,0.15058507692307693,25.4
4/25/1988,7.174097692307692,25.4
4/26/1988,16.235400000000002,25.4
4/27/1988,0.093011154,25.4
4/28/1988,0,17.2
4/29/1988,0.1938234615384615,17.2
4/30/1988,0.9549277692307694,17.2
5/1/1988,2.8474376923076927,17.2
5/2/1988,0.2081249230769231,17.2
5/3/1988,2.4649776923076923,17.2
5/4/1988,19.696653846153843,17.2
5/5/1988,0.049016154,17.2
5/6/1988,2.0262546153846155,17.2
5/7/1988,0.3420592307692308,17.2
5/8/1988,0,17.2
5/9/1988,0.042451538,17.2
5/10/1988,0,17.2
5/11/1988,0,17.2
5/12/1988,0,17.2
5/13/1988,0.3942538461538461,17.2
5/14/1988,0.15426846153846155,17.2
5/15/1988,2.421636923076923,17.2
5/16/1988,18.517376923076924,17.2
5/17/1988,5.532242307692308,17.2
5/18/1988,0.5685262307692308,17.2
5/19/1988,1.2132184615384616,17.2
5/20/1988,0.15136461538461538,17.2
5/21/1988,4.505479230769231,17.2
5/22/1988,5.117033846153847,17
5/23/1988,0.3294901538461538,17
5/24/1988,0.097343846,17
5/25/1988,0.096047,17
5/26/1988,0.052779231,17
5/27/1988,0.038247846,17
5/28/1988,0,17
5/29/1988,0,17
5/30/1988,0.070326923,17
5/31/1988,0,17
6/1/1988,0,17
6/2/1988,4.756589230769231,17
6/3/1988,11.104430769230769,17
6/4/1988,0.39831107692307693,17
6/5/1988,1.953163076923077,17
6/6/1988,0.4839723076923077,17
6/7/1988,4.359192307692308,17
6/8/1988,0.070122231,17
6/9/1988,0.6040444615384616,17
6/10/1988,6.7423,17
6/11/1988,53.267384615384614,17
6/12/1988,10.62663076923077,17
6/13/1988,5.310715384615386,17
6/14/1988,3.0642615384615386,17
6/15/1988,13.136538461538462,27.9
6/16/1988,1.6065107692307694,27.9
6/17/1988,0,27.9
6/18/1988,1.3996153846153847,27.9
6/19/1988,0.5265402307692307,27.9
6/20/1988,1.6631776923076922,27.9
6/21/1988,5.35859,27.9
6/22/1988,4.874515384615385,27.9
6/23/1988,34.61392307692308,27.9
6/24/1988,6.603569231,27.9
6/25/1988,5.951149999999999,27.9
6/26/1988,5.610292307692308,27.9
6/27/1988,14.1559,27.9
6/28/1988,4.893126923076924,27.9
6/29/1988,5.437338461538461,27.9
6/30/1988,4.085538461538461,27.9
7/1/1988,8.608083076923077,27.9
7/2/1988,15.978761538461539,27.9
7/3/1988,8.277669230769229,27.9
7/4/1988,3.560092307692308,27.9
7/5/1988,5.7296,27.9
7/6/1988,18.354607692307695,27.9
7/7/1988,11.767684615384614,27.9
7/8/1988,4.3154615384615385,27.9
7/9/1988,6.481061538461538,0.1
7/10/1988,9.764669231,0.1
7/11/1988,11.780999999999997,0.1
7/12/1988,8.328140769,0.1
7/13/1988,10.097323076923077,0.1
7/14/1988,10.665615384615384,0.1
7/15/1988,8.649046153846154,0.1
7/16/1988,7.476284615384616,0.1
7/17/1988,5.725581384615383,0.1
7/18/1988,6.553069231,0.1
7/19/1988,17.341453846153847,0.1
7/20/1988,1.7868069230769232,0.1
7/21/1988,6.275330769230769,0.1
7/22/1988,3.8859076923076925,0.1
7/23/1988,12.624400000000001,0.1
7/24/1988,3.8378930769230766,0.1
7/25/1988,3.7459646153846156,0.1
7/26/1988,8.247461538461538,0.1
7/27/1988,6.233407692307692,0.1
7/28/1988,4.38118,0.1
7/29/1988,7.962476923076922,0.1
7/30/1988,17.778676923076922,0.1
7/31/1988,8.207415384615386,0.1
8/1/1988,14.750292307692309,0.1
8/2/1988,6.964307692307693,0
8/3/1988,36.54613076923077,0
8/4/1988,56.75276923076923,0
8/5/1988,12.71602307692308,0
8/6/1988,13.892461538461536,0
8/7/1988,2.2107290769230765,0
8/8/1988,18.445884615384617,0
8/9/1988,10.77996923076923,0
8/10/1988,17.3406,0
8/11/1988,5.296084615384615,0
8/12/1988,3.846376923076924,0
8/13/1988,4.317025846153846,0
8/14/1988,0.4886529230769231,0
8/15/1988,4.307325384615385,0
8/16/1988,3.420230769230769,0
8/17/1988,4.6808546153846144,0
8/18/1988,5.456950000000001,0
8/19/1988,1.1926723076923078,0
8/20/1988,1.5347722307692306,0
8/21/1988,7.872146153846154,0
8/22/1988,3.803816076923077,0
8/23/1988,7.889030769230771,0
8/24/1988,6.438857692307692,0
8/25/1988,4.596038461538462,0
8/26/1988,5.529310769,6.7
8/27/1988,1.3771908461538458,6.7
8/28/1988,1.5457093846153849,6.7
8/29/1988,5.6843653846153845,6.7
8/30/1988,4.043607692307693,6.7
8/31/1988,5.499786153846154,6.7
9/1/1988,3.0759808461538465,6.7
9/2/1988,5.530583076923078,6.7
9/3/1988,5.024761538461538,6.7
9/4/1988,8.901676923076923,6.7
9/5/1988,9.097330769,6.7
9/6/1988,2.824617692307693,6.7
9/7/1988,15.25496153846154,6.7
9/8/1988,6.325229153846156,6.7
9/9/1988,1.2493866923076924,6.7
9/10/1988,14.461192307692308,6.7
9/11/1988,2.6318792307692314,6.7
9/12/1988,2.558052307692307,6.7
9/13/1988,2.0258763846153847,6.7
9/14/1988,6.020915384615384,6.7
9/15/1988,12.316615384615385,6.7
9/16/1988,3.525907692307692,6.7
9/17/1988,7.439407692307693,6.7
9/18/1988,2.4233764615384614,6.7
9/19/1988,19.9054,31.2
9/20/1988,28.51116153846154,31.2
9/21/1988,21.262692307692305,31.2
9/22/1988,17.40026153846154,31.2
9/23/1988,13.294846153846153,31.2
9/24/1988,26.991769230769236,31.2
9/25/1988,10.294515384615387,31.2
9/26/1988,6.024158461538462,31.2
9/27/1988,1.505298153846154,31.2
9/28/1988,0.49981999999999993,31.2
9/29/1988,0.3230184615384616,31.2
9/30/1988,1.1376938461538464,31.2
10/1/1988,4.226056923076923,31.2
10/2/1988,23.72869230769231,31.2
10/3/1988,21.410661538461543,31.2
10/4/1988,3.4965692307692304,31.2
10/5/1988,1.8408407692307693,31.2
10/6/1988,0.2929643076923077,31.2
10/7/1988,9.984846153846156,31.2
10/8/1988,0,31.2
10/9/1988,0,31.2
10/10/1988,0,31.2
10/11/1988,0,31.2
10/12/1988,0,31.2
10/13/1988,0,1.6
10/14/1988,0,1.6
10/15/1988,0,1.6
10/16/1988,0,1.6
10/17/1988,0,1.6
10/18/1988,0,1.6
10/19/1988,0,1.6
10/20/1988,0,1.6
10/21/1988,0.33263207692307684,1.6
10/22/1988,0.28239846153846154,1.6
10/23/1988,0.024754692307692307,1.6
10/24/1988,0,1.6
10/25/1988,0,1.6
10/26/1988,0,1.6
10/27/1988,0,1.6
10/28/1988,0,1.6
10/29/1988,0,1.6
10/30/1988,0,1.6
10/31/1988,0,1.6
11/1/1988,0,1.6
11/2/1988,0,1.6
11/3/1988,0,1.6
11/4/1988,0.3058981538461538,1.6
11/5/1988,0,1.6
11/6/1988,0,0.9
11/7/1988,0,0.9
11/8/1988,0,0.9
11/9/1988,0,0.9
11/10/1988,0,0.9
11/11/1988,0,0.9
11/12/1988,0,0.9
11/13/1988,0,0.9
11/14/1988,0,0.9
11/15/1988,0,0.9
11/16/1988,0,0.9
11/17/1988,0,0.9
11/18/1988,0,0.9
11/19/1988,0,0.9
11/20/1988,0,0.9
11/21/1988,0,0.9
11/22/1988,0,0.9
11/23/1988,0,0.9
11/24/1988,0,0.9
11/25/1988,0,0.9
11/26/1988,0,0.9
11/27/1988,0,0.9
11/28/1988,0,0.9
11/29/1988,0,0.9
11/30/1988,0.009973846,1.8
12/1/1988,0,1.8
12/2/1988,0,1.8
12/3/1988,0,1.8
12/4/1988,0,1.8
12/5/1988,0,1.8
12/6/1988,0,1.8
12/7/1988,0,1.8
12/8/1988,0,1.8
12/9/1988,0,1.8
12/10/1988,0,1.8
12/11/1988,0,1.8
12/12/1988,0,1.8
12/13/1988,0,1.8
12/14/1988,0,1.8
12/15/1988,0,1.8
12/16/1988,0,1.8
12/17/1988,0,1.8
12/18/1988,0,1.8
12/19/1988,0,1.8
12/20/1988,0,1.8
12/21/1988,0,1.8
12/22/1988,0,1.8
12/23/1988,0,1.8
12/24/1988,0,3.1
12/25/1988,0,3.1
12/26/1988,0,3.1
12/27/1988,0,3.1
12/28/1988,0,3.1
12/29/1988,0,3.1
12/30/1988,0,3.1
12/31/1988,0,3.1
1/1/1989,0,3.1
1/2/1989,0,3.1
1/3/1989,0,3.1
1/4/1989,0,3.1
1/5/1989,0,3.1
1/6/1989,0,3.1
1/7/1989,0,3.1
1/8/1989,0,3.1
1/9/1989,0,3.1
1/10/1989,0,3.1
1/11/1989,0,3.1
1/12/1989,0,3.1
1/13/1989,0,3.1
1/14/1989,0,3.1
1/15/1989,0,3.1
1/16/1989,0,3.1
1/17/1989,0,0.6
1/18/1989,0,0.6
1/19/1989,0,0.6
1/20/1989,0,0.6
1/21/1989,0,0.6
1/22/1989,0,0.6
1/23/1989,0,0.6
1/24/1989,0,0.6
1/25/1989,0,0.6
1/26/1989,0,0.6
1/27/1989,0,0.6
1/28/1989,0,0.6
1/29/1989,0,0.6
1/30/1989,0,0.6
1/31/1989,0,0.6
2/1/1989,0,0.6
2/2/1989,0,0.6
2/3/1989,0,0.6
2/4/1989,0,0.6
2/5/1989,0,0.6
2/6/1989,0,0.6
2/7/1989,0,0.6
2/8/1989,0,0.6
2/9/1989,0,0.6
2/10/1989,0,11.6
2/11/1989,0,11.6
2/12/1989,0,11.6
2/13/1989,0,11.6
2/14/1989,0,11.6
2/15/1989,0,11.6
2/16/1989,0,11.6
2/17/1989,0,11.6
2/18/1989,0,11.6
2/19/1989,0,11.6
2/20/1989,0,11.6
2/21/1989,0,11.6
2/22/1989,0,11.6
2/23/1989,0,11.6
2/24/1989,0,11.6
2/25/1989,0,11.6
2/26/1989,0,11.6
2/27/1989,0,11.6
2/28/1989,0,11.6
3/1/1989,0,11.6
3/2/1989,0,11.6
3/3/1989,0,11.6
3/4/1989,0,11.6
3/5/1989,0,11.6
3/6/1989,0,10
3/7/1989,0,10
3/8/1989,0,10
3/9/1989,0,10
3/10/1989,0,10
3/11/1989,0,10
3/12/1989,0.1664986153846154,10
3/13/1989,0,10
3/14/1989,0,10
3/15/1989,0.47473069230769227,10
3/16/1989,0.14501230769230766,10
3/17/1989,0,10
3/18/1989,0,10
3/19/1989,0.17484615384615385,10
3/20/1989,0,10
3/21/1989,0,10
3/22/1989,0,10
3/23/1989,0,10
3/24/1989,0,10
3/25/1989,0,10
3/26/1989,0,10
3/27/1989,0,10
3/28/1989,0,10
3/29/1989,0.7504846153846153,10
3/30/1989,3.0757838461538465,0.1
3/31/1989,4.042573846153845,0.1
4/1/1989,0,0.1
4/2/1989,0,0.1
4/3/1989,0,0.1
4/4/1989,0,0.1
4/5/1989,0,0.1
4/6/1989,0,0.1
4/7/1989,0,0.1
4/8/1989,0,0.1
4/9/1989,0,0.1
4/10/1989,0,0.1
4/11/1989,0,0.1
4/12/1989,0,0.1
4/13/1989,0,0.1
4/14/1989,0,0.1
4/15/1989,0,0.1
4/16/1989,0,0.1
4/17/1989,0,0.1
4/18/1989,0,0.1
4/19/1989,0,0.1
4/20/1989,0.0021,0.1
4/21/1989,0,0.1
4/22/1989,0,0.1
4/23/1989,0,0
4/24/1989,0,0
4/25/1989,0.006824923,0
4/26/1989,0,0
4/27/1989,0.8769784615384615,0
4/28/1989,0,0
4/29/1989,1.8785284615384614,0
4/30/1989,0.3624823076923077,0
5/1/1989,0,0
5/2/1989,0.43530538461538454,0
5/3/1989,2.6185383076923077,0
5/4/1989,0.19965846153846153,0
5/5/1989,0,0
5/6/1989,0.24802384615384615,0
5/7/1989,0,0
5/8/1989,1.0298538461538462,0
5/9/1989,2.0457484615384613,0
5/10/1989,0,0
5/11/1989,0,0
5/12/1989,0.2447446153846154,0
5/13/1989,0,0
5/14/1989,0.9693061538461538,0
5/15/1989,0.9276485384615385,0
5/16/1989,0.026227692307692306,0
5/17/1989,0.31624615384615384,6.8
5/18/1989,2.7846530769230764,6.8
5/19/1989,3.0103607692307697,6.8
5/20/1989,0.8026115384615387,6.8
5/21/1989,5.760588461538462,6.8
5/22/1989,0,6.8
5/23/1989,0,6.8
5/24/1989,3.0401329999999995,6.8
5/25/1989,1.3531723076923077,6.8
5/26/1989,1.5979098461538461,6.8
5/27/1989,8.518969230769232,6.8
5/28/1989,9.635761538461539,6.8
5/29/1989,0.8988276923076923,6.8
5/30/1989,0,6.8
5/31/1989,0.8954384615384614,6.8
6/1/1989,8.154713076923077,6.8
6/2/1989,0,6.8
6/3/1989,9.337134615384617,6.8
6/4/1989,3.964237692307692,6.8
6/5/1989,2.6013053846153844,6.8
6/6/1989,10.349115384615384,6.8
6/7/1989,7.156266923076922,6.8
6/8/1989,2.1232092307692305,6.8
6/9/1989,7.9574461538461545,6.8
6/10/1989,0,13.3
6/11/1989,4.30088,13.3
6/12/1989,0.6452713846153846,13.3
6/13/1989,4.832095153846153,13.3
6/14/1989,46.11207692307692,13.3
6/15/1989,100.53069230769232,13.3
6/16/1989,11.299407692307692,13.3
6/17/1989,0.6535246153846154,13.3
6/18/1989,2.502235923076923,13.3
6/19/1989,49.284,13.3
6/20/1989,24.108115384615385,13.3
6/21/1989,16.658638461538462,13.3
6/22/1989,13.059715384615384,13.3
6/23/1989,3.352006153846154,13.3
6/24/1989,6.861930769230768,13.3
6/25/1989,0.8453553076923076,13.3
6/26/1989,6.163343076923076,13.3
6/27/1989,0.7035297692307692,13.3
6/28/1989,4.568124923076923,13.3
6/29/1989,16.01803076923077,13.3
6/30/1989,17.29833846153846,13.3
7/1/1989,2.395183846153846,13.3
7/2/1989,2.1941666153846153,13.3
7/3/1989,18.289492307692306,13.3
7/4/1989,9.769761538,30.3
7/5/1989,0.003458154,30.3
7/6/1989,0.9579843076923077,30.3
7/7/1989,4.851203076923077,30.3
7/8/1989,4.184221538461538,30.3
7/9/1989,2.002871076923077,30.3
7/10/1989,4.038468461538462,30.3
7/11/1989,4.954492307692306,30.3
7/12/1989,11.174192307692307,30.3
7/13/1989,4.134413076923076,30.3
7/14/1989,5.581175384615383,30.3
7/15/1989,4.766928461538462,30.3
7/16/1989,3.642486153846154,30.3
7/17/1989,3.7471299999999994,30.3
7/18/1989,3.358238461538461,30.3
7/19/1989,2.6654446153846156,30.3
7/20/1989,1.9123592307692308,30.3
7/21/1989,15.854523076923076,30.3
7/22/1989,8.977584615384615,30.3
7/23/1989,14.493769230769232,30.3
7/24/1989,17.65915384615385,30.3
7/25/1989,10.855376923076923,30.3
7/26/1989,1.8422761538461538,30.3
7/27/1989,3.7313049230769226,30.3
7/28/1989,50.26030769230769,28.1
7/29/1989,47.226230769230774,28.1
7/30/1989,14.554923076923076,28.1
7/31/1989,0.044586153846153845,28.1
8/1/1989,0.206818,28.1
8/2/1989,1.6840225384615386,28.1
8/3/1989,0.47829453846153847,28.1
8/4/1989,10.48943846153846,28.1
8/5/1989,66.02030769230768,28.1
8/6/1989,32.33406153846154,28.1
8/7/1989,7.191261538,28.1
8/8/1989,0.332316,28.1
8/9/1989,4.939430769230769,28.1
8/10/1989,4.469998461538462,28.1
8/11/1989,7.276446153846154,28.1
8/12/1989,13.019069230769231,28.1
8/13/1989,33.26093846153845,28.1
8/14/1989,14.014046153846154,28.1
8/15/1989,17.5723,28.1
8/16/1989,7.506867538461539,28.1
8/17/1989,22.36546153846154,28.1
8/18/1989,10.011269230769232,28.1
8/19/1989,14.686392307692305,28.1
8/20/1989,0.5388661538461539,28.1
8/21/1989,16.352230769230772,64.3
8/22/1989,4.177297692307693,64.3
8/23/1989,18.54382307692308,64.3
8/24/1989,11.557546153846156,64.3
8/25/1989,11.979146153846155,64.3
8/26/1989,8.747906923076924,64.3
8/27/1989,6.55171,64.3
8/28/1989,10.460446153846155,64.3
8/29/1989,4.616807692307692,64.3
8/30/1989,9.281746153846155,64.3
8/31/1989,28.319653846153845,64.3
9/1/1989,18.284838461538463,64.3
9/2/1989,2.302057538461539,64.3
9/3/1989,4.627576153846153,64.3
9/4/1989,0,64.3
9/5/1989,0.31105307692307693,64.3
9/6/1989,0.8529968461538462,64.3
9/7/1989,1.7829663846153847,64.3
9/8/1989,0.8000866923076922,64.3
9/9/1989,3.8103292307692302,64.3
9/10/1989,6.590607692307693,64.3
9/11/1989,7.1391846153846155,64.3
9/12/1989,7.5443538461538475,64.3
9/13/1989,13.240599999999999,64.3
9/14/1989,20.12733076923077,52.8
9/15/1989,11.638476923076922,52.8
9/16/1989,11.4512,52.8
9/17/1989,9.8353,52.8
9/18/1989,3.1777612307692302,52.8
9/19/1989,6.529884615384616,52.8
9/20/1989,0.26923230769230766,52.8
9/21/1989,0.083597769,52.8
9/22/1989,0.1914153846153846,52.8
9/23/1989,6.427056153846154,52.8
9/24/1989,1.1040761538461539,52.8
9/25/1989,2.124885384615385,52.8
9/26/1989,6.6573769230769235,52.8
9/27/1989,16.875623076923077,52.8
9/28/1989,20.414607692307694,52.8
9/29/1989,2.233675307692308,52.8
9/30/1989,5.645266923076923,52.8
10/1/1989,0.2257576923076923,52.8
10/2/1989,0.42646615384615383,52.8
10/3/1989,0.080755385,52.8
10/4/1989,0,52.8
10/5/1989,0,52.8
10/6/1989,6.796643846153845,52.8
10/7/1989,7.481530769230771,52.8
10/8/1989,2.0715307692307694,6.8
10/9/1989,11.146395384615385,6.8
10/10/1989,1.5238494615384615,6.8
10/11/1989,2.5637461538461537,6.8
10/12/1989,0.35886692307692314,6.8
10/13/1989,0.020983846,6.8
10/14/1989,0.040521538,6.8
10/15/1989,1.5809253846153848,6.8
10/16/1989,0,6.8
10/17/1989,0.015504615384615384,6.8
10/18/1989,0.019386,6.8
10/19/1989,0,6.8
10/20/1989,0,6.8
10/21/1989,0,6.8
10/22/1989,0,6.8
10/23/1989,0,6.8
10/24/1989,0.061628076923076924,6.8
10/25/1989,0,6.8
10/26/1989,0,6.8
10/27/1989,0,6.8
10/28/1989,0.067072154,6.8
10/29/1989,0,6.8
10/30/1989,0,6.8
10/31/1989,0,6.8
11/1/1989,0,13.4
11/2/1989,0,13.4
11/3/1989,0,13.4
11/4/1989,0,13.4
11/5/1989,0,13.4
11/6/1989,0,13.4
11/7/1989,0,13.4
11/8/1989,0,13.4
11/9/1989,0,13.4
11/10/1989,0,13.4
11/11/1989,0,13.4
11/12/1989,0,13.4
11/13/1989,0,13.4
11/14/1989,0,13.4
11/15/1989,0,13.4
11/16/1989,0,13.4
11/17/1989,0,13.4
11/18/1989,0,13.4
11/19/1989,0,13.4
11/20/1989,0,13.4
11/21/1989,0,13.4
11/22/1989,0,13.4
11/23/1989,0,13.4
11/24/1989,0,13.4
11/25/1989,0,5.2
11/26/1989,0,5.2
11/27/1989,0,5.2
11/28/1989,0,5.2
11/29/1989,0,5.2
11/30/1989,0,5.2
12/1/1989,0,5.2
12/2/1989,0,5.2
12/3/1989,0,5.2
12/4/1989,0,5.2
12/5/1989,0,5.2
12/6/1989,0,5.2
12/7/1989,0,5.2
12/8/1989,0,5.2
12/9/1989,0,5.2
12/10/1989,0,5.2
12/11/1989,0,5.2
12/12/1989,0,5.2
12/13/1989,0,5.2
12/14/1989,0,5.2
12/15/1989,0,5.2
12/16/1989,0,5.2
12/17/1989,0,5.2
12/18/1989,0,5.2
12/19/1989,0,10.2
12/20/1989,0,10.2
12/21/1989,0,10.2
12/22/1989,0,10.2
12/23/1989,0,10.2
12/24/1989,0,10.2
12/25/1989,0,10.2
12/26/1989,0,10.2
12/27/1989,0.013263846153846154,10.2
12/28/1989,0.23372846153846155,10.2
12/29/1989,0,10.2
12/30/1989,0.15762753846153846,10.2
12/31/1989,0.007124692,10.2
1/1/1990,0,10.2
1/2/1990,0,10.2
1/3/1990,0,10.2
1/4/1990,0,10.2
1/5/1990,0,10.2
1/6/1990,0,10.2
1/7/1990,0,10.2
1/8/1990,0,10.2
1/9/1990,0,10.2
1/10/1990,0,10.2
1/11/1990,0,10.2
1/12/1990,0,6.3
1/13/1990,0,6.3
1/14/1990,0,6.3
1/15/1990,0,6.3
1/16/1990,0,6.3
1/17/1990,0,6.3
1/18/1990,0,6.3
1/19/1990,0,6.3
1/20/1990,0,6.3
1/21/1990,0,6.3
1/22/1990,0,6.3
1/23/1990,0,6.3
1/24/1990,0,6.3
1/25/1990,0,6.3
1/26/1990,0,6.3
1/27/1990,0,6.3
1/28/1990,0,6.3
1/29/1990,0,6.3
1/30/1990,0,6.3
1/31/1990,0,6.3
2/1/1990,0,6.3
2/2/1990,0,6.3
2/3/1990,0,6.3
2/4/1990,0,6.3
2/5/1990,0,0.7
2/6/1990,0,0.7
2/7/1990,0,0.7
2/8/1990,0,0.7
2/9/1990,0,0.7
2/10/1990,1.1660336923076924,0.7
2/11/1990,0,0.7
2/12/1990,0,0.7
2/13/1990,0,0.7
2/14/1990,0,0.7
2/15/1990,1.5552000000000001,0.7
2/16/1990,5.431245384615385,0.7
2/17/1990,3.9917884615384613,0.7
2/18/1990,2.6417553846153843,0.7
2/19/1990,5.985453846153847,0.7
2/20/1990,10.665461538461537,0.7
2/21/1990,3.0980153846153846,0.7
2/22/1990,6.428859846153847,0.7
2/23/1990,0.066905692,0.7
2/24/1990,0,0.7
2/25/1990,2.061602307692308,0.7
2/26/1990,0.44013846153846153,0.7
2/27/1990,1.1292276923076923,0.7
2/28/1990,0,0.7
3/1/1990,0,0
3/2/1990,1.1579353846153846,0
3/3/1990,0.14452846153846155,0
3/4/1990,14.219884615384613,0
3/5/1990,10.530638461538462,0
3/6/1990,0.039881692307692305,0
3/7/1990,6.308630769,0
3/8/1990,9.196049230769232,0
3/9/1990,0.22601000000000002,0
3/10/1990,0.349636923,0
3/11/1990,0.7287384615384614,0
3/12/1990,0.17629384615384616,0
3/13/1990,7.357061538461538,0
3/14/1990,0.5905831538461539,0
3/15/1990,0.33523461538461535,0
3/16/1990,0.005594231,0
3/17/1990,0.5142061538461539,0
3/18/1990,0,0
3/19/1990,0,0
3/20/1990,0,0
3/21/1990,0,0
3/22/1990,0,0
3/23/1990,0,0
3/24/1990,0.009203846,0
3/25/1990,0.8500876923076923,5.7
3/26/1990,10.024580000000002,5.7
3/27/1990,0.5069453846153846,5.7
3/28/1990,1.4414923076923079,5.7
3/29/1990,3.488764615384615,5.7
3/30/1990,5.411719999999999,5.7
3/31/1990,12.64076153846154,5.7
4/1/1990,0.4308726923076923,5.7
4/2/1990,2.1722406923076925,5.7
4/3/1990,2.6391007692307693,5.7
4/4/1990,1.6441723076923078,5.7
4/5/1990,8.069361538461537,5.7
4/6/1990,0.3012053846153846,5.7
4/7/1990,1.5390615384615387,5.7
4/8/1990,8.928969231,5.7
4/9/1990,2.6230384615384614,5.7
4/10/1990,2.138944615384615,5.7
4/11/1990,0,5.7
4/12/1990,0,5.7
4/13/1990,0,5.7
4/14/1990,0,5.7
4/15/1990,0,5.7
4/16/1990,0,5.7
4/17/1990,0,5.7
4/18/1990,0,23.5
4/19/1990,0,23.5
4/20/1990,0,23.5
4/21/1990,0,23.5
4/22/1990,0,23.5
4/23/1990,0,23.5
4/24/1990,0,23.5
4/25/1990,0,23.5
4/26/1990,0,23.5
4/27/1990,0,23.5
4/28/1990,0,23.5
4/29/1990,2.3409153846153847,23.5
4/30/1990,16.520938461538467,23.5
5/1/1990,20.59903076923077,23.5
5/2/1990,17.76643076923077,23.5
5/3/1990,0.004986,23.5
5/4/1990,2.366147692307692,23.5
5/5/1990,3.4274019230769235,23.5
5/6/1990,3.373913538461539,23.5
5/7/1990,0,23.5
5/8/1990,0,23.5
5/9/1990,0.2778976923076923,23.5
5/10/1990,3.136981538461538,23.5
5/11/1990,7.441764615384615,23.5
5/12/1990,9.371161538,18.9
5/13/1990,5.140856923076924,18.9
5/14/1990,3.6031438461538468,18.9
5/15/1990,13.04290769230769,18.9
5/16/1990,11.880386923076923,18.9
5/17/1990,0.391546,18.9
5/18/1990,6.187498923076924,18.9
5/19/1990,11.88430769230769,18.9
5/20/1990,0,18.9
5/21/1990,0.2089036153846154,18.9
5/22/1990,0.078684615,18.9
5/23/1990,0.49986153846153847,18.9
5/24/1990,1.0654461538461537,18.9
5/25/1990,3.223734615384615,18.9
5/26/1990,0.2817476923076923,18.9
5/27/1990,0.014908461538461539,18.9
5/28/1990,9.383638462,18.9
5/29/1990,1.5342633846153846,18.9
5/30/1990,4.714068307692307,18.9
5/31/1990,11.580912307692309,18.9
6/1/1990,0.053470769230769225,18.9
6/2/1990,0.30142230769230766,18.9
6/3/1990,6.242742307692309,18.9
6/4/1990,23.814692307692308,18.9
6/5/1990,0.5706226153846153,8.3
6/6/1990,0.014150230769230773,8.3
6/7/1990,0.056601538,8.3
6/8/1990,2.974678692307692,8.3
6/9/1990,2.4081615384615387,8.3
6/10/1990,0.8534769230769232,8.3
6/11/1990,2.8911100000000003,8.3
6/12/1990,1.0101376923076921,8.3
6/13/1990,4.246357692307692,8.3
6/14/1990,27.582861538461536,8.3
6/15/1990,12.995738461538462,8.3
6/16/1990,44.762230769230776,8.3
6/17/1990,6.158869230769231,8.3
6/18/1990,9.058461538,8.3
6/19/1990,4.536394615384616,8.3
6/20/1990,9.955507692307691,8.3
6/21/1990,4.816976923076924,8.3
6/22/1990,2.8230738461538465,8.3
6/23/1990,3.5089730769230774,8.3
6/24/1990,1.713142307692308,8.3
6/25/1990,3.519792307692307,8.3
6/26/1990,18.29310769230769,8.3
6/27/1990,2.1609732307692306,8.3
6/28/1990,26.25859230769231,8.3
6/29/1990,7.710569230769232,0
6/30/1990,11.509746153846153,0
7/1/1990,5.894519230769232,0
7/2/1990,8.814530769230768,0
7/3/1990,22.16946153846154,0
7/4/1990,3.8056492307692307,0
7/5/1990,1.859026923076923,0
7/6/1990,0.335143,0
7/7/1990,3.1665753846153843,0
7/8/1990,10.370230769230771,0
7/9/1990,17.47961538461539,0
7/10/1990,10.244038461538462,0
7/11/1990,5.969166153846152,0
7/12/1990,6.3830230769230765,0
7/13/1990,12.106530769230769,0
7/14/1990,18.459415384615383,0
7/15/1990,21.89395384615385,0
7/16/1990,1.530782307692308,0
7/17/1990,2.9601556153846156,0
7/18/1990,2.266123076923077,0
7/19/1990,1.1953853846153846,0
7/20/1990,5.630461538461538,0
7/21/1990,7.592595384615384,0
7/22/1990,8.038196923076923,0
7/23/1990,7.007462307692307,64.5
7/24/1990,18.006115384615384,64.5
7/25/1990,15.609584615384613,64.5
7/26/1990,1.1320743076923077,64.5
7/27/1990,1.4927923076923078,64.5
7/28/1990,0.144915,64.5
7/29/1990,0.2629314615384616,64.5
7/30/1990,1.8531730769230768,64.5
7/31/1990,1.5239776923076922,64.5
8/1/1990,5.4200384615384625,64.5
8/2/1990,9.650169231,64.5
8/3/1990,5.280676923076924,64.5
8/4/1990,5.940100769230769,64.5
8/5/1990,3.5814369230769234,64.5
8/6/1990,3.416570230769231,64.5
8/7/1990,10.834153846153848,64.5
8/8/1990,46.318923076923085,64.5
8/9/1990,3.6496784615384614,64.5
8/10/1990,3.714023076923077,64.5
8/11/1990,7.780792307692308,64.5
8/12/1990,1.2551761538461539,64.5
8/13/1990,2.17924,64.5
8/14/1990,12.264007692307693,64.5
8/15/1990,11.200576923076925,64.5
8/16/1990,25.036846153846152,7.7
8/17/1990,17.751769230769227,7.7
8/18/1990,13.864138461538461,7.7
8/19/1990,10.319576923076925,7.7
8/20/1990,14.33079846153846,7.7
8/21/1990,6.301560769,7.7
8/22/1990,24.78092307692308,7.7
8/23/1990,35.943607692307694,7.7
8/24/1990,3.5188692307692304,7.7
8/25/1990,6.219244615384616,7.7
8/26/1990,3.3900748461538464,7.7
8/27/1990,6.379719230769231,7.7
8/28/1990,15.751384615384616,7.7
8/29/1990,39.19023076923077,7.7
8/30/1990,30.996615384615378,7.7
8/31/1990,21.164376923076922,7.7
9/1/1990,9.121476923076925,7.7
9/2/1990,2.766906923076922,7.7
9/3/1990,2.6612020000000003,7.7
9/4/1990,28.355461538461537,7.7
9/5/1990,29.51838461538461,7.7
9/6/1990,8.857507692307694,7.7
9/7/1990,4.1187485384615385,7.7
9/8/1990,5.281501538461537,7.7
9/9/1990,1.2384384615384614,2.9
9/10/1990,1.9029719999999999,2.9
9/11/1990,0.517042,2.9
9/12/1990,14.059976923076922,2.9
9/13/1990,14.7713,2.9
9/14/1990,14.049538461538463,2.9
9/15/1990,6.326380769230768,2.9
9/16/1990,5.958619230769231,2.9
9/17/1990,1.9244753846153846,2.9
9/18/1990,2.275723076923077,2.9
9/19/1990,0.3064153846153846,2.9
9/20/1990,0.004442308,2.9
9/21/1990,8.090661538,2.9
9/22/1990,4.869378461538462,2.9
9/23/1990,5.997923076923078,2.9
9/24/1990,6.101223076923078,2.9
9/25/1990,7.313063846153846,2.9
9/26/1990,7.0785923076923085,2.9
9/27/1990,15.892717538461538,2.9
9/28/1990,6.453048461538462,2.9
9/29/1990,5.072062615384615,2.9
9/30/1990,6.263315384615385,2.9
10/1/1990,3.678019615384615,2.9
10/2/1990,7.00855,2.9
10/3/1990,12.310153846153847,0
10/4/1990,19.855076923076922,0
10/5/1990,28.709915384615382,0
10/6/1990,30.26976923076923,0
10/7/1990,10.857484615384617,0
10/8/1990,14.13543076923077,0
10/9/1990,27.783556923076926,0
10/10/1990,14.912623076923078,0
10/11/1990,5.885441538461537,0
10/12/1990,13.254123076923076,0
10/13/1990,24.621769230769228,0
10/14/1990,13.667030769230767,0
10/15/1990,18.059076923076923,0
10/16/1990,4.433830769230769,0
10/17/1990,2.7843461538461534,0
10/18/1990,0,0
10/19/1990,0,0
10/20/1990,0,0
10/21/1990,0,0
10/22/1990,0,0
10/23/1990,0,0
10/24/1990,0.40002076923076924,0
10/25/1990,2.3134733846153845,0
10/26/1990,2.8224669230769237,0
10/27/1990,0.2558823076923077,0
10/28/1990,0,0
10/29/1990,0,0
10/30/1990,0,0
10/31/1990,0,0
11/1/1990,0,0
11/2/1990,0,0
11/3/1990,1.0210568461538463,0
11/4/1990,38.659307692307685,0
11/5/1990,81.37923076923077,0
11/6/1990,28.149076923076926,0
11/7/1990,24.422730769230768,0
11/8/1990,16.219553846153847,0
11/9/1990,5.9501923076923084,0
11/10/1990,0.35891384615384614,0
11/11/1990,0,0
11/12/1990,0,0
11/13/1990,0,0
11/14/1990,0.22302492307692307,0
11/15/1990,0.29778899999999997,0
11/16/1990,0,0
11/17/1990,0,0
11/18/1990,0,0
11/19/1990,0,0
11/20/1990,0,1.4
11/21/1990,0,1.4
11/22/1990,0,1.4
11/23/1990,0,1.4
11/24/1990,0,1.4
11/25/1990,0,1.4
11/26/1990,0,1.4
11/27/1990,0,1.4
11/28/1990,0,1.4
11/29/1990,0,1.4
11/30/1990,0,1.4
12/1/1990,0,1.4
12/2/1990,0,1.4
12/3/1990,0,1.4
12/4/1990,0,1.4
12/5/1990,0,1.4
12/6/1990,0,1.4
12/7/1990,0,1.4
12/8/1990,0,1.4
12/9/1990,0,1.4
12/10/1990,0,1.4
12/11/1990,0,1.4
12/12/1990,0,1.4
12/13/1990,0.032052923076923076,1.4
12/14/1990,0,15
12/15/1990,0,15
12/16/1990,0,15
12/17/1990,0,15
12/18/1990,0.082338769,15
12/19/1990,0,15
12/20/1990,0,15
12/21/1990,0,15
12/22/1990,0,15
12/23/1990,0,15
12/24/1990,0,15
12/25/1990,0,15
12/26/1990,0,15
12/27/1990,0,15
12/28/1990,0,15
12/29/1990,0,15
12/30/1990,0,15
12/31/1990,0,15
1/1/1991,0,15
1/2/1991,1.5806154615384618,15
1/3/1991,4.352919769,15
1/4/1991,0.855486923,15
1/5/1991,0,15
1/6/1991,0,15
1/7/1991,0,38.5
1/8/1991,0,38.5
1/9/1991,0,38.5
1/10/1991,0.68001,38.5
1/11/1991,2.4190923076923077,38.5
1/12/1991,0.1876984615384615,38.5
1/13/1991,0.15377123076923077,38.5
1/14/1991,0.2614170769230769,38.5
1/15/1991,0.5894892307692309,38.5
1/16/1991,0,38.5
1/17/1991,0,38.5
1/18/1991,0.31671969230769226,38.5
1/19/1991,0.1072323076923077,38.5
1/20/1991,0.9615366153846154,38.5
1/21/1991,0.31590438461538467,38.5
1/22/1991,0,38.5
1/23/1991,0,38.5
1/24/1991,0,38.5
1/25/1991,0,38.5
1/26/1991,0,38.5
1/27/1991,0,38.5
1/28/1991,0,38.5
1/29/1991,0,38.5
1/30/1991,0,38.5
1/31/1991,0,2.1
2/1/1991,0,2.1
2/2/1991,0,2.1
2/3/1991,0,2.1
2/4/1991,0,2.1
2/5/1991,0,2.1
2/6/1991,0,2.1
2/7/1991,0,2.1
2/8/1991,0,2.1
2/9/1991,0,2.1
2/10/1991,0,2.1
2/11/1991,0,2.1
2/12/1991,0,2.1
2/13/1991,0,2.1
2/14/1991,0,2.1
2/15/1991,0,2.1
2/16/1991,0,2.1
2/17/1991,0.051146923076923076,2.1
2/18/1991,0.5504461538461538,2.1
2/19/1991,0.7863148461538463,2.1
2/20/1991,0.5309693076923077,2.1
2/21/1991,0.19472615384615383,2.1
2/22/1991,0,2.1
2/23/1991,0,2.1
2/24/1991,0,1
2/25/1991,0,1
2/26/1991,0,1
2/27/1991,0,1
2/28/1991,0,1
3/1/1991,0.18521630769230768,1
3/2/1991,1.5012484615384616,1
3/3/1991,0,1
3/4/1991,0,1
3/5/1991,1.1133991538461538,1
3/6/1991,0.17077092307692304,1
3/7/1991,3.1194713846153848,1
3/8/1991,0.086633769,1
3/9/1991,1.6466923076923077,1
3/10/1991,1.3676672307692308,1
3/11/1991,0.9759950769230769,1
3/12/1991,1.9936741538461538,1
3/13/1991,0.545161077,1
3/14/1991,0.7113425384615384,1
3/15/1991,5.171910000000001,1
3/16/1991,0,1
3/17/1991,0.088053077,1
3/18/1991,0,1
3/19/1991,0.36157207692307686,1
3/20/1991,0,7.6
3/21/1991,1.3014815384615384,7.6
3/22/1991,0,7.6
3/23/1991,0.004941077,7.6
3/24/1991,0,7.6
3/25/1991,0,7.6
3/26/1991,0,7.6
3/27/1991,0.053480923,7.6
3/28/1991,0,7.6
3/29/1991,0,7.6
3/30/1991,0,7.6
3/31/1991,0,7.6
4/1/1991,0,7.6
4/2/1991,0,7.6
4/3/1991,0,7.6
4/4/1991,0.28411461538461535,7.6
4/5/1991,0.8755885384615383,7.6
4/6/1991,0.9630963846153846,7.6
4/7/1991,5.316930769230769,7.6
4/8/1991,4.861985384615385,7.6
4/9/1991,0.003892538,7.6
4/10/1991,0.050824615384615385,7.6
4/11/1991,0.26745161538461537,7.6
4/12/1991,0.31444130769230766,7.6
4/13/1991,3.800073846153846,22.1
4/14/1991,1.7731253846153847,22.1
4/15/1991,0.4106268461538462,22.1
4/16/1991,1.0512453846153846,22.1
4/17/1991,0,22.1
4/18/1991,1.932280923076923,22.1
4/19/1991,2.644507692307692,22.1
4/20/1991,0,22.1
4/21/1991,2.269881,22.1
4/22/1991,0.3697307692307692,22.1
4/23/1991,0,22.1
4/24/1991,0.15954846153846156,22.1
4/25/1991,0,22.1
4/26/1991,0.47547199999999995,22.1
4/27/1991,0.013176153846153846,22.1
4/28/1991,0,22.1
4/29/1991,0,22.1
4/30/1991,0,22.1
5/1/1991,0,22.1
5/2/1991,0,22.1
5/3/1991,0,22.1
5/4/1991,0,22.1
5/5/1991,0,22.1
5/6/1991,0.34115384615384614,22.1
5/7/1991,0.43445769230769227,1.3
5/8/1991,0.10556923076923078,1.3
5/9/1991,0,1.3
5/10/1991,0.018606154,1.3
5/11/1991,0.20525384615384615,1.3
5/12/1991,0.13700923076923077,1.3
5/13/1991,0,1.3
5/14/1991,0,1.3
5/15/1991,0.3995111538461539,1.3
5/16/1991,0,1.3
5/17/1991,0.14928769230769232,1.3
5/18/1991,3.4506192307692305,1.3
5/19/1991,0,1.3
5/20/1991,0.035809692307692306,1.3
5/21/1991,1.2444564615384612,1.3
5/22/1991,5.409660769230769,1.3
5/23/1991,0.21299307692307692,1.3
5/24/1991,0.16803684615384615,1.3
5/25/1991,1.0866515384615385,1.3
5/26/1991,0.8865623076923078,1.3
5/27/1991,2.089423076923077,1.3
5/28/1991,0.361186923,1.3
5/29/1991,0,1.3
5/30/1991,1.4012392307692307,1.3
5/31/1991,15.954511538461535,7.8
6/1/1991,0,7.8
6/2/1991,0.092819846,7.8
6/3/1991,0.6397576923076923,7.8
6/4/1991,0.3087881538461538,7.8
6/5/1991,0.8726423076923079,7.8
6/6/1991,8.101738461538462,7.8
6/7/1991,13.274784615384617,7.8
6/8/1991,4.305277692307691,7.8
6/9/1991,5.313700000000001,7.8
6/10/1991,1.344778923076923,7.8
6/11/1991,7.734150769230769,7.8
6/12/1991,6.278681538461537,7.8
6/13/1991,1.7973125384615385,7.8
6/14/1991,4.826658461538462,7.8
6/15/1991,8.407715384615384,7.8
6/16/1991,2.354467,7.8
6/17/1991,0.092063077,7.8
6/18/1991,1.9695392307692303,7.8
6/19/1991,0,7.8
6/20/1991,0.003114077,7.8
6/21/1991,0.5257201538461539,7.8
6/22/1991,3.687227692307692,7.8
6/23/1991,1.9421733846153846,7.8
6/24/1991,13.014461538461537,5.4
6/25/1991,35.10853846153846,5.4
6/26/1991,0.30997623076923075,5.4
6/27/1991,0.1824623076923077,5.4
6/28/1991,1.5736969230769229,5.4
6/29/1991,15.379592307692308,5.4
6/30/1991,3.813027692307692,5.4
7/1/1991,7.337123076923078,5.4
7/2/1991,0.27152284615384614,5.4
7/3/1991,0.032482461538461536,5.4
7/4/1991,0.1010153846153846,5.4
7/5/1991,2.305496153846154,5.4
7/6/1991,0.2952091538461538,5.4
7/7/1991,10.842115384615385,5.4
7/8/1991,25.534638461538464,5.4
7/9/1991,14.12532307692308,5.4
7/10/1991,23.77553846153846,5.4
7/11/1991,1.880079230769231,5.4
7/12/1991,3.8307261538461534,5.4
7/13/1991,4.688374461538461,5.4
7/14/1991,1.8989692307692303,5.4
7/15/1991,3.2700123076923076,5.4
7/16/1991,6.356446153846154,5.4
7/17/1991,49.18323076923077,5.4
7/18/1991,93.82361538461538,34.6
7/19/1991,12.592584615384617,34.6
7/20/1991,6.241438461538463,34.6
7/21/1991,23.420153846153845,34.6
7/22/1991,54.90515384615385,34.6
7/23/1991,8.665629231,34.6
7/24/1991,4.394235384615384,34.6
7/25/1991,2.592156153846154,34.6
7/26/1991,2.5376,34.6
7/27/1991,5.726592307692308,34.6
7/28/1991,4.853056153846153,34.6
7/29/1991,57.62807692307693,34.6
7/30/1991,37.51969230769231,34.6
7/31/1991,4.1186176923076925,34.6
8/1/1991,2.3445287692307692,34.6
8/2/1991,2.103863076923077,34.6
8/3/1991,5.954452307692307,34.6
8/4/1991,2.8423127692307686,34.6
8/5/1991,3.0880684615384615,34.6
8/6/1991,5.7753461538461535,34.6
8/7/1991,2.341339230769231,34.6
8/8/1991,4.970215384615385,34.6
8/9/1991,13.376261538461538,34.6
8/10/1991,14.028430769230768,34.6
8/11/1991,29.01131538461538,16.7
8/12/1991,43.01713076923076,16.7
8/13/1991,116.82992307692305,16.7
8/14/1991,158.0370769230769,16.7
8/15/1991,29.506743846153846,16.7
8/16/1991,2.2957223076923077,16.7
8/17/1991,4.459828461538462,16.7
8/18/1991,0.5424980769230769,16.7
8/19/1991,1.557123076923077,16.7
8/20/1991,1.5652853846153845,16.7
8/21/1991,1.2671052307692308,16.7
8/22/1991,2.807664615384616,16.7
8/23/1991,41.137461538461544,16.7
8/24/1991,25.354,16.7
8/25/1991,10.54107692307692,16.7
8/26/1991,3.8589384615384614,16.7
8/27/1991,1.529242230769231,16.7
8/28/1991,7.866592307692309,16.7
8/29/1991,45.58861538461539,16.7
8/30/1991,9.438253846153847,16.7
8/31/1991,1.6279969230769233,16.7
9/1/1991,4.401518461538462,16.7
9/2/1991,6.837130769230769,16.7
9/3/1991,10.392353846153847,16.7
9/4/1991,2.352239769230769,36.4
9/5/1991,12.114861538461538,36.4
9/6/1991,10.684253846153846,36.4
9/7/1991,11.674907692307691,36.4
9/8/1991,0.54784,36.4
9/9/1991,0.11252307692307693,36.4
9/10/1991,1.5985697692307694,36.4
9/11/1991,3.199536461538462,36.4
9/12/1991,8.787684615384617,36.4
9/13/1991,8.356218461538463,36.4
9/14/1991,11.474907692307692,36.4
9/15/1991,4.980151538461538,36.4
9/16/1991,8.487915384615384,36.4
9/17/1991,5.348512307692308,36.4
9/18/1991,6.974828461538461,36.4
9/19/1991,4.674002,36.4
9/20/1991,9.904353846153846,36.4
9/21/1991,1.4432407692307692,36.4
9/22/1991,1.6441523076923077,36.4
9/23/1991,10.3379,36.4
9/24/1991,12.787315384615384,36.4
9/25/1991,4.416383076923077,36.4
9/26/1991,10.822346153846155,36.4
9/27/1991,2.872887692307692,36.4
9/28/1991,0.010163846153846154,4.4
9/29/1991,0,4.4
9/30/1991,0.3775307692307693,4.4
10/1/1991,0,4.4
10/2/1991,0,4.4
10/3/1991,0.051146923076923076,4.4
10/4/1991,1.2751388461538462,4.4
10/5/1991,1.5228053846153846,4.4
10/6/1991,14.746000000000002,4.4
10/7/1991,11.23483076923077,4.4
10/8/1991,4.040104615384616,4.4
10/9/1991,4.509749230769231,4.4
10/10/1991,4.171765384615385,4.4
10/11/1991,11.55446923076923,4.4
10/12/1991,11.889076923076923,4.4
10/13/1991,5.057657615384617,4.4
10/14/1991,6.159192307692307,4.4
10/15/1991,0.7150638461538461,4.4
10/16/1991,0.1852523076923077,4.4
10/17/1991,1.214413076923077,4.4
10/18/1991,3.0864330769230772,4.4
10/19/1991,2.720641538461538,4.4
10/20/1991,0.812518,4.4
10/21/1991,0,4.4
10/22/1991,0,0.5
10/23/1991,0,0.5
10/24/1991,0,0.5
10/25/1991,0.14538476923076923,0.5
10/26/1991,0,0.5
10/27/1991,0,0.5
10/28/1991,0.098487385,0.5
10/29/1991,0.27133846153846153,0.5
10/30/1991,0.6360615384615385,0.5
10/31/1991,1.0579917692307694,0.5
11/1/1991,0.6744109230769231,0.5
11/2/1991,0.004969462,0.5
11/3/1991,1.731389230769231,0.5
11/4/1991,13.783323076923075,0.5
11/5/1991,26.444,0.5
11/6/1991,0,0.5
11/7/1991,0,0.5
11/8/1991,0,0.5
11/9/1991,0,0.5
11/10/1991,0,0.5
11/11/1991,0,0.5
11/12/1991,0,0.5
11/13/1991,0,0.5
11/14/1991,0,0.5
11/15/1991,0,0
11/16/1991,0.1963253846153846,0
11/17/1991,0.37349923076923075,0
11/18/1991,0.4383707692307693,0
11/19/1991,0.2646396923076923,0
11/20/1991,0.082643538,0
11/21/1991,0,0
11/22/1991,0,0
11/23/1991,0,0
11/24/1991,0,0
11/25/1991,0,0
11/26/1991,0,0
11/27/1991,0,0
11/28/1991,0,0
11/29/1991,0,0
11/30/1991,0,0
12/1/1991,0,0
12/2/1991,0,0
12/3/1991,0,0
12/4/1991,0,0
12/5/1991,0,0
12/6/1991,0,0
12/7/1991,0,0
12/8/1991,0,0
12/9/1991,0,0
12/10/1991,0,0
12/11/1991,0,0
12/12/1991,0,0
12/13/1991,0,0
12/14/1991,0,0
12/15/1991,0,0
12/16/1991,0,0
12/17/1991,0,0
12/18/1991,0,0
12/19/1991,0,0
12/20/1991,0,0
12/21/1991,0,0
12/22/1991,0.2907692307692308,0
12/23/1991,0.8582492307692307,0
12/24/1991,0.14538476923076923,0
12/25/1991,0.2891576923076923,0
12/26/1991,0.20896153846153845,0
12/27/1991,0.456166923,0
12/28/1991,0,0
12/29/1991,0,0
12/30/1991,0,0
12/31/1991,0.7128576923076924,0
1/1/1992,13.115423076923076,0
1/2/1992,3.8967461538461543,20.1
1/3/1992,0.004323385,20.1
1/4/1992,0,20.1
1/5/1992,0,20.1
1/6/1992,0,20.1
1/7/1992,0,20.1
1/8/1992,0,20.1
1/9/1992,0,20.1
1/10/1992,0,20.1
1/11/1992,0,20.1
1/12/1992,0,20.1
1/13/1992,0,20.1
1/14/1992,0,20.1
1/15/1992,0,20.1
1/16/1992,0,20.1
1/17/1992,0,20.1
1/18/1992,0,20.1
1/19/1992,0,20.1
1/20/1992,0,20.1
1/21/1992,0,20.1
1/22/1992,0.090471,20.1
1/23/1992,0.046306923,20.1
1/24/1992,0,20.1
1/25/1992,0,20.1
1/26/1992,0,13
1/27/1992,0,13
1/28/1992,0,13
1/29/1992,0,13
1/30/1992,0,13
1/31/1992,0,13
2/1/1992,0,13
2/2/1992,0.025464615384615384,13
2/3/1992,0.3343469230769231,13
2/4/1992,0,13
2/5/1992,0.3343469230769231,13
2/6/1992,0.045387231,13
2/7/1992,0.039153846,13
2/8/1992,4.296207692307692,13
2/9/1992,1.1801384615384616,13
2/10/1992,0.07429,13
2/11/1992,0.087256923,13
2/12/1992,0,13
2/13/1992,0,13
2/14/1992,0,13
2/15/1992,0,13
2/16/1992,0,13
2/17/1992,0,13
2/18/1992,0,13
2/19/1992,0,0.9
2/20/1992,0,0.9
2/21/1992,2.5488430769230774,0.9
2/22/1992,1.9353658461538463,0.9
2/23/1992,0.14208430769230768,0.9
2/24/1992,0.34696499999999997,0.9
2/25/1992,4.007124,0.9
2/26/1992,0,0.9
2/27/1992,0,0.9
2/28/1992,0,0.9
2/29/1992,0,0.9
3/1/1992,0,0.9
3/2/1992,0.6981692307692308,0.9
3/3/1992,0.5572361538461538,0.9
3/4/1992,0,0.9
3/5/1992,0,0.9
3/6/1992,0,0.9
3/7/1992,1.3426461538461538,0.9
3/8/1992,0,0.9
3/9/1992,0,0.9
3/10/1992,0,0.9
3/11/1992,0,0.9
3/12/1992,0,0.9
3/13/1992,0,0.9
3/14/1992,0,9.6
3/15/1992,0.3900669230769231,9.6
3/16/1992,0.27861923076923073,9.6
3/17/1992,0,9.6
3/18/1992,0,9.6
3/19/1992,0,9.6
3/20/1992,0,9.6
3/21/1992,0,9.6
3/22/1992,0,9.6
3/23/1992,0,9.6
3/24/1992,0,9.6
3/25/1992,0,9.6
3/26/1992,0,9.6
3/27/1992,0,9.6
3/28/1992,0,9.6
3/29/1992,0,9.6
3/30/1992,0.010377307692307693,9.6
3/31/1992,0.018390769,9.6
4/1/1992,1.598372307692308,9.6
4/2/1992,6.592401538461539,9.6
4/3/1992,0.5874046923076923,9.6
4/4/1992,1.2602823076923075,9.6
4/5/1992,0,9.6
4/6/1992,0.634748,9.6
4/7/1992,0.1022923076923077,15.9
4/8/1992,0,15.9
4/9/1992,0,15.9
4/10/1992,0,15.9
4/11/1992,0,15.9
4/12/1992,0,15.9
4/13/1992,0,15.9
4/14/1992,0,15.9
4/15/1992,0.48218907692307683,15.9
4/16/1992,3.5692269230769234,15.9
4/17/1992,3.5953076923076916,15.9
4/18/1992,0,15.9
4/19/1992,0.18757615384615386,15.9
4/20/1992,1.5901884615384616,15.9
4/21/1992,0,15.9
4/22/1992,0,15.9
4/23/1992,0.012732615384615386,15.9
4/24/1992,0,15.9
4/25/1992,0,15.9
4/26/1992,0.19606500000000004,15.9
4/27/1992,0.10756538461538462,15.9
4/28/1992,0,15.9
4/29/1992,0.9420446153846153,15.9
4/30/1992,1.0210354615384616,15.9
5/1/1992,4.443030769230769,13.2
5/2/1992,0.040917692,13.2
5/3/1992,0,13.2
5/4/1992,0.2874992307692308,13.2
5/5/1992,6.910034230769232,13.2
5/6/1992,4.073681538461538,13.2
5/7/1992,0.9284623076923075,13.2
5/8/1992,0,13.2
5/9/1992,0,13.2
5/10/1992,0,13.2
5/11/1992,0.36775169230769233,13.2
5/12/1992,0,13.2
5/13/1992,1.9094923076923076,13.2
5/14/1992,0.366906923,13.2
5/15/1992,0,13.2
5/16/1992,0.7319923076923077,13.2
5/17/1992,2.2945976153846153,13.2
5/18/1992,1.4001230769230768,13.2
5/19/1992,0,13.2
5/20/1992,0,13.2
5/21/1992,0.072186077,13.2
5/22/1992,0.2221567692307692,13.2
5/23/1992,0.17218,13.2
5/24/1992,1.7915476923076925,13.2
5/25/1992,1.133525076923077,27.9
5/26/1992,6.761984615384614,27.9
5/27/1992,6.048708461538462,27.9
5/28/1992,5.554869230769232,27.9
5/29/1992,2.743407692307692,27.9
5/30/1992,0.31824746153846156,27.9
5/31/1992,2.64819,27.9
6/1/1992,1.760544076923077,27.9
6/2/1992,0.020449231,27.9
6/3/1992,0.1792730769230769,27.9
6/4/1992,1.323487692307692,27.9
6/5/1992,0.032130769230769234,27.9
6/6/1992,0.19932338461538462,27.9
6/7/1992,0,27.9
6/8/1992,0.10843153846153844,27.9
6/9/1992,4.191837615384615,27.9
6/10/1992,0.5204620000000001,27.9
6/11/1992,4.050794,27.9
6/12/1992,8.610389230769231,27.9
6/13/1992,3.827961461538462,27.9
6/14/1992,2.6284684615384615,27.9
6/15/1992,0.012732615384615386,27.9
6/16/1992,0.8725930769230769,27.9
6/17/1992,3.620980769230769,27.9
6/18/1992,11.195401538461539,5.2
6/19/1992,36.16030769230769,5.2
6/20/1992,19.843369230769234,5.2
6/21/1992,7.7848007692307695,5.2
6/22/1992,21.745892307692312,5.2
6/23/1992,34.107192307692316,5.2
6/24/1992,7.640100000000002,5.2
6/25/1992,3.4909923076923075,5.2
6/26/1992,0.4717429230769231,5.2
6/27/1992,0,5.2
6/28/1992,1.1445461538461539,5.2
6/29/1992,6.771761538461539,5.2
6/30/1992,0.012732615384615386,5.2
7/1/1992,0.009300769,5.2
7/2/1992,3.338081846153846,5.2
7/3/1992,6.597317692307692,5.2
7/4/1992,0.7506869230769231,5.2
7/5/1992,0.7493230769230769,5.2
7/6/1992,3.982853076923077,5.2
7/7/1992,2.8407388461538465,5.2
7/8/1992,1.4951046153846155,5.2
7/9/1992,7.788597692307691,5.2
7/10/1992,7.694207692307691,5.2
7/11/1992,6.017212538461539,5.2
7/12/1992,4.677323076923077,3.5
7/13/1992,0.3397435384615385,3.5
7/14/1992,8.377730769230768,3.5
7/15/1992,3.4596392307692314,3.5
7/16/1992,3.988679230769231,3.5
7/17/1992,11.71933846153846,3.5
7/18/1992,16.627469230769233,3.5
7/19/1992,41.50615384615385,3.5
7/20/1992,12.378507692307691,3.5
7/21/1992,34.236615384615384,3.5
7/22/1992,34.75169231,3.5
7/23/1992,20.074007692307696,3.5
7/24/1992,2.858450769230769,3.5
7/25/1992,2.5760076923076918,3.5
7/26/1992,31.83723076923077,3.5
7/27/1992,32.64529231,3.5
7/28/1992,52.75515384615385,3.5
7/29/1992,149.0953076923077,3.5
7/30/1992,1.4892523076923077,3.5
7/31/1992,3.531326153846154,3.5
8/1/1992,5.453669230769232,3.5
8/2/1992,23.53538461538462,3.5
8/3/1992,11.1533,3.5
8/4/1992,9.044592307692305,3.5
8/5/1992,11.639707692307693,10.6
8/6/1992,2.8453846153846154,10.6
8/7/1992,4.636052307692308,10.6
8/8/1992,30.455769230769228,10.6
8/9/1992,23.624430769230766,10.6
8/10/1992,6.327092307692309,10.6
8/11/1992,4.632479231,10.6
8/12/1992,10.736261538461537,10.6
8/13/1992,16.365,10.6
8/14/1992,11.54796923076923,10.6
8/15/1992,25.778538461538464,10.6
8/16/1992,32.60976923076923,10.6
8/17/1992,13.347761538461542,10.6
8/18/1992,19.609538461538463,10.6
8/19/1992,17.695076923076922,10.6
8/20/1992,48.298153846153845,10.6
8/21/1992,51.286846153846156,10.6
8/22/1992,3.8297092307692306,10.6
8/23/1992,0.8724576923076923,10.6
8/24/1992,1.559035846153846,10.6
8/25/1992,4.378126923076923,10.6
8/26/1992,4.960515384615383,10.6
8/27/1992,4.134661538461539,10.6
8/28/1992,13.6107,10.6
8/29/1992,6.535015384615385,0.3
8/30/1992,4.900992307692307,0.3
8/31/1992,4.8663176923076925,0.3
9/1/1992,7.900953846153848,0.3
9/2/1992,12.43036153846154,0.3
9/3/1992,3.2572846153846156,0.3
9/4/1992,18.330823076923075,0.3
9/5/1992,11.53556153846154,0.3
9/6/1992,20.21920769230769,0.3
9/7/1992,10.042753846153847,0.3
9/8/1992,11.723515384615386,0.3
9/9/1992,9.313530769,0.3
9/10/1992,17.196592307692306,0.3
9/11/1992,28.51576923076923,0.3
9/12/1992,6.957361538461539,0.3
9/13/1992,2.800590769,0.3
9/14/1992,0,0.3
9/15/1992,1.4851992307692305,0.3
9/16/1992,0.070933077,0.3
9/17/1992,0.020458461538461536,0.3
9/18/1992,0.25838307692307694,0.3
9/19/1992,0.038852308,0.3
9/20/1992,0,0.3
9/21/1992,0.080954154,0.3
9/22/1992,0.26324615384615385,0.3
9/23/1992,1.0403466153846155,0.3
9/24/1992,0.4548,0.3
9/25/1992,0.038049230769230766,0.3
9/26/1992,2.8952999230769234,0.3
9/27/1992,4.5024838461538454,0.3
9/28/1992,1.3110715384615381,0.3
9/29/1992,6.012056153846154,0.3
9/30/1992,0.6777581538461538,0.3
10/1/1992,1.9331974615384615,0.3
10/2/1992,0.148007,0.3
10/3/1992,0.10107999999999999,0.3
10/4/1992,0.002576538,0.3
10/5/1992,0.23926153846153844,0.3
10/6/1992,1.0871584615384615,0.3
10/7/1992,1.407642307692308,0.3
10/8/1992,4.649647923076923,0.3
10/9/1992,5.057969999999999,0.3
10/10/1992,26.471999999999998,0.3
10/11/1992,9.329876923076922,0.3
10/12/1992,0.8002664615384615,0.3
10/13/1992,3.459946153846154,0.3
10/14/1992,4.122390769,0.3
10/15/1992,3.839837076923076,0.3
10/16/1992,0.041467923076923076,0
10/17/1992,0,0
10/18/1992,0.7682638461538461,0
10/19/1992,0,0
10/20/1992,0,0
10/21/1992,0.24991615384615384,0
10/22/1992,0,0
10/23/1992,0.052643077,0
10/24/1992,0,0
10/25/1992,0,0
10/26/1992,0,0
10/27/1992,0,0
10/28/1992,0,0
10/29/1992,0.05547,0
10/30/1992,0,0
10/31/1992,0,0
11/1/1992,0,0
11/2/1992,0,0
11/3/1992,0,0
11/4/1992,0,0
11/5/1992,0.079715385,0
11/6/1992,0.36169999999999997,0
11/7/1992,0.8651538461538462,0
11/8/1992,0.9499323076923076,0
11/9/1992,0.2547846153846154,2.2
11/10/1992,0,2.2
11/11/1992,0,2.2
11/12/1992,0.053705385,2.2
11/13/1992,0,2.2
11/14/1992,0.060920154,2.2
11/15/1992,0,2.2
11/16/1992,0,2.2
11/17/1992,1.1863561538461538,2.2
11/18/1992,0.3117966153846154,2.2
11/19/1992,0.7163499999999998,2.2
11/20/1992,0.073566154,2.2
11/21/1992,0,2.2
11/22/1992,0,2.2
11/23/1992,0,2.2
11/24/1992,0,2.2
11/25/1992,0.12591076923076924,2.2
11/26/1992,0.34230000000000005,2.2
11/27/1992,0,2.2
11/28/1992,0,2.2
11/29/1992,0,2.2
11/30/1992,0,2.2
12/1/1992,0,2.2
12/2/1992,0,2.2
12/3/1992,0,9.9
12/4/1992,0,9.9
12/5/1992,0,9.9
12/6/1992,0,9.9
12/7/1992,0,9.9
12/8/1992,0,9.9
12/9/1992,0,9.9
12/10/1992,0,9.9
12/11/1992,0,9.9
12/12/1992,0,9.9
12/13/1992,0,9.9
12/14/1992,0,9.9
12/15/1992,0,9.9
12/16/1992,0,9.9
12/17/1992,0,9.9
12/18/1992,0,9.9
12/19/1992,0,9.9
12/20/1992,0,9.9
12/21/1992,0,9.9
12/22/1992,0,9.9
12/23/1992,0,9.9
12/24/1992,0,9.9
12/25/1992,0,9.9
12/26/1992,0,9.9
12/27/1992,0,18.2
12/28/1992,0,18.2
12/29/1992,0,18.2
12/30/1992,0,18.2
12/31/1992,0,18.2
1/1/1993,0,18.2
1/2/1993,0,18.2
1/3/1993,0,18.2
1/4/1993,0,18.2
1/5/1993,0,18.2
1/6/1993,0,18.2
1/7/1993,0,18.2
1/8/1993,0,18.2
1/9/1993,0,18.2
1/10/1993,0,18.2
1/11/1993,0,18.2
1/12/1993,0,18.2
1/13/1993,0,18.2
1/14/1993,0,18.2
1/15/1993,0,18.2
1/16/1993,0,18.2
1/17/1993,0,18.2
1/18/1993,0,18.2
1/19/1993,0,18.2
1/20/1993,0,2.6
1/21/1993,0,2.6
1/22/1993,0,2.6
1/23/1993,0,2.6
1/24/1993,0,2.6
1/25/1993,0,2.6
1/26/1993,0,2.6
1/27/1993,0,2.6
1/28/1993,0,2.6
1/29/1993,0,2.6
1/30/1993,0,2.6
1/31/1993,0,2.6
2/1/1993,0,2.6
2/2/1993,0,2.6
2/3/1993,0,2.6
2/4/1993,0,2.6
2/5/1993,0,2.6
2/6/1993,0,2.6
2/7/1993,0,2.6
2/8/1993,0,2.6
2/9/1993,0,2.6
2/10/1993,0.2624036923076923,2.6
2/11/1993,0,2.6
2/12/1993,0,2.6
2/13/1993,0,0
2/14/1993,2.1739238461538464,0
2/15/1993,2.4436569230769227,0
2/16/1993,0.084782462,0
2/17/1993,0,0
2/18/1993,0,0
2/19/1993,0,0
2/20/1993,0,0
2/21/1993,0,0
2/22/1993,0,0
2/23/1993,0,0
2/24/1993,0,0
2/25/1993,0,0
2/26/1993,0,0
2/27/1993,0,0
2/28/1993,0,0
3/1/1993,0.081633462,0
3/2/1993,0.004862846,0
3/3/1993,0.050790769,0
3/4/1993,0,0
3/5/1993,0,0
3/6/1993,0,0
3/7/1993,0.3204467692307692,0
3/8/1993,0,0
3/9/1993,0,0
3/10/1993,0,0
3/11/1993,0,0
3/12/1993,0,0
3/13/1993,0,0
3/14/1993,0,0
3/15/1993,0,0
3/16/1993,0,0
3/17/1993,0,0
3/18/1993,0,0
3/19/1993,0,0
3/20/1993,0,0
3/21/1993,0,0
3/22/1993,0.016810769230769233,0
3/23/1993,0,0
3/24/1993,0,0
3/25/1993,0.4384523076923077,0
3/26/1993,0.004302692,0
3/27/1993,1.3350316153846153,0
3/28/1993,0,0
3/29/1993,0,0
3/30/1993,0.3316439230769231,0
3/31/1993,0,0
4/1/1993,0,0
4/2/1993,0.017996153846153846,0
4/3/1993,2.9985674615384617,0
4/4/1993,1.2625578461538463,0
4/5/1993,0.3665242307692308,0
4/6/1993,2.333221538461539,0
4/7/1993,0,0
4/8/1993,0,0
4/9/1993,0.27952338461538456,0
4/10/1993,9.423392307692307,0
4/11/1993,3.009418461538462,0
4/12/1993,0.14785369230769232,0
4/13/1993,3.646807692307692,0
4/14/1993,2.530954538461538,0
4/15/1993,2.0533468461538464,0
4/16/1993,0.402363846,0
4/17/1993,8.806646923076924,0
4/18/1993,0,0
4/19/1993,0,0
4/20/1993,0,0
4/21/1993,0,0
4/22/1993,6.352406923076924,0
4/23/1993,0.016545076923076923,0
4/24/1993,0,0
4/25/1993,0.13617184615384617,0
4/26/1993,1.9656484615384615,3.5
4/27/1993,0.2698687692307692,3.5
4/28/1993,1.3990907692307688,3.5
4/29/1993,0,3.5
4/30/1993,0,3.5
5/1/1993,1.5565045384615386,3.5
5/2/1993,0,3.5
5/3/1993,0.5832512307692308,3.5
5/4/1993,0,3.5
5/5/1993,0,3.5
5/6/1993,0.8748923846153845,3.5
5/7/1993,0,3.5
5/8/1993,0,3.5
5/9/1993,0.11013223076923079,3.5
5/10/1993,0,3.5
5/11/1993,7.274049230769231,3.5
5/12/1993,0,3.5
5/13/1993,1.555104,3.5
5/14/1993,0.061039385,3.5
5/15/1993,0.3242153846153846,3.5
5/16/1993,3.905353846153846,3.5
5/17/1993,0,3.5
5/18/1993,0,3.5
5/19/1993,0,3.5
5/20/1993,0,32.2
5/21/1993,4.479073076923076,32.2
5/22/1993,0,32.2
5/23/1993,2.945886615384616,32.2
5/24/1993,0,32.2
5/25/1993,7.581094615384615,32.2
5/26/1993,16.71931538461539,32.2
5/27/1993,18.112030769230767,32.2
5/28/1993,13.837846153846156,32.2
5/29/1993,7.434407692307691,32.2
5/30/1993,16.455207692307695,32.2
5/31/1993,0.16111084615384616,32.2
6/1/1993,0.614044077,32.2
6/2/1993,0.5292699999999999,32.2
6/3/1993,9.543988461538461,32.2
6/4/1993,0,32.2
6/5/1993,0,32.2
6/6/1993,0,32.2
6/7/1993,3.0671423076923077,32.2
6/8/1993,17.22026,32.2
6/9/1993,2.0919493076923077,32.2
6/10/1993,19.505764615384617,32.2
6/11/1993,3.3510001538461536,32.2
6/12/1993,4.065014384615385,32.2
6/13/1993,6.401189230769229,30
6/14/1993,12.42653846153846,30
6/15/1993,0.2954995384615385,30
6/16/1993,10.315438461538463,30
6/17/1993,27.44936153846154,30
6/18/1993,39.46607692307692,30
6/19/1993,12.613758461538461,30
6/20/1993,2.002695384615385,30
6/21/1993,0.9275353076923079,30
6/22/1993,0.052247154,30
6/23/1993,3.4500184615384617,30
6/24/1993,0.968212077,30
6/25/1993,10.242217692307692,30
6/26/1993,10.71489230769231,30
6/27/1993,1.5451984615384615,30
6/28/1993,9.655205384615384,30
6/29/1993,0.31885184615384615,30
6/30/1993,10.004233076923075,30
7/1/1993,2.9085869230769226,30
7/2/1993,5.580409230769231,30
7/3/1993,9.520399231,30
7/4/1993,0.9253353846153848,30
7/5/1993,6.339861538461538,30
7/6/1993,5.078204307692308,30
7/7/1993,0.8129553076923078,9.7
7/8/1993,27.395038461538466,9.7
7/9/1993,24.214407692307695,9.7
7/10/1993,6.174563846153845,9.7
7/11/1993,14.802769230769231,9.7
7/12/1993,12.198953846153843,9.7
7/13/1993,2.5163253846153846,9.7
7/14/1993,7.750053846153845,9.7
7/15/1993,16.149484615384612,9.7
7/16/1993,80.65053846153845,9.7
7/17/1993,23.273423076923073,9.7
7/18/1993,5.0566530769230775,9.7
7/19/1993,1.9066038461538461,9.7
7/20/1993,0.4519069230769231,9.7
7/21/1993,0.076765385,9.7
7/22/1993,3.2395238461538463,9.7
7/23/1993,1.511662,9.7
7/24/1993,1.3159361538461538,9.7
7/25/1993,6.683892307692307,9.7
7/26/1993,15.828615384615386,9.7
7/27/1993,5.5102276923076925,9.7
7/28/1993,6.601042307692307,9.7
7/29/1993,5.846790769230769,9.7
7/30/1993,12.49208130769231,9.7
7/31/1993,5.531207692307692,7.1
8/1/1993,13.44191846153846,7.1
8/2/1993,47.77015384615384,7.1
8/3/1993,24.805661538461536,7.1
8/4/1993,24.735,7.1
8/5/1993,8.016484615384616,7.1
8/6/1993,9.847261538461538,7.1
8/7/1993,1.7578507692307694,7.1
8/8/1993,1.0577792307692309,7.1
8/9/1993,0.9868920769230768,7.1
8/10/1993,12.413576923076928,7.1
8/11/1993,3.183989923076923,7.1
8/12/1993,0.5868844615384615,7.1
8/13/1993,1.65677,7.1
8/14/1993,4.127169230769231,7.1
8/15/1993,20.062769230769227,7.1
8/16/1993,38.35223076923077,7.1
8/17/1993,4.075107692307692,7.1
8/18/1993,7.088989231,7.1
8/19/1993,3.1444528461538463,7.1
8/20/1993,50.94192307692307,7.1
8/21/1993,8.251234615384615,7.1
8/22/1993,1.3349387692307693,7.1
8/23/1993,1.6399330769230767,7.1
8/24/1993,0,1.3
8/25/1993,0,1.3
8/26/1993,0,1.3
8/27/1993,0.5803923846153846,1.3
8/28/1993,2.203044461538462,1.3
8/29/1993,0,1.3
8/30/1993,5.367707692307691,1.3
8/31/1993,4.387071538461539,1.3
9/1/1993,10.193238461538462,1.3
9/2/1993,11.813876923076922,1.3
9/3/1993,12.566753846153848,1.3
9/4/1993,9.141271538,1.3
9/5/1993,11.90926153846154,1.3
9/6/1993,3.163522,1.3
9/7/1993,6.177469231,1.3
9/8/1993,24.718669230769233,1.3
9/9/1993,17.8051,1.3
9/10/1993,8.343653846153845,1.3
9/11/1993,1.8846092307692308,1.3
9/12/1993,0.032936153846153844,1.3
9/13/1993,1.3956746153846153,1.3
9/14/1993,1.0329199999999998,1.3
9/15/1993,12.021823076923077,1.3
9/16/1993,22.575138461538465,1.3
9/17/1993,7.159346153846153,3.3
9/18/1993,4.833166153846155,3.3
9/19/1993,0.9250415384615385,3.3
9/20/1993,2.060251230769231,3.3
9/21/1993,6.678076153846153,3.3
9/22/1993,16.54056923076923,3.3
9/23/1993,8.284753846153848,3.3
9/24/1993,6.118861538461539,3.3
9/25/1993,11.385826153846153,3.3
9/26/1993,27.704846153846155,3.3
9/27/1993,13.70529230769231,3.3
9/28/1993,5.898985538461537,3.3
9/29/1993,0.6391046153846154,3.3
9/30/1993,10.846523076923075,3.3
10/1/1993,0.9319246153846155,3.3
10/2/1993,2.9529838461538467,3.3
10/3/1993,0.5188766153846154,3.3
10/4/1993,0,3.3
10/5/1993,0,3.3
10/6/1993,0.14008046153846154,3.3
10/7/1993,2.0680392307692306,3.3
10/8/1993,9.841852307692308,3.3
10/9/1993,9.399946153846152,3.3
10/10/1993,1.5107969230769231,3.3
10/11/1993,1.7508172307692302,36.6
10/12/1993,1.2217005384615385,36.6
10/13/1993,1.5613915384615387,36.6
10/14/1993,1.59572,36.6
10/15/1993,0.4761691538461538,36.6
10/16/1993,1.310455,36.6
10/17/1993,6.602793846153846,36.6
10/18/1993,0.7927592307692308,36.6
10/19/1993,7.527169230769231,36.6
10/20/1993,19.775653846153848,36.6
10/21/1993,0.38502961538461533,36.6
10/22/1993,0.7097153846153846,36.6
10/23/1993,0.5538892307692307,36.6
10/24/1993,0,36.6
10/25/1993,0,36.6
10/26/1993,0,36.6
10/27/1993,0,36.6
10/28/1993,0,36.6
10/29/1993,0.9460147692307692,36.6
10/30/1993,0,36.6
10/31/1993,0.019246923076923075,36.6
11/1/1993,0,36.6
11/2/1993,0.011338461538461539,36.6
11/3/1993,0,36.6
11/4/1993,0.14935600000000002,0.4
11/5/1993,0.3209552307692308,0.4
11/6/1993,0.003929846,0.4
11/7/1993,0,0.4
11/8/1993,0,0.4
11/9/1993,0,0.4
11/10/1993,0,0.4
11/11/1993,0,0.4
11/12/1993,0,0.4
11/13/1993,0,0.4
11/14/1993,0,0.4
11/15/1993,0,0.4
11/16/1993,0,0.4
11/17/1993,0,0.4
11/18/1993,0,0.4
11/19/1993,0,0.4
11/20/1993,0,0.4
11/21/1993,0,0.4
11/22/1993,0,0.4
11/23/1993,0.2964744615384615,0.4
11/24/1993,0,0.4
11/25/1993,0,0.4
11/26/1993,0,0.4
11/27/1993,0,0.4
11/28/1993,0,9.3
11/29/1993,0,9.3
11/30/1993,0,9.3
12/1/1993,0,9.3
12/2/1993,0,9.3
12/3/1993,0,9.3
12/4/1993,0,9.3
12/5/1993,0,9.3
12/6/1993,0,9.3
12/7/1993,0,9.3
12/8/1993,0,9.3
12/9/1993,0,9.3
12/10/1993,0,9.3
12/11/1993,0,9.3
12/12/1993,0,9.3
12/13/1993,0,9.3
12/14/1993,0,9.3
12/15/1993,0,9.3
12/16/1993,0,9.3
12/17/1993,0,9.3
12/18/1993,0,9.3
12/19/1993,0,9.3
12/20/1993,0,9.3
12/21/1993,0,9.3
12/22/1993,0,15
12/23/1993,0,15
12/24/1993,0,15
12/25/1993,0,15
12/26/1993,0,15
12/27/1993,0,15
12/28/1993,0,15
12/29/1993,0,15
12/30/1993,0,15
12/31/1993,0,15
1/1/1994,0,15
1/2/1994,0,15
1/3/1994,0,15
1/4/1994,0,15
1/5/1994,0,15
1/6/1994,0,15
1/7/1994,0,15
1/8/1994,0,15
1/9/1994,0,15
1/10/1994,0,15
1/11/1994,0,15
1/12/1994,0,15
1/13/1994,0,15
1/14/1994,0,15
1/15/1994,0,0.1
1/16/1994,0,0.1
1/17/1994,0.40964615384615394,0.1
1/18/1994,0,0.1
1/19/1994,0,0.1
1/20/1994,0,0.1
1/21/1994,0,0.1
1/22/1994,0,0.1
1/23/1994,0,0.1
1/24/1994,0,0.1
1/25/1994,0,0.1
1/26/1994,0,0.1
1/27/1994,0,0.1
1/28/1994,0,0.1
1/29/1994,0,0.1
1/30/1994,0,0.1
1/31/1994,0,0.1
2/1/1994,1.058233846153846,0.1
2/2/1994,2.4591746153846152,0.1
2/3/1994,16.626384615384616,0.1
2/4/1994,0,0.1
2/5/1994,0,0.1
2/6/1994,0,0.1
2/7/1994,0.11279069230769231,0.1
2/8/1994,0,0
2/9/1994,0,0
2/10/1994,1.091823923076923,0
2/11/1994,1.0070053846153846,0
2/12/1994,0,0
2/13/1994,0,0
2/14/1994,1.0764830769230769,0
2/15/1994,0.7084153846153846,0
2/16/1994,0.048271692,0
2/17/1994,2.795130769230769,0
2/18/1994,3.3161392307692306,0
2/19/1994,0.009424615,0
2/20/1994,0,0
2/21/1994,0.11165530769230769,0
2/22/1994,0,0
2/23/1994,0,0
2/24/1994,0,0
2/25/1994,0,0
2/26/1994,0,0
2/27/1994,0,0
2/28/1994,0,0
3/1/1994,0,0
3/2/1994,0,0
3/3/1994,0,0
3/4/1994,0,2
3/5/1994,0,2
3/6/1994,0,2
3/7/1994,0,2
3/8/1994,0,2
3/9/1994,0,2
3/10/1994,1.4116584615384615,2
3/11/1994,0,2
3/12/1994,0,2
3/13/1994,0.8088192307692308,2
3/14/1994,0.2623749230769231,2
3/15/1994,0,2
3/16/1994,0,2
3/17/1994,0,2
3/18/1994,0,2
3/19/1994,0,2
3/20/1994,0,2
3/21/1994,0,2
3/22/1994,0,2
3/23/1994,0,2
3/24/1994,0.41684876923076924,2
3/25/1994,0,2
3/26/1994,0,2
3/27/1994,0,2
3/28/1994,0.029654615384615387,0
3/29/1994,0,0
3/30/1994,0,0
3/31/1994,0,0
4/1/1994,0,0
4/2/1994,6.202246153846152,0
4/3/1994,7.816026923076923,0
4/4/1994,7.7108,0
4/5/1994,0.9184961538461539,0
4/6/1994,0.5074384615384615,0
4/7/1994,0.064270231,0
4/8/1994,0,0
4/9/1994,6.0454384615384615,0
4/10/1994,0,0
4/11/1994,0.045629462,0
4/12/1994,0,0
4/13/1994,0,0
4/14/1994,0,0
4/15/1994,0,0
4/16/1994,0,0
4/17/1994,0.002606615,0
4/18/1994,0.071451462,0
4/19/1994,0.11751646153846154,0
4/20/1994,0.3185556923076923,0
4/21/1994,2.7313376923076924,0
4/22/1994,0.6036523076923077,0
4/23/1994,0,0
4/24/1994,0,0
4/25/1994,0.2695736153846154,0
4/26/1994,0.1932823076923077,0
4/27/1994,5.453344615384615,0
4/28/1994,10.041096153846155,0
4/29/1994,1.394988769230769,0
4/30/1994,0.6714980769230768,0
5/1/1994,1.638803846153846,0
5/2/1994,0.4822807692307692,0
5/3/1994,0,0
5/4/1994,1.0330338461538462,0
5/5/1994,0,0
5/6/1994,0.006883385,0
5/7/1994,0,0
5/8/1994,0,0
5/9/1994,0,0
5/10/1994,1.1832536923076924,0
5/11/1994,2.884486153846154,0
5/12/1994,1.0275502307692308,0
5/13/1994,0.5614884615384615,0
5/14/1994,2.0486803076923077,0
5/15/1994,1.061033076923077,0
5/16/1994,0.6751992307692307,0
5/17/1994,0.47783469230769227,0
5/18/1994,0.8510323076923078,0
5/19/1994,3.818033076923076,0
5/20/1994,1.9982513846153849,0
5/21/1994,3.970389999999999,0
5/22/1994,1.5303592307692306,0
5/23/1994,0.9399707692307693,0
5/24/1994,7.086569230769232,0
5/25/1994,5.840189230769231,0
5/26/1994,3.968587307692307,0
5/27/1994,2.996706153846154,0
5/28/1994,1.1574884615384615,0
5/29/1994,0,0
5/30/1994,0,0
5/31/1994,1.4808530769230768,0
6/1/1994,0.033151538,0
6/2/1994,0.41876153846153846,0
6/3/1994,1.1472176923076924,0
6/4/1994,0,0
6/5/1994,2.111676923076923,0
6/6/1994,2.818892307692307,0
6/7/1994,5.417,0
6/8/1994,3.6382946153846154,0
6/9/1994,2.0684892307692304,0
6/10/1994,5.966523076923076,0
6/11/1994,4.284810769230769,0
6/12/1994,15.2014,0
6/13/1994,12.551276923076923,0
6/14/1994,18.87626923076923,0
6/15/1994,31.956276923076928,0
6/16/1994,15.592492307692307,0
6/17/1994,26.351253846153845,0
6/18/1994,9.136943076923076,0
6/19/1994,6.496324615384617,0
6/20/1994,17.5144,0
6/21/1994,30.095246153846155,0
6/22/1994,7.0863792307692295,0
6/23/1994,9.468331076923077,0
6/24/1994,0.6418693076923078,0
6/25/1994,0.39897830769230763,0
6/26/1994,0.2258230769230769,0
6/27/1994,7.97151,0
6/28/1994,30.77066153846154,0
6/29/1994,18.96904615384615,0
6/30/1994,0.5296450000000001,0
7/1/1994,2.144590846153846,0
7/2/1994,8.640248462,0
7/3/1994,19.218792307692308,0
7/4/1994,16.439999999999998,0
7/5/1994,27.23603076923077,0
7/6/1994,1.5524936923076922,0
7/7/1994,0.8866705384615384,0
7/8/1994,5.356269230769231,0
7/9/1994,43.754923076923085,0
7/10/1994,51.61784615384616,0
7/11/1994,14.438869230769232,0
7/12/1994,14.658715384615382,0
7/13/1994,16.717799999999997,0
7/14/1994,18.01006153846154,0
7/15/1994,2.6106853846153846,0
7/16/1994,9.028684615384616,0
7/17/1994,21.609176923076923,0
7/18/1994,3.355082615384615,0
7/19/1994,7.163045384615385,0
7/20/1994,9.522461538461538,0
7/21/1994,13.866126153846153,0
7/22/1994,1.713386153846154,0
7/23/1994,2.7348153846153846,0
7/24/1994,0.7584864615384616,0
7/25/1994,4.4640576923076924,0
7/26/1994,49.42432307692309,0
7/27/1994,4.999851538,0
7/28/1994,25.657153846153847,0
7/29/1994,20.113630769230767,0
7/30/1994,13.829176923076924,0
7/31/1994,24.691461538461535,0
8/1/1994,17.5135,0
8/2/1994,5.587923076923077,0
8/3/1994,4.678588461538462,0
8/4/1994,39.7056,0
8/5/1994,12.845030769230771,0
8/6/1994,40.663038461538456,0
8/7/1994,2.4504084615384616,0
8/8/1994,0.77964,0
8/9/1994,4.655213076923077,0
8/10/1994,17.880253846153845,0
8/11/1994,14.701015384615383,0
8/12/1994,22.33708461538462,0
8/13/1994,5.818355384615385,0
8/14/1994,10.936746153846153,0
8/15/1994,2.4503284615384615,0
8/16/1994,7.456369231,0
8/17/1994,23.72153846153846,0
8/18/1994,30.2472,0
8/19/1994,35.59892307692308,0
8/20/1994,14.275969230769231,0
8/21/1994,7.432617923076923,0
8/22/1994,2.7515563076923075,0
8/23/1994,24.38816923076923,0
8/24/1994,12.622461538461538,0
8/25/1994,9.549064615384616,0
8/26/1994,35.566876923076926,0
8/27/1994,18.05435384615384,0
8/28/1994,15.759661538461538,0
8/29/1994,28.915692307692307,0
8/30/1994,75.03530769230768,0
8/31/1994,8.426192307692308,0
9/1/1994,12.574515384615383,0
9/2/1994,10.027173076923077,0
9/3/1994,17.496607692307695,0
9/4/1994,29.23669230769231,0
9/5/1994,49.08446153846153,0
9/6/1994,21.373615384615388,0
9/7/1994,3.3278138461538465,0
9/8/1994,1.4788046153846155,0
9/9/1994,0.5044262307692308,0
9/10/1994,6.165808461538462,0
9/11/1994,3.966767692307693,0
9/12/1994,13.899384615384616,0
9/13/1994,5.599626307692308,0
9/14/1994,5.472369999999999,0
9/15/1994,17.05126153846154,0
9/16/1994,5.677130769,0
9/17/1994,15.8661,0
9/18/1994,59.076853846153845,0
9/19/1994,2.946063076923077,0
9/20/1994,0.1378520769230769,0
9/21/1994,2.215332692307692,0
9/22/1994,0.3858277692307693,0
9/23/1994,0.24894923076923078,0
9/24/1994,1.3139769230769232,0
9/25/1994,1.325501153846154,0
9/26/1994,0,0
9/27/1994,0.4176860769230769,0
9/28/1994,0.7839346923076923,0
9/29/1994,1.0323023076923077,0
9/30/1994,0,0
10/1/1994,0,0
10/2/1994,0,0
10/3/1994,2.2199846153846154,0
10/4/1994,1.0289274615384616,0
10/5/1994,8.913415384615385,0
10/6/1994,6.491715384615385,0
10/7/1994,16.39353076923077,0
10/8/1994,15.491577923076925,0
10/9/1994,2.9516707692307693,0
10/10/1994,0.17689230769230768,0
10/11/1994,1.230776923076923,0
10/12/1994,0.13086061538461538,0
10/13/1994,0,0
10/14/1994,0,0
10/15/1994,0.40725846153846146,0
10/16/1994,0,0
10/17/1994,1.154326923076923,0
10/18/1994,0,0
10/19/1994,0.30868230769230764,0
10/20/1994,0.19981615384615384,0
10/21/1994,1.8341807692307694,0
10/22/1994,10.262946153846153,0
10/23/1994,3.800733846153846,0
10/24/1994,1.009962076923077,0
10/25/1994,0.03304,0
10/26/1994,0,0
10/27/1994,0.013417999999999998,0
10/28/1994,0,0
10/29/1994,0,0
10/30/1994,0,0
10/31/1994,0,0
11/1/1994,0,0
11/2/1994,0.082761538,0
11/3/1994,2.311279230769231,0
11/4/1994,0.38392853846153846,0
11/5/1994,0.36361076923076924,0
11/6/1994,0,0
11/7/1994,0,0
11/8/1994,0,0
11/9/1994,2.3431915384615385,0
11/10/1994,0.022591538,0
11/11/1994,0,0
11/12/1994,0,0
11/13/1994,0.2045656923076923,0
11/14/1994,0,0
11/15/1994,0,0
11/16/1994,0,0
11/17/1994,0,0
11/18/1994,0.058276153846153846,0
11/19/1994,0,0
11/20/1994,0,0
11/21/1994,0,0
11/22/1994,0,0
11/23/1994,0,0
11/24/1994,0,0
11/25/1994,0.2473007692307692,0
11/26/1994,0.055425154,0
11/27/1994,0,0
11/28/1994,0,0
11/29/1994,0,0
11/30/1994,0,0
12/1/1994,0,0
12/2/1994,0,0
12/3/1994,0,0
12/4/1994,0,0
12/5/1994,0,0
12/6/1994,0,0
12/7/1994,0,0
12/8/1994,0,0
12/9/1994,0,0
12/10/1994,0,0
12/11/1994,0,0
12/12/1994,0,0
12/13/1994,0,0
12/14/1994,0,0
12/15/1994,0,0
12/16/1994,0,0
12/17/1994,0,0
12/18/1994,0,0
12/19/1994,0,0
12/20/1994,0,0
12/21/1994,0,0
12/22/1994,0,0
12/23/1994,0,0
12/24/1994,0,0
12/25/1994,0,0
12/26/1994,0,0
12/27/1994,0,0
12/28/1994,0,0
12/29/1994,0,0
12/30/1994,0,0
12/31/1994,0,0
1/1/1995,0,0
1/2/1995,0,0
1/3/1995,0,0
1/4/1995,0,0
1/5/1995,0,0
1/6/1995,0,0
1/7/1995,0,0
1/8/1995,0,0
1/9/1995,0.8533816153846154,0
1/10/1995,27.426461538461542,0
1/11/1995,13.776100000000001,0
1/12/1995,0.1626353846153846,0
1/13/1995,8.664923076923076,0
1/14/1995,2.3698407692307693,0
1/15/1995,0,0
1/16/1995,0,0
1/17/1995,0,0
1/18/1995,0.015416999999999998,0
1/19/1995,1.0061444615384614,0
1/20/1995,0,0
1/21/1995,0,0
1/22/1995,0.5810352307692308,0
1/23/1995,0,0
1/24/1995,0,0
1/25/1995,0.29857707692307695,0
1/26/1995,0,0
1/27/1995,0,0
1/28/1995,0,0
1/29/1995,0,0
1/30/1995,0,0
1/31/1995,0,0
2/1/1995,0,0
2/2/1995,0,0
2/3/1995,0,0
2/4/1995,0,0
2/5/1995,0,0
2/6/1995,0.5714615384615385,0
2/7/1995,0,0
2/8/1995,0,0
2/9/1995,0,0
2/10/1995,0.16451300000000002,0
2/11/1995,0.16451300000000002,0
2/12/1995,0,0
2/13/1995,0,0
2/14/1995,0.16451300000000002,0
2/15/1995,0,0
2/16/1995,0,0
2/17/1995,0.6221413076923077,0
2/18/1995,0.3110625384615385,0
2/19/1995,0.4352407692307692,0
2/20/1995,5.610883076923077,0
2/21/1995,0,0
2/22/1995,0,0
2/23/1995,0,0
2/24/1995,2.322746384615385,0
2/25/1995,2.654837692307692,0
2/26/1995,0.008989231,0
2/27/1995,6.7137069230769235,0
2/28/1995,11.148883076923077,0
3/1/1995,2.352081538461538,0
3/2/1995,0.5765292307692308,0
3/3/1995,0,0
3/4/1995,0.9813630769230769,0
3/5/1995,0.17171623076923076,0
3/6/1995,8.232569230769231,0
3/7/1995,8.030479230769233,0
3/8/1995,2.2624946153846155,0
3/9/1995,8.460969230769232,0
3/10/1995,0.070129846,0
3/11/1995,0.12647769230769232,0
3/12/1995,0.071861923,0
3/13/1995,0.038542615384615384,0
3/14/1995,0.053619230769230766,0
3/15/1995,0,0
3/16/1995,0.6282038461538462,0
3/17/1995,0.10228846153846154,0
3/18/1995,0.9799873846153846,0
3/19/1995,0,0
3/20/1995,0,0
3/21/1995,0,0
3/22/1995,0,0
3/23/1995,0.006312,0
3/24/1995,0,0
3/25/1995,0,0
3/26/1995,0,0
3/27/1995,0,0
3/28/1995,0.049671231,0
3/29/1995,0,0
3/30/1995,0.080406154,0
3/31/1995,0.072972308,0
4/1/1995,0.25814053846153845,0
4/2/1995,0.002285769,0
4/3/1995,0.9915869230769232,0
4/4/1995,2.9304246153846156,0
4/5/1995,6.444038461538461,0
4/6/1995,5.238951538461539,0
4/7/1995,0.35476638461538457,0
4/8/1995,0,0
4/9/1995,0,0
4/10/1995,0,0
4/11/1995,0,0
4/12/1995,0,0
4/13/1995,0,0
4/14/1995,0,0
4/15/1995,0.069112308,0
4/16/1995,1.3673984615384616,0
4/17/1995,0.014242769230769229,0
4/18/1995,0,0
4/19/1995,0,0
4/20/1995,0,0
4/21/1995,0,0
4/22/1995,0,0
4/23/1995,0.1788076923076923,0
4/24/1995,0.39384692307692304,0
4/25/1995,0,0
4/26/1995,1.7430776923076923,0
4/27/1995,0,0
4/28/1995,0,0
4/29/1995,0,0
4/30/1995,0,0
5/1/1995,0.10017953846153847,0
5/2/1995,0.248203,0
5/3/1995,0.8554586923076923,0
5/4/1995,0.8561237692307692,0
5/5/1995,0.4321861538461539,0
5/6/1995,0.10276215384615384,0
5/7/1995,0.28084000000000003,0
5/8/1995,0,0
5/9/1995,0,0
5/10/1995,8.710431384615385,0
5/11/1995,44.33185384615386,0
5/12/1995,104.55023076923077,0
5/13/1995,51.604769230769236,0
5/14/1995,58.958769230769235,0
5/15/1995,18.229623076923076,0
5/16/1995,28.45784615384616,0
5/17/1995,58.169461538461526,0
5/18/1995,6.572462307692307,0
5/19/1995,0,0
5/20/1995,0,0
5/21/1995,0,0
5/22/1995,0,0
5/23/1995,0,0
5/24/1995,0,0
5/25/1995,0,0
5/26/1995,0.16089584615384614,0
5/27/1995,0,0
5/28/1995,0,0
5/29/1995,0,0
5/30/1995,0,0
5/31/1995,0,0
6/1/1995,0,0
6/2/1995,0,0
6/3/1995,0,0
6/4/1995,0,0
6/5/1995,1.8720638461538461,0
6/6/1995,0,0
6/7/1995,0,0
6/8/1995,1.1846261538461538,0
6/9/1995,0,0
6/10/1995,5.7786007692307715,0
6/11/1995,0.15293653846153846,0
6/12/1995,0,0
6/13/1995,0,0
6/14/1995,0.037213846,0
6/15/1995,0,0
6/16/1995,0,0
6/17/1995,0,0
6/18/1995,0,0
6/19/1995,0.6113338461538462,0
6/20/1995,1.7631023846153844,0
6/21/1995,24.281046153846155,0
6/22/1995,8.910346153846152,0
6/23/1995,5.931800000000001,0
6/24/1995,5.041153846153846,0
6/25/1995,11.2259,0
6/26/1995,2.917569153846154,0
6/27/1995,1.1594876923076924,0
6/28/1995,0.932786077,0
6/29/1995,8.618173076923078,0
6/30/1995,3.0911792307692307,0
7/1/1995,0.6696792307692309,0
7/2/1995,8.733704615384617,0
7/3/1995,53.54730769230768,0
7/4/1995,0.894930769,0
7/5/1995,0.028990769,0
7/6/1995,0,0
7/7/1995,0.3066492307692308,0
7/8/1995,5.214855384615384,0
7/9/1995,7.384263076923076,0
7/10/1995,0,0
7/11/1995,13.215807692307692,0
7/12/1995,4.011715384615385,0
7/13/1995,4.368192307692308,0
7/14/1995,8.925,0
7/15/1995,15.855615384615387,0
7/16/1995,6.857776923076923,0
7/17/1995,4.512838461538462,0
7/18/1995,6.986359231,0
7/19/1995,23.815215384615385,0
7/20/1995,6.681507692307692,0
7/21/1995,13.704707692307691,0
7/22/1995,8.036584615384616,0
7/23/1995,25.870846153846152,0
7/24/1995,48.46307692307692,0
7/25/1995,5.24161,0
7/26/1995,1.1600561538461538,0
7/27/1995,0,0
7/28/1995,0.9666346153846154,0
7/29/1995,4.356353846153846,0
7/30/1995,10.52423076923077,0
7/31/1995,1.0864874615384614,0
8/1/1995,2.2842776923076924,0
8/2/1995,4.827738461538462,0
8/3/1995,14.975284615384615,0
8/4/1995,8.764076923076924,0
8/5/1995,3.819825384615385,0
8/6/1995,5.64773,0
8/7/1995,5.163160769,0
8/8/1995,13.938600000000001,0
8/9/1995,54.844153846153844,0
8/10/1995,16.130507692307695,0
8/11/1995,9.716423076923077,0
8/12/1995,4.989077692307693,0
8/13/1995,5.753590769,0
8/14/1995,3.820599230769231,0
8/15/1995,2.659317692307692,0
8/16/1995,1.4465075384615385,0
8/17/1995,1.993246769230769,0
8/18/1995,7.0116,0
8/19/1995,5.590238461538462,0
8/20/1995,7.230776923076923,0
8/21/1995,7.380269999999999,0
8/22/1995,10.194600000000001,0
8/23/1995,4.867942307692308,0
8/24/1995,8.170876923076923,0
8/25/1995,15.6541,0
8/26/1995,13.363692307692308,0
8/27/1995,24.535384615384615,0
8/28/1995,4.773130769230769,0
8/29/1995,2.1016890769230767,0
8/30/1995,2.300081384615385,0
8/31/1995,9.297700769230769,0
9/1/1995,23.015138461538456,0
9/2/1995,22.495369230769235,0
9/3/1995,17.959107692307693,0
9/4/1995,2.355318461538462,0
9/5/1995,18.755584615384613,0
9/6/1995,1.811546923076923,0
9/7/1995,1.7086299999999999,0
9/8/1995,3.0219376923076924,0
9/9/1995,0.017754615384615383,0
9/10/1995,1.181050769230769,0
9/11/1995,0,0
9/12/1995,4.43826,0
9/13/1995,6.232663846153845,0
9/14/1995,2.5917853846153847,0
9/15/1995,0.1899446153846154,0
9/16/1995,0.4672833846153846,0
9/17/1995,18.812703076923075,0
9/18/1995,14.121669230769232,0
9/19/1995,12.323784615384616,0
9/20/1995,8.728738384615383,0
9/21/1995,3.9864253846153854,0
9/22/1995,5.563005769230769,0
9/23/1995,2.9150307692307695,0
9/24/1995,11.172745307692306,0
9/25/1995,0,0
9/26/1995,0.9237076923076922,0
9/27/1995,14.847584615384612,0
9/28/1995,3.883485384615385,0
9/29/1995,3.525203076923077,0
9/30/1995,10.334013846153848,0
10/1/1995,0.3255326153846154,0
10/2/1995,0.8915569999999999,0
10/3/1995,0.05319,0
10/4/1995,0.17815846153846152,0
10/5/1995,0.6460599230769231,0
10/6/1995,0.19442307692307695,0
10/7/1995,2.8708876923076923,0
10/8/1995,12.870889846153846,0
10/9/1995,12.529723076923075,0
10/10/1995,21.653223076923076,0
10/11/1995,28.41576923076923,0
10/12/1995,13.402392307692308,0
10/13/1995,13.061392307692305,0
10/14/1995,9.558669231,0
10/15/1995,5.990346153846155,0
10/16/1995,2.7322500000000005,0
10/17/1995,8.46888,0
10/18/1995,8.945461538461538,0
10/19/1995,0.4178973846153846,0
10/20/1995,2.0058738461538463,0
10/21/1995,2.818004615384616,0
10/22/1995,1.905276153846154,0
10/23/1995,5.887901846153847,0
10/24/1995,3.9515223076923074,0
10/25/1995,1.692537692307692,0
10/26/1995,0,0
10/27/1995,0,0
10/28/1995,0,0
10/29/1995,0,0
10/30/1995,0,0
10/31/1995,0.03287,0
11/1/1995,2.0367407692307693,0
11/2/1995,0.2811403846153846,0
11/3/1995,0.41884692307692306,0
11/4/1995,0,0
11/5/1995,0,0
11/6/1995,0,0
11/7/1995,0.38129992307692306,0
11/8/1995,0.5537929230769231,0
11/9/1995,0,0
11/10/1995,64.19761538461539,0
11/11/1995,47.15715384615385,0
11/12/1995,7.3272692307692315,0
11/13/1995,0,0
11/14/1995,0,0
11/15/1995,0.6627367692307692,0
11/16/1995,0.4630053076923077,0
11/17/1995,0.38129992307692306,0
11/18/1995,0.043735384615384613,0
11/19/1995,0.3265207692307693,0
11/20/1995,2.3931999999999998,0
11/21/1995,0.753522154,0
11/22/1995,0.38129992307692306,0
11/23/1995,0.11111399999999999,0
11/24/1995,0,0
11/25/1995,0.531723077,0
11/26/1995,0.27616999999999997,0
11/27/1995,0,0
11/28/1995,0,0
11/29/1995,0,0
11/30/1995,0,0
12/1/1995,0,0
12/2/1995,0,0
12/3/1995,0,0
12/4/1995,0,0
12/5/1995,0,0
12/6/1995,0,0
12/7/1995,0,0
12/8/1995,0,0
12/9/1995,0,0
12/10/1995,0,0
12/11/1995,0,0
12/12/1995,0,0
12/13/1995,0,0
12/14/1995,0,0
12/15/1995,0,0
12/16/1995,0,0
12/17/1995,0,0
12/18/1995,0,0
12/19/1995,0,0
12/20/1995,0,0
12/21/1995,0,0
12/22/1995,0,0
12/23/1995,0,0
12/24/1995,0,0
12/25/1995,0,0
12/26/1995,0,0
12/27/1995,0,0
12/28/1995,0,0
12/29/1995,0,0
12/30/1995,0,0
12/31/1995,0,0
1/1/1996,0,0
1/2/1996,0,0
1/3/1996,0,0
1/4/1996,0,0
1/5/1996,0,0
1/6/1996,0.2472096923076923,0
1/7/1996,0,0
1/8/1996,0.021274538461538463,0
1/9/1996,14.257277692307687,0
1/10/1996,0.6558723076923076,0
1/11/1996,0,0
1/12/1996,1.9504853846153847,0
1/13/1996,0.045991384615384615,0
1/14/1996,0,0
1/15/1996,0,0
1/16/1996,0,0
1/17/1996,0,0
1/18/1996,0.005066,0
1/19/1996,1.8433715384615386,0
1/20/1996,0.5173996923076923,0
1/21/1996,5.5536872307692295,0
1/22/1996,0,0
1/23/1996,0,0
1/24/1996,0,0
1/25/1996,0,0
1/26/1996,0,0
1/27/1996,0,0
1/28/1996,0,0
1/29/1996,0,0
1/30/1996,0,0
1/31/1996,0,0
2/1/1996,0,0
2/2/1996,0,0
2/3/1996,0,0
2/4/1996,0,0
2/5/1996,0,0
2/6/1996,0,0
2/7/1996,0,0
2/8/1996,0,0
2/9/1996,0,0
2/10/1996,0,0
2/11/1996,0,0
2/12/1996,4.343640769230769,0
2/13/1996,3.961912307692307,0
2/14/1996,0,0
2/15/1996,0,0
2/16/1996,0,0
2/17/1996,0,0
2/18/1996,0,0
2/19/1996,0,0
2/20/1996,0,0
2/21/1996,0,0
2/22/1996,0.21270715384615385,0
2/23/1996,0.066053615,0
2/24/1996,2.6885353846153848,0
2/25/1996,0,0
2/26/1996,0.038336308,0
2/27/1996,0.055987692,0
2/28/1996,0,0
2/29/1996,0.050519615384615385,0
3/1/1996,0.002593077,0
3/2/1996,0,0
3/3/1996,0,0
3/4/1996,0.1427266923076923,0
3/5/1996,11.855492307692309,0
3/6/1996,0.4132316923076923,0
3/7/1996,0,0
3/8/1996,0,0
3/9/1996,0,0
3/10/1996,0,0
3/11/1996,0,0
3/12/1996,0,0
3/13/1996,0,0
3/14/1996,0,0
3/15/1996,0,0
3/16/1996,0,0
3/17/1996,0,0
3/18/1996,0,0
3/19/1996,0.2916630769230769,0
3/20/1996,0,0
3/21/1996,0,0
3/22/1996,0,0
3/23/1996,0,0
3/24/1996,0.002029462,0
3/25/1996,0,0
3/26/1996,0,0
3/27/1996,0,0
3/28/1996,0,0
3/29/1996,0,0
3/30/1996,0,0
3/31/1996,0,0
4/1/1996,0,0
4/2/1996,9.596295384615384,0
4/3/1996,0,0
4/4/1996,0,0
4/5/1996,0.34420153846153845,0
4/6/1996,0,0
4/7/1996,0.002559846,0
4/8/1996,0,0
4/9/1996,0.17210461538461536,0
4/10/1996,0,0
4/11/1996,10.10616923076923,0
4/12/1996,0.7367096153846154,0
4/13/1996,1.3363416153846153,0
4/14/1996,0,0
4/15/1996,0.003943538,0
4/16/1996,0.046207077,0
4/17/1996,0.030406615384615386,0
4/18/1996,0,0
4/19/1996,0.3442061538461539,0
4/20/1996,0,0
4/21/1996,0.17210461538461536,0
4/22/1996,0,0
4/23/1996,0,0
4/24/1996,0.4722569230769231,0
4/25/1996,0.068375846,0
4/26/1996,0.5104801538461538,0
4/27/1996,0.26269207692307694,0
4/28/1996,0,0
4/29/1996,12.572100000000002,0
4/30/1996,0,0
5/1/1996,1.8132253846153847,0
5/2/1996,0.1846022307692308,0
5/3/1996,0,0
5/4/1996,1.481266846153846,0
5/5/1996,0,0
5/6/1996,0,0
5/7/1996,1.2291776923076925,0
5/8/1996,0,0
5/9/1996,0,0
5/10/1996,0,0
5/11/1996,0,0
5/12/1996,0,0
5/13/1996,0,0
5/14/1996,0,0
5/15/1996,0,0
5/16/1996,0,0
5/17/1996,0.8887583076923078,0
5/18/1996,0.15496592307692308,0
5/19/1996,4.350373076923077,0
5/20/1996,8.602146153846153,0
5/21/1996,0,0
5/22/1996,2.8260774615384614,0
5/23/1996,1.6400161538461542,0
5/24/1996,13.154054615384618,0
5/25/1996,0,0
5/26/1996,1.5761153846153846,0
5/27/1996,0,0
5/28/1996,0,0
5/29/1996,0.2924995384615384,0
5/30/1996,0,0
5/31/1996,0,0
6/1/1996,8.841700846153845,0
6/2/1996,17.52010769230769,0
6/3/1996,0.6043802307692308,0
6/4/1996,4.759887692307692,0
6/5/1996,3.6035746153846158,0
6/6/1996,0.19363615384615385,0
6/7/1996,0.36046769230769227,0
6/8/1996,1.1855576923076923,0
6/9/1996,17.1347,0
6/10/1996,0.010750769,0
6/11/1996,4.052163076923077,0
6/12/1996,0.3179336923076923,0
6/13/1996,0.47653323076923076,0
6/14/1996,1.0208552307692307,0
6/15/1996,5.788348692307691,0
6/16/1996,10.888948461538464,0
6/17/1996,2.7420830000000005,0
6/18/1996,8.232133846153845,0
6/19/1996,1.2413407692307692,0
6/20/1996,0.11532507692307692,0
6/21/1996,12.964193076923076,0
6/22/1996,43.616,0
6/23/1996,83.98976923076923,0
6/24/1996,32.50253846153846,0
6/25/1996,1.538575,0
6/26/1996,6.569740769,0
6/27/1996,1.548136923076923,0
6/28/1996,9.011449231,0
6/29/1996,2.9897838461538466,0
6/30/1996,1.365528846153846,0
7/1/1996,6.982661538461539,0
7/2/1996,1.2777661538461538,0
7/3/1996,2.3974807692307687,0
7/4/1996,1.536484692307692,0
7/5/1996,0.9923,0
7/6/1996,7.480015384615385,0
7/7/1996,5.459151538461539,0
7/8/1996,11.16443846153846,0
7/9/1996,2.803044615384615,0
7/10/1996,1.7251976923076922,0
7/11/1996,1.3665032307692306,0
7/12/1996,2.6084869230769225,0
7/13/1996,2.2230053846153845,0
7/14/1996,2.886773076923077,0
7/15/1996,0.12094384615384615,0
7/16/1996,9.529131538461538,0
7/17/1996,5.552838461538462,0
7/18/1996,0.941373077,0
7/19/1996,0.10228030769230768,0
7/20/1996,0.005303769,0
7/21/1996,8.068692307692308,0
7/22/1996,33.92530769230769,0
7/23/1996,39.146461538461544,0
7/24/1996,11.47994153846154,0
7/25/1996,3.145478461538462,0
7/26/1996,8.722999230769231,0
7/27/1996,7.665152307692308,0
7/28/1996,1.3901376923076922,0
7/29/1996,0.7449184615384615,0
7/30/1996,0.7594870000000001,0
7/31/1996,0.3788287692307693,0
8/1/1996,0.4634623076923078,0
8/2/1996,11.320552307692308,0
8/3/1996,14.277568846153846,0
8/4/1996,0.6277190769230768,0
8/5/1996,0.3328181538461539,0
8/6/1996,12.553469230769233,0
8/7/1996,27.674999999999997,0
8/8/1996,10.62547692307692,0
8/9/1996,2.3604938461538465,0
8/10/1996,0.47647292307692307,0
8/11/1996,6.684633846153847,0
8/12/1996,7.376838462,0
8/13/1996,1.9393075384615381,0
8/14/1996,1.339914615384615,0
8/15/1996,1.5524123076923075,0
8/16/1996,8.413572307692307,0
8/17/1996,10.673284615384613,0
8/18/1996,7.369891538461538,0
8/19/1996,20.345792307692303,0
8/20/1996,17.336,0
8/21/1996,12.094915384615387,0
8/22/1996,3.6506261538461535,0
8/23/1996,15.236730769230771,0
8/24/1996,14.13789230769231,0
8/25/1996,1.089878,0
8/26/1996,4.182095153846154,0
8/27/1996,7.915007692307691,0
8/28/1996,15.387584615384613,0
8/29/1996,17.44247692307692,0
8/30/1996,3.0290669230769227,0
8/31/1996,5.404881538461539,0
9/1/1996,0.6377515384615384,0
9/2/1996,0.6406513846153847,0
9/3/1996,0.5604993076923077,0
9/4/1996,1.6751013846153848,0
9/5/1996,1.53757,0
9/6/1996,1.5717423076923076,0
9/7/1996,5.097417692307692,0
9/8/1996,4.650153846153846,0
9/9/1996,8.669949231,0
9/10/1996,3.8017130769230767,0
9/11/1996,2.095783076923077,0
9/12/1996,0.44607953846153836,0
9/13/1996,7.3770138461538455,0
9/14/1996,0.48248076923076927,0
9/15/1996,0.2741938461538462,0
9/16/1996,0.3063030769230769,0
9/17/1996,4.967027692307692,0
9/18/1996,3.549183846153846,0
9/19/1996,2.783807692307692,0
9/20/1996,2.1659561538461536,0
9/21/1996,0,0
9/22/1996,0,0
9/23/1996,0,0
9/24/1996,0,0
9/25/1996,0,0
9/26/1996,0.1010773076923077,0
9/27/1996,10.531381538461538,0
9/28/1996,28.700284615384614,0
9/29/1996,3.7912153846153847,0
9/30/1996,8.948738461538461,0
10/1/1996,11.573423076923076,0
10/2/1996,6.473161538461539,0
10/3/1996,2.067543846153846,0
10/4/1996,6.450061538461538,0
10/5/1996,2.8676953846153848,0
10/6/1996,2.3614846153846156,0
10/7/1996,7.693946153846154,0
10/8/1996,0.024303230769230768,0
10/9/1996,0,0
10/10/1996,1.341725,0
10/11/1996,0,0
10/12/1996,0,0
10/13/1996,0,0
10/14/1996,0,0
10/15/1996,0,0
10/16/1996,1.0046738461538463,0
10/17/1996,0.030321538,0
10/18/1996,0.40137307692307694,0
10/19/1996,0,0
10/20/1996,0.3048618461538461,0
10/21/1996,0,0
10/22/1996,0,0
10/23/1996,0,0
10/24/1996,0,0
10/25/1996,0,0
10/26/1996,0,0
10/27/1996,0,0
10/28/1996,5.767815846153846,0
10/29/1996,5.264245384615384,0
10/30/1996,0,0
10/31/1996,0.011677384615384616,0
11/1/1996,0,0
11/2/1996,0,0
11/3/1996,0,0
11/4/1996,0,0
11/5/1996,0,0
11/6/1996,0,0
11/7/1996,2.044263076923077,0
11/8/1996,8.544323076923076,0
11/9/1996,1.0059652307692308,0
11/10/1996,0,0
11/11/1996,0,0
11/12/1996,0.22523984615384612,0
11/13/1996,0,0
11/14/1996,0.24222346153846155,0
11/15/1996,0,0
11/16/1996,0,0
11/17/1996,0,0
11/18/1996,0,0
11/19/1996,0,0
11/20/1996,0,0
11/21/1996,0,0
11/22/1996,0,0
11/23/1996,0,0
11/24/1996,0,0
11/25/1996,0,0
11/26/1996,0,0
11/27/1996,0,0
11/28/1996,0,0
11/29/1996,0,0
11/30/1996,0,0
12/1/1996,0,0
12/2/1996,0.022253846153846155,0
12/3/1996,0,0
12/4/1996,0,0
12/5/1996,0,0
12/6/1996,0,0
12/7/1996,0,0
12/8/1996,0,0
12/9/1996,0,0
12/10/1996,0,0
12/11/1996,0,0
12/12/1996,0,0
12/13/1996,0,0
12/14/1996,0,0
12/15/1996,0.20356984615384616,0
12/16/1996,0.6107123076923077,0
12/17/1996,0.033380538,0
12/18/1996,0,0
12/19/1996,0,0
12/20/1996,0,0
12/21/1996,0,0
12/22/1996,0,0
12/23/1996,0.40713499999999997,0
12/24/1996,0.14093430769230772,0
12/25/1996,0,0
12/26/1996,0,0
12/27/1996,0,0
12/28/1996,0,0
12/29/1996,0,0
12/30/1996,0,0
12/31/1996,0,0
1/1/1997,0,0
1/2/1997,0,0
1/3/1997,0,0
1/4/1997,0,0
1/5/1997,0,0
1/6/1997,0,0
1/7/1997,0,0
1/8/1997,0,0
1/9/1997,0,0
1/10/1997,0.009173,0
1/11/1997,0,0
1/12/1997,0,0
1/13/1997,0.002242769,0
1/14/1997,0.088915538,0
1/15/1997,0.25405599999999995,0
1/16/1997,1.8579656923076924,0
1/17/1997,1.6620207692307691,0
1/18/1997,0,0
1/19/1997,0,0
1/20/1997,0,0
1/21/1997,0.1661173846153846,0
1/22/1997,7.518723076923076,0
1/23/1997,0.5760838461538461,0
1/24/1997,0.015065461538461538,0
1/25/1997,0,0
1/26/1997,0,0
1/27/1997,0,0
1/28/1997,0,0
1/29/1997,0,0
1/30/1997,0,0
1/31/1997,0,0
2/1/1997,0,0
2/2/1997,0,0
2/3/1997,0,0
2/4/1997,0,0
2/5/1997,0.084613077,0
2/6/1997,0,0
2/7/1997,0,0
2/8/1997,0,0
2/9/1997,0,0
2/10/1997,0,0
2/11/1997,0.5575021538461539,0
2/12/1997,0,0
2/13/1997,0,0
2/14/1997,0,0
2/15/1997,0,0
2/16/1997,0,0
2/17/1997,0,0
2/18/1997,0,0
2/19/1997,0,0
2/20/1997,0,0
2/21/1997,0.006550615,0
2/22/1997,0.27094230769230765,0
2/23/1997,2.8024462307692315,0
2/24/1997,0,0
2/25/1997,0,0
2/26/1997,0,0
2/27/1997,0,0
2/28/1997,0,0
3/1/1997,0,0
3/2/1997,0,0
3/3/1997,0,0
3/4/1997,0,0
3/5/1997,0,0
3/6/1997,0,0
3/7/1997,0,0
3/8/1997,0,0
3/9/1997,0,0
3/10/1997,0,0
3/11/1997,0,0
3/12/1997,0,0
3/13/1997,0,0
3/14/1997,0,0
3/15/1997,0,0
3/16/1997,0,0
3/17/1997,0,0
3/18/1997,0,0
3/19/1997,0,0
3/20/1997,0,0
3/21/1997,0,0
3/22/1997,0,0
3/23/1997,0,0
3/24/1997,0.7104884615384616,0
3/25/1997,2.681668461538462,0
3/26/1997,16.86007692307692,0
3/27/1997,0.3399269999999999,0
3/28/1997,1.3683515384615386,0
3/29/1997,7.816591384615385,0
3/30/1997,1.8450896153846155,0
3/31/1997,2.8484223076923074,0
4/1/1997,0.8289038461538462,0
4/2/1997,0.4072715384615384,0
4/3/1997,3.6673576923076916,0
4/4/1997,11.75022307692308,0
4/5/1997,19.290853846153844,0
4/6/1997,9.668038461538462,0
4/7/1997,0.007464615,0
4/8/1997,0,0
4/9/1997,0,0
4/10/1997,2.195600769230769,0
4/11/1997,0.6933556153846153,0
4/12/1997,4.099591538461539,0
4/13/1997,4.957828461538461,0
4/14/1997,1.7823836923076923,0
4/15/1997,0,0
4/16/1997,1.8232653846153846,0
4/17/1997,0.013424923076923076,0
4/18/1997,3.624672230769231,0
4/19/1997,0,0
4/20/1997,5.685730769230769,0
4/21/1997,0.8125167692307692,0
4/22/1997,0.18585361538461537,0
4/23/1997,0,0
4/24/1997,0,0
4/25/1997,5.909427692307692,0
4/26/1997,1.7553021538461537,0
4/27/1997,0.2520484615384615,0
4/28/1997,2.642639231,0
4/29/1997,7.800723076923076,0
4/30/1997,2.3373383846153843,0
5/1/1997,0.009387154,0
5/2/1997,8.611492307692307,0
5/3/1997,0.020752384615384614,0
5/4/1997,0,0
5/5/1997,0.6241477692307693,0
5/6/1997,0.6254929230769231,0
5/7/1997,0.28721230769230766,0
5/8/1997,0,0
5/9/1997,0.040540615,0
5/10/1997,3.1456684615384614,0
5/11/1997,0.049012153846153844,0
5/12/1997,0,0
5/13/1997,0.3093653076923077,0
5/14/1997,0,0
5/15/1997,0,0
5/16/1997,2.586298153846154,0
5/17/1997,0.9473292307692307,0
5/18/1997,0.052885385,0
5/19/1997,1.7413861538461537,0
5/20/1997,0.018001153846153844,0
5/21/1997,0,0
5/22/1997,0,0
5/23/1997,0,0
5/24/1997,0,0
5/25/1997,5.863923076923077,0
5/26/1997,5.61679,0
5/27/1997,1.2494430769230769,0
5/28/1997,0.6181002307692308,0
5/29/1997,0,0
5/30/1997,0.005126231,0
5/31/1997,2.576228461538461,0
6/1/1997,1.7277138461538462,0
6/2/1997,4.266618461538462,0
6/3/1997,1.3885707692307692,0
6/4/1997,0,0
6/5/1997,5.360633153846154,0
6/6/1997,0.1216630769230769,0
6/7/1997,0,0
6/8/1997,0.046259846,0
6/9/1997,0.14927461538461537,0
6/10/1997,0.26679092307692304,0
6/11/1997,0.5706421538461538,0
6/12/1997,7.137832461538462,0
6/13/1997,4.59566,0
6/14/1997,0.648356846,0
6/15/1997,0,0
6/16/1997,2.513336153846154,0
6/17/1997,3.226883076923077,0
6/18/1997,16.65560769230769,0
6/19/1997,12.017234615384618,0
6/20/1997,14.286892307692309,0
6/21/1997,14.296423076923077,0
6/22/1997,1.3895921538461538,0
6/23/1997,3.2851869230769233,0
6/24/1997,8.140230769230769,0
6/25/1997,2.024402307692308,0
6/26/1997,8.236969231,0
6/27/1997,19.928084615384616,0
6/28/1997,74.55676923076923,0
6/29/1997,29.71040769230769,0
6/30/1997,3.372926384615385,0
7/1/1997,4.520781538461538,0
7/2/1997,10.094446153846153,0
7/3/1997,14.421530769230769,0
7/4/1997,11.945815384615385,0
7/5/1997,6.421692307692307,0
7/6/1997,3.401263846153846,0
7/7/1997,5.350384615384616,0
7/8/1997,2.756197692307692,0
7/9/1997,2.0265430769230766,0
7/10/1997,0.3439434615384615,0
7/11/1997,0.4929707692307692,0
7/12/1997,0.2583453076923077,0
7/13/1997,0.6481669230769231,0
7/14/1997,0,0
7/15/1997,0,0
7/16/1997,0.27733076923076927,0
7/17/1997,8.427490231,0
7/18/1997,0.3722253076923077,0
7/19/1997,2.1353261538461537,0
7/20/1997,14.501338461538467,0
7/21/1997,14.971953846153847,0
7/22/1997,9.458107692307694,0
7/23/1997,19.647292307692307,0
7/24/1997,4.090569230769231,0
7/25/1997,16.748538461538462,0
7/26/1997,6.234769231,0
7/27/1997,5.899739231,0
7/28/1997,2.5067746153846153,0
7/29/1997,1.9832861538461541,0
7/30/1997,14.43573076923077,0
7/31/1997,86.81246153846153,0
8/1/1997,62.123153846153855,0
8/2/1997,4.488767692307693,0
8/3/1997,1.4316623076923076,0.2
8/4/1997,6.610236846153847,0.2
8/5/1997,58.04853846153847,0.2
8/6/1997,133.30238461538463,0.2
8/7/1997,46.521253846153854,0.2
8/8/1997,0.1752607692307692,0.2
8/9/1997,2.3051192307692308,0.2
8/10/1997,3.5552546153846154,0.2
8/11/1997,11.188576923076925,0.2
8/12/1997,11.883976923076926,0.2
8/13/1997,13.176707692307692,0.2
8/14/1997,3.3821462307692305,0.2
8/15/1997,2.2752226153846156,0.2
8/16/1997,19.086499999999997,0.2
8/17/1997,8.283453846153845,0.2
8/18/1997,3.432513846153846,0.2
8/19/1997,8.332423076923076,0.2
8/20/1997,19.621961538461537,0.2
8/21/1997,39.91969230769231,0.2
8/22/1997,50.671076923076924,0.2
8/23/1997,8.837569230769232,0.2
8/24/1997,4.871707692307693,0.2
8/25/1997,6.243541538461538,0.2
8/26/1997,0.7962291538461539,0.2
8/27/1997,0.6439216923076923,0
8/28/1997,29.469,0
8/29/1997,17.947230769230767,0
8/30/1997,36.116692307692304,0
8/31/1997,9.206371538,0
9/1/1997,2.797344615384615,0
9/2/1997,9.826761538461538,0
9/3/1997,2.971160769230769,0
9/4/1997,0.933866,0
9/5/1997,1.7074536923076917,0
9/6/1997,0.8019469230769231,0
9/7/1997,3.3853992307692304,0
9/8/1997,13.280238461538463,0
9/9/1997,53.04076923076923,0
9/10/1997,17.861869230769233,0
9/11/1997,19.47616923076923,0
9/12/1997,21.986576923076925,0
9/13/1997,5.936597692307691,0
9/14/1997,2.0162730769230772,0
9/15/1997,1.5145676923076923,0
9/16/1997,1.1805287692307695,0
9/17/1997,1.4889086923076922,0
9/18/1997,10.104299999999999,0
9/19/1997,3.2163953846153843,0
9/20/1997,1.6872946153846156,0
9/21/1997,0.4993892307692308,0
9/22/1997,3.5419061538461536,0
9/23/1997,0.074316538,0
9/24/1997,1.2262261538461539,0
9/25/1997,3.767033076923077,0
9/26/1997,15.556184615384616,0
9/27/1997,41.619846153846154,0
9/28/1997,0.003780385,0
9/29/1997,1.314740769230769,0
9/30/1997,2.650326,0
10/1/1997,6.708569230769232,0
10/2/1997,5.092625,0
10/3/1997,0.5017223076923076,0
10/4/1997,0.072922846,0
10/5/1997,1.4484477692307691,0
10/6/1997,1.855251153846154,0
10/7/1997,0.8145816153846154,0
10/8/1997,0.9921446153846154,0
10/9/1997,0.002643923,0
10/10/1997,0.2604032307692308,0
10/11/1997,1.1842553846153847,0
10/12/1997,0,0
10/13/1997,0.018126923076923075,0
10/14/1997,0.004029385,0
10/15/1997,0.098545385,0
10/16/1997,0.011341846153846154,0
10/17/1997,0,0
10/18/1997,0.8543009230769231,0
10/19/1997,0,0
10/20/1997,2.586553846153846,0
10/21/1997,0,0
10/22/1997,0.29790692307692307,0
10/23/1997,0,0
10/24/1997,5.819493846153846,0
10/25/1997,0.047553923,0
10/26/1997,0.014501538461538462,0
10/27/1997,0,0
10/28/1997,0,0
10/29/1997,0.3695066153846154,0
10/30/1997,0,0
10/31/1997,0.34586692307692307,0
11/1/1997,0.4153969230769231,0
11/2/1997,0.1307763076923077,0
11/3/1997,0.012379230769230769,0
11/4/1997,0,0
11/5/1997,0,0
11/6/1997,0,0
11/7/1997,0,0
11/8/1997,0,0
11/9/1997,0,0
11/10/1997,0.004927462,0
11/11/1997,0,0
11/12/1997,0,0
11/13/1997,0,0
11/14/1997,0,0
11/15/1997,0.005360462,0
11/16/1997,8.704495384615385,0
11/17/1997,0.032885692,0
11/18/1997,0,0
11/19/1997,0.006265846,0
11/20/1997,0.5089277692307692,0
11/21/1997,2.600901846153846,0
11/22/1997,0,0
11/23/1997,0,0
11/24/1997,0,0
11/25/1997,0,0
11/26/1997,0,0
11/27/1997,3.5952392307692307,0
11/28/1997,1.380607692307692,0
11/29/1997,1.096523076923077,0
11/30/1997,1.7094438461538461,0
12/1/1997,1.7666469230769233,0
12/2/1997,1.567053076923077,0
12/3/1997,0.5219356923076922,0
12/4/1997,2.640183076923077,0
12/5/1997,7.112330769230768,0
12/6/1997,0,0
12/7/1997,0,0
12/8/1997,0.9078574615384615,0
12/9/1997,2.8885029230769232,0
12/10/1997,4.0471330769230764,0
12/11/1997,8.212200000000001,0
12/12/1997,0.8357592307692308,0
12/13/1997,0,0
12/14/1997,16.352723846153843,0
12/15/1997,15.957268307692306,0
12/16/1997,3.6952277692307693,0
12/17/1997,0,0
12/18/1997,0,0
12/19/1997,0,0
12/20/1997,0,0
12/21/1997,0,0
12/22/1997,0,0
12/23/1997,0,0
12/24/1997,0,0
12/25/1997,0,0
12/26/1997,0.7776508461538459,0
12/27/1997,0.24108615384615387,0
12/28/1997,0,0
12/29/1997,0,0
12/30/1997,0.7444390769230769,0
12/31/1997,0.5725799230769231,0
1/1/1998,1.3748230769230771,0
1/2/1998,0.48207307692307694,0
1/3/1998,0,0
1/4/1998,0,0
1/5/1998,0,0
1/6/1998,0,0
1/7/1998,0,0
1/8/1998,0,0
1/9/1998,0,0
1/10/1998,0,0
1/11/1998,0,0
1/12/1998,0,0
1/13/1998,0,0
1/14/1998,0,0
1/15/1998,0,0
1/16/1998,0,0
1/17/1998,0,0
1/18/1998,0,0
1/19/1998,2.9821107692307693,0
1/20/1998,8.750707692,0
1/21/1998,13.812090769230768,0
1/22/1998,0.29543353846153847,0
1/23/1998,0.7551769230769232,0
1/24/1998,0,0
1/25/1998,0,0
1/26/1998,0.7237906153846154,0
1/27/1998,1.080922153846154,0
1/28/1998,0.8709852307692307,0
1/29/1998,0.082519,0
1/30/1998,0,0
1/31/1998,0.19675884615384612,0
2/1/1998,0.8255769230769231,0
2/2/1998,0,0
2/3/1998,0,0
2/4/1998,1.062925230769231,0
2/5/1998,1.4078161538461536,0
2/6/1998,0.10403907692307694,0
2/7/1998,4.796554615384616,0
2/8/1998,11.769830769230769,0
2/9/1998,2.3227719230769224,0
2/10/1998,0,0
2/11/1998,0,0
2/12/1998,0,0
2/13/1998,0,0
2/14/1998,0,0
2/15/1998,0,0
2/16/1998,0,0
2/17/1998,3.8428800000000005,0
2/18/1998,2.254896923076923,0
2/19/1998,0,0
2/20/1998,6.170053846153848,0
2/21/1998,0.099182308,0
2/22/1998,1.1804780000000001,0
2/23/1998,0.2563140769230769,0
2/24/1998,5.937421461538462,0
2/25/1998,10.747060000000001,0
2/26/1998,3.622595384615385,0
2/27/1998,0,0
2/28/1998,1.0159783846153847,0
3/1/1998,0.9048615384615384,0
3/2/1998,0.170971,0
3/3/1998,0.5724223076923077,0
3/4/1998,0,0
3/5/1998,0,0
3/6/1998,0,0
3/7/1998,0,0
3/8/1998,6.531723846153846,0
3/9/1998,2.3690269230769228,0
3/10/1998,0.21013615384615386,0
3/11/1998,0,0
3/12/1998,0,0
3/13/1998,0,0
3/14/1998,14.429785384615384,0
3/15/1998,11.673107692307694,0
3/16/1998,0.25544738461538463,0
3/17/1998,14.537624615384614,0
3/18/1998,0.6669406153846155,0
3/19/1998,1.0733592307692308,0
3/20/1998,0.15981100000000004,0
3/21/1998,0,0
3/22/1998,0,0
3/23/1998,0,0
3/24/1998,0,0
3/25/1998,1.696934076923077,0
3/26/1998,0.034595385,0
3/27/1998,0,0
3/28/1998,0,0
3/29/1998,0.14651276923076925,0
3/30/1998,3.4923023076923077,0
3/31/1998,12.774469230769231,0
4/1/1998,0.021641307692307692,0
4/2/1998,0.23480146153846157,0
4/3/1998,0.074112692,0
4/4/1998,0,0
4/5/1998,3.307243846153846,0
4/6/1998,4.019949769230769,0
4/7/1998,0.6242707692307692,0
4/8/1998,0.10376207692307692,0
4/9/1998,1.0174815384615383,0
4/10/1998,0.037145692,0
4/11/1998,0.17235153846153844,0
4/12/1998,0,0
4/13/1998,0,0
4/14/1998,0,0
4/15/1998,5.7533615384615375,0
4/16/1998,0,0
4/17/1998,0.008053077,0
4/18/1998,0,0
4/19/1998,0,0
4/20/1998,0,0
4/21/1998,0,0
4/22/1998,0,0
4/23/1998,0.062178615,0
4/24/1998,5.438076153846153,0
4/25/1998,7.850323076923076,0
4/26/1998,2.3206746153846156,0
4/27/1998,0.034736385,0
4/28/1998,0.23861923076923078,0
4/29/1998,17.874515384615385,0
4/30/1998,9.582953846153845,0
5/1/1998,0.045505692,0
5/2/1998,0,0
5/3/1998,0.043671,0
5/4/1998,0.3418684615384615,0
5/5/1998,0.014826923076923078,0
5/6/1998,0.47207846153846156,0
5/7/1998,2.5846076923076926,0
5/8/1998,0.6311416153846154,0
5/9/1998,5.553184615384615,0
5/10/1998,13.123699999999998,0
5/11/1998,6.088723076923078,0
5/12/1998,7.552836153846153,0
5/13/1998,8.993718462,0
5/14/1998,2.230508461538461,0
5/15/1998,3.222776153846154,0
5/16/1998,0,0
5/17/1998,0,0
5/18/1998,0,0
5/19/1998,0.002855462,0
5/20/1998,0,0
5/21/1998,0,0
5/22/1998,0,0
5/23/1998,0.10712769230769228,0
5/24/1998,0,0
5/25/1998,0,0
5/26/1998,0,0
5/27/1998,0,0
5/28/1998,0,0
5/29/1998,0,0
5/30/1998,0,0
5/31/1998,0.32685969230769235,0
6/1/1998,0,0
6/2/1998,0,0
6/3/1998,0.13957123076923075,0
6/4/1998,0,0
6/5/1998,0,0
6/6/1998,3.792915384615384,0
6/7/1998,0.16455692307692307,0
6/8/1998,5.48341,0
6/9/1998,1.6659815384615382,0
6/10/1998,0,0
6/11/1998,0,0
6/12/1998,0,0
6/13/1998,1.0905009230769231,0
6/14/1998,6.005484615384615,0
6/15/1998,15.334100000000003,0
6/16/1998,13.021630769230768,0
6/17/1998,0.6211669230769231,0
6/18/1998,0.6497699999999997,0
6/19/1998,0,0
6/20/1998,5.5495536923076925,0
6/21/1998,7.063908461538461,0
6/22/1998,2.0699370000000004,0
6/23/1998,1.2823823076923078,0
6/24/1998,28.367230769230765,0
6/25/1998,22.476600769230767,0
6/26/1998,30.787976923076922,0
6/27/1998,6.1192769230769235,0
6/28/1998,23.165399999999998,0
6/29/1998,6.333653846153846,0
6/30/1998,6.314864615384615,0
7/1/1998,25.072615384615386,0
7/2/1998,12.400876923076924,0
7/3/1998,10.585323076923077,0
7/4/1998,14.104929999999998,0
7/5/1998,11.656930769230769,0
7/6/1998,4.372910769230769,0
7/7/1998,3.4983838461538457,0
7/8/1998,7.569969230769231,0
7/9/1998,5.334838461538462,0
7/10/1998,2.802807692307692,0
7/11/1998,3.469370076923077,0
7/12/1998,2.247439230769231,0
7/13/1998,16.644650769230772,0
7/14/1998,14.788024615384616,0
7/15/1998,9.712592307692308,0
7/16/1998,6.261293076923077,0
7/17/1998,5.394856923076921,0
7/18/1998,4.5305,0
7/19/1998,13.845046153846152,0
7/20/1998,17.202123076923076,0
7/21/1998,1.5662565384615386,0
7/22/1998,0.077079231,0
7/23/1998,6.392086153846153,0
7/24/1998,1.3027038461538463,0
7/25/1998,1.4622253846153845,0
7/26/1998,7.605789230769231,0
7/27/1998,4.189048461538461,0
7/28/1998,10.163949230769232,0
7/29/1998,8.994738461538464,0
7/30/1998,14.045569230769226,0
7/31/1998,5.511169231,0
8/1/1998,1.5836741538461536,0
8/2/1998,0.7563976923076924,0
8/3/1998,10.848422307692308,0
8/4/1998,4.790916923076923,0
8/5/1998,8.835953846153847,0
8/6/1998,3.265864615384615,0
8/7/1998,1.3129730769230767,0
8/8/1998,2.265893846153846,0
8/9/1998,13.108830769230773,0
8/10/1998,1.9035719230769235,0
8/11/1998,14.411407692307694,0
8/12/1998,4.180724615384615,0
8/13/1998,15.06168923076923,0
8/14/1998,1.5005492307692307,0
8/15/1998,10.459792307692307,0
8/16/1998,8.910369230769232,0
8/17/1998,7.529131384615386,0
8/18/1998,0.5008361538461539,0
8/19/1998,1.2218907692307692,0
8/20/1998,19.10683846153846,0
8/21/1998,4.878082307692308,0
8/22/1998,6.2614,0
8/23/1998,0.8110298461538462,0
8/24/1998,5.322378538461537,0
8/25/1998,5.881493076923077,0
8/26/1998,3.594815384615384,0
8/27/1998,1.6847453846153848,0
8/28/1998,16.845384615384617,0
8/29/1998,17.30660769230769,0
8/30/1998,1.3712710000000001,0
8/31/1998,0.9792738461538464,0
9/1/1998,1.4058148461538462,0
9/2/1998,10.261576923076923,0
9/3/1998,9.622723076923076,0
9/4/1998,8.198638461538463,0
9/5/1998,3.021003076923076,0
9/6/1998,3.0142529230769233,0
9/7/1998,16.78226153846154,0
9/8/1998,17.660753846153845,0
9/9/1998,10.918638461538462,0
9/10/1998,13.16103076923077,0
9/11/1998,5.132841538461539,0
9/12/1998,44.469307692307694,0
9/13/1998,30.292769230769235,0
9/14/1998,10.214705384615383,0
9/15/1998,8.31334,0
9/16/1998,14.534638461538462,0
9/17/1998,1.9847846153846156,0
9/18/1998,0.2335803076923077,0
9/19/1998,2.130698384615385,0
9/20/1998,0.086520462,0
9/21/1998,10.514158461538463,0
9/22/1998,15.412846153846154,0
9/23/1998,6.327938462,0
9/24/1998,5.477653846153846,0
9/25/1998,3.244952307692308,0
9/26/1998,2.902818461538462,0
9/27/1998,0.6053692307692308,0
9/28/1998,1.029093076923077,0
9/29/1998,1.4287853846153846,0
9/30/1998,4.549088461538462,0
10/1/1998,0.8197899999999999,0
10/2/1998,6.058696153846153,0
10/3/1998,3.5015784615384615,0
10/4/1998,0.3022646153846154,0
10/5/1998,2.048520307692308,0
10/6/1998,2.8691802307692313,0
10/7/1998,4.2178355384615385,0
10/8/1998,1.348917692307692,0
10/9/1998,0.080290769,0
10/10/1998,0.007473615,0
10/11/1998,0.3388368461538461,0
10/12/1998,0.6836586153846154,0
10/13/1998,0.519559923,0
10/14/1998,1.7631616153846157,0
10/15/1998,10.335013846153847,0
10/16/1998,11.411792307692306,0
10/17/1998,2.739146153846154,0
10/18/1998,2.281941615384615,0
10/19/1998,5.680730769230771,0
10/20/1998,0.4080553846153846,0
10/21/1998,7.068698461538462,0
10/22/1998,5.045587692307692,0
10/23/1998,5.0060607692307695,0
10/24/1998,1.8511569230769231,0
10/25/1998,3.1842394615384624,0
10/26/1998,1.0814299999999997,0
10/27/1998,2.1279692307692306,0
10/28/1998,0.43443076923076923,0
10/29/1998,0.4967263846153847,0
10/30/1998,0,0
10/31/1998,8.464953846153849,0
11/1/1998,2.729904615384615,0
11/2/1998,9.811281538461538,0
11/3/1998,1.546653076923077,0
11/4/1998,8.004246153846154,0
11/5/1998,1.7926984615384616,0
11/6/1998,0,0
11/7/1998,3.8672461538461533,0
11/8/1998,1.6491307692307693,0
11/9/1998,0,0
11/10/1998,0.5941527692307692,0
11/11/1998,12.020046153846152,0
11/12/1998,4.041284384615384,0
11/13/1998,14.268292307692308,0
11/14/1998,0,0
11/15/1998,0,0
11/16/1998,4.588941076923077,0
11/17/1998,19.3765,0
11/18/1998,1.7774854615384614,0
11/19/1998,0.626897,0
11/20/1998,0,0
11/21/1998,0,0
11/22/1998,0,0
11/23/1998,0,0
11/24/1998,0,0
11/25/1998,0,0
11/26/1998,0,0
11/27/1998,0,0
11/28/1998,0,0
11/29/1998,0,0
11/30/1998,0,0
12/1/1998,0,0
12/2/1998,0,0
12/3/1998,0,0
12/4/1998,0,0
12/5/1998,0,0
12/6/1998,0,0
12/7/1998,0,0
12/8/1998,0,0
12/9/1998,0,0
12/10/1998,0,0
12/11/1998,0,0
12/12/1998,0,0
12/13/1998,0,0
12/14/1998,0,0
12/15/1998,0,0
12/16/1998,0,0
12/17/1998,0,0
12/18/1998,0,0
12/19/1998,0,0
12/20/1998,0,0
12/21/1998,0,0
12/22/1998,0,0
12/23/1998,0,0
12/24/1998,0,0
12/25/1998,0,0
12/26/1998,0,0
12/27/1998,0,0
12/28/1998,0,0
12/29/1998,0,0
12/30/1998,0,0
12/31/1998,0,0
1/1/1999,0,0
1/2/1999,0,0
1/3/1999,0,0
1/4/1999,0,0
1/5/1999,0,0
1/6/1999,0,0
1/7/1999,0,0
1/8/1999,0,0
1/9/1999,0,0
1/10/1999,0.021987846153846153,0
1/11/1999,0,0
1/12/1999,0,0
1/13/1999,0,0
1/14/1999,0,0
1/15/1999,0,0
1/16/1999,0,0
1/17/1999,0,0
1/18/1999,0,0
1/19/1999,0,0
1/20/1999,0,0
1/21/1999,0,0
1/22/1999,0,0
1/23/1999,0,0
1/24/1999,0,0
1/25/1999,0,0
1/26/1999,0,0
1/27/1999,0,0
1/28/1999,0,0
1/29/1999,0,0
1/30/1999,0,0
1/31/1999,0,0
2/1/1999,0,0
2/2/1999,0,0
2/3/1999,0,0
2/4/1999,0,0
2/5/1999,0,0
2/6/1999,0,0
2/7/1999,0,0
2/8/1999,0,0
2/9/1999,0,0
2/10/1999,0,0
2/11/1999,0,0
2/12/1999,0,0
2/13/1999,0,0
2/14/1999,0,0
2/15/1999,0,0
2/16/1999,0,0
2/17/1999,0,0
2/18/1999,0,0
2/19/1999,0,0
2/20/1999,0,0
2/21/1999,0,0
2/22/1999,0,0
2/23/1999,0,0
2/24/1999,0,0
2/25/1999,0,0
2/26/1999,0,0
2/27/1999,0,0
2/28/1999,0,0
3/1/1999,0,0
3/2/1999,0,0
3/3/1999,0,0
3/4/1999,0,0
3/5/1999,0,0
3/6/1999,0,0
3/7/1999,0,0
3/8/1999,0,0
3/9/1999,0,0
3/10/1999,0,0
3/11/1999,0,0
3/12/1999,0,0
3/13/1999,0,0
3/14/1999,0,0
3/15/1999,0,0
3/16/1999,0,0
3/17/1999,0,0
3/18/1999,0,0
3/19/1999,0,0
3/20/1999,0,0
3/21/1999,0,0
3/22/1999,0,0
3/23/1999,0,0
3/24/1999,0,0
3/25/1999,0,0
3/26/1999,0,0
3/27/1999,0.12334615384615384,0
3/28/1999,0,0
3/29/1999,0,0
3/30/1999,0,0
3/31/1999,0,0
4/1/1999,0,0
4/2/1999,0,0
4/3/1999,0,0
4/4/1999,0,0
4/5/1999,0,0
4/6/1999,0,0
4/7/1999,0,0
4/8/1999,0,0
4/9/1999,0,0
4/10/1999,0,0
4/11/1999,0,0
4/12/1999,0,0
4/13/1999,0,0
4/14/1999,0,0
4/15/1999,0,0
4/16/1999,0,0
4/17/1999,0,0
4/18/1999,0,0
4/19/1999,0,0
4/20/1999,0,0
4/21/1999,0,0
4/22/1999,0,0
4/23/1999,0,0
4/24/1999,0,0
4/25/1999,0,0
4/26/1999,0,0
4/27/1999,0,0
4/28/1999,0.11645615384615386,0
4/29/1999,0,0
4/30/1999,0,0
5/1/1999,0.009479385,0
5/2/1999,0,0
5/3/1999,0,0
5/4/1999,0.20651923076923076,0
5/5/1999,0,0
5/6/1999,0.40386076923076913,0
5/7/1999,1.9341592307692308,0
5/8/1999,0,0
5/9/1999,0,0
5/10/1999,0,0
5/11/1999,1.4239546923076922,0
5/12/1999,1.180133076923077,0
5/13/1999,3.1506821538461534,0
5/14/1999,2.8646523076923076,0
5/15/1999,3.692530769230769,0
5/16/1999,18.991523076923077,0
5/17/1999,3.2744169230769224,0
5/18/1999,18.864803076923074,0
5/19/1999,1.3873376923076923,0
5/20/1999,0.094056923,0
5/21/1999,3.4688930769230764,0
5/22/1999,5.867221538461539,0
5/23/1999,29.30112384615385,0
5/24/1999,6.482315384615385,0
5/25/1999,10.450192307692307,0
5/26/1999,4.003957692307693,0
5/27/1999,4.580153846153847,0
5/28/1999,23.326538461538462,0
5/29/1999,13.398646153846155,0
5/30/1999,1.5542715384615384,0
5/31/1999,0.3380320769230769,0
6/1/1999,0,0
6/2/1999,0,0
6/3/1999,0,0
6/4/1999,0.5095052307692309,0
6/5/1999,0,0
6/6/1999,0.9754561538461538,0
6/7/1999,0.3326478461538461,0
6/8/1999,1.76498,0
6/9/1999,0.7238820769230769,0
6/10/1999,0.536442,0
6/11/1999,13.998481538461537,0
6/12/1999,16.912207692307692,0
6/13/1999,12.06629230769231,0
6/14/1999,2.6702476923076923,0
6/15/1999,5.491318461538461,0
6/16/1999,9.396356923076924,0
6/17/1999,10.707653846153846,0
6/18/1999,11.51862307692308,0
6/19/1999,27.734307692307695,0
6/20/1999,11.31544030769231,0
6/21/1999,27.098226923076922,0
6/22/1999,28.255876923076926,0
6/23/1999,20.88453846153846,0
6/24/1999,4.726313076923077,0
6/25/1999,0.9002184615384614,0
6/26/1999,0,0
6/27/1999,0,0
6/28/1999,0,0
6/29/1999,7.141069230769231,0
6/30/1999,4.885192307692307,0
7/1/1999,3.1642454615384614,0
7/2/1999,2.890120615384615,0
7/3/1999,0.22266646153846154,0
7/4/1999,0.23432323076923073,0
7/5/1999,21.705685384615382,0
7/6/1999,13.153830769230767,0
7/7/1999,7.442763076923077,0
7/8/1999,1.8973930769230771,0
7/9/1999,13.677107692307695,0
7/10/1999,4.194606153846154,0
7/11/1999,2.3211899999999996,0
7/12/1999,1.066427076923077,0
7/13/1999,16.939634615384616,0
7/14/1999,10.368953846153847,0
7/15/1999,52.18438461538461,0
7/16/1999,23.846430769230764,0
7/17/1999,1.6235516153846155,0
7/18/1999,2.2855999999999996,0
7/19/1999,11.548215384615382,0
7/20/1999,4.849307692307692,0
7/21/1999,3.730669230769231,0
7/22/1999,7.914392307692308,0
7/23/1999,3.0916615384615387,0
7/24/1999,9.340653846153845,0
7/25/1999,0.4311326923076923,0
7/26/1999,0.15078353846153847,0
7/27/1999,13.763984615384617,0
7/28/1999,7.975423076923078,0
7/29/1999,37.83653846153847,0
7/30/1999,9.840346153846154,0
7/31/1999,10.837176923076923,0
8/1/1999,2.468586923076923,0
8/2/1999,9.854623076923076,0
8/3/1999,4.6025,0
8/4/1999,20.69847692307692,0
8/5/1999,6.851999999999999,0
8/6/1999,3.5006369230769234,0
8/7/1999,5.690416923076922,0
8/8/1999,14.741823076923076,0
8/9/1999,32.729838461538456,0
8/10/1999,24.469053846153848,0
8/11/1999,2.261163846153846,0
8/12/1999,0.3845792307692308,0
8/13/1999,7.915977692307692,0
8/14/1999,0.424058,0
8/15/1999,2.7247978461538462,0
8/16/1999,0.9515115384615386,0
8/17/1999,0.6242448461538461,0
8/18/1999,8.117146153846154,0
8/19/1999,3.816167692307692,0
8/20/1999,11.771350769230768,0
8/21/1999,7.483826153846154,0
8/22/1999,2.198223846153846,0
8/23/1999,11.949237846153848,0
8/24/1999,1.6348403076923075,0
8/25/1999,17.568184615384617,0
8/26/1999,3.1866753846153846,0
8/27/1999,0.17153630769230765,0
8/28/1999,14.877323076923075,0
8/29/1999,10.735115384615385,0
8/30/1999,3.469515384615384,0
8/31/1999,1.4727576923076922,0
9/1/1999,13.865983846153846,0
9/2/1999,15.66064230769231,0
9/3/1999,3.368675384615384,0
9/4/1999,1.0718616153846154,0
9/5/1999,1.0586292307692309,0
9/6/1999,3.506230769230769,0
9/7/1999,7.086957692307692,0
9/8/1999,1.5266046153846156,0
9/9/1999,4.684846153846154,0
9/10/1999,12.498253846153846,0
9/11/1999,9.224992307692306,0
9/12/1999,14.019961538461539,0
9/13/1999,17.565369230769235,0
9/14/1999,33.957084615384616,0
9/15/1999,48.917692307692306,0
9/16/1999,12.639053846153846,0
9/17/1999,1.8988320000000003,0
9/18/1999,3.191767692307692,0
9/19/1999,0.4832661538461539,0
9/20/1999,2.9213796923076925,0
9/21/1999,1.2701176923076924,0
9/22/1999,8.067753846153845,0
9/23/1999,7.301038461538462,0
9/24/1999,6.435304384615384,0
9/25/1999,3.6574323076923076,0
9/26/1999,2.1275669230769227,0
9/27/1999,0.930009923,0
9/28/1999,2.0114392307692306,0
9/29/1999,16.363861538461535,0
9/30/1999,3.3055543846153843,0
10/1/1999,3.247227692307692,0
10/2/1999,0.3743630769230769,0
10/3/1999,0,0
10/4/1999,1.6551168461538464,0
10/5/1999,0.8931603076923077,0
10/6/1999,0.30698269230769226,0
10/7/1999,3.7068430769230765,0
10/8/1999,4.1017561538461536,0
10/9/1999,4.5270523076923075,0
10/10/1999,6.968676923076923,0
10/11/1999,7.052455384615385,0
10/12/1999,0,0
10/13/1999,0,0
10/14/1999,0,0
10/15/1999,0.002887,0
10/16/1999,0.9840478461538462,0
10/17/1999,2.569691538461538,0
10/18/1999,24.59896153846154,0
10/19/1999,107.029,0
10/20/1999,24.52094615384615,0
10/21/1999,3.4325330769230766,0
10/22/1999,5.431406153846154,0
10/23/1999,2.5011923076923077,0
10/24/1999,1.5243561538461539,0
10/25/1999,0.8208507692307693,0
10/26/1999,4.590003076923077,0
10/27/1999,1.8587338461538463,0
10/28/1999,0.097613077,0
10/29/1999,0.2019162307692308,0
10/30/1999,17.33167692307692,0
10/31/1999,39.087245384615386,0
11/1/1999,19.83317153846154,0
11/2/1999,4.388917692307691,0
11/3/1999,5.633965384615385,0
11/4/1999,7.821558307692308,0
11/5/1999,0.7188061538461537,0
11/6/1999,0,0
11/7/1999,0,0
11/8/1999,0,0
11/9/1999,0,0
11/10/1999,0,0
11/11/1999,0,0
11/12/1999,0,0
11/13/1999,0,0
11/14/1999,0,0
11/15/1999,0,0
11/16/1999,0,0
11/17/1999,0,0
11/18/1999,0,0
11/19/1999,0,0
11/20/1999,0,0
11/21/1999,0,0
11/22/1999,0,0
11/23/1999,0,0
11/24/1999,0,0
11/25/1999,0,0
11/26/1999,0,0
11/27/1999,0,0
11/28/1999,0,0
11/29/1999,0,0
11/30/1999,0,0
12/1/1999,0,0
12/2/1999,0,0
12/3/1999,0,0
12/4/1999,0,0
12/5/1999,0,0
12/6/1999,0,0
12/7/1999,0,0
12/8/1999,0,0
12/9/1999,0,0
12/10/1999,0,0
12/11/1999,0,0
12/12/1999,0,0
12/13/1999,0,0
12/14/1999,0,0
12/15/1999,0,0
12/16/1999,0,0
12/17/1999,0,0
12/18/1999,0,0
12/19/1999,0,0
12/20/1999,0,0
12/21/1999,0,0
12/22/1999,0,0
12/23/1999,0,0
12/24/1999,0,0
12/25/1999,0,0
12/26/1999,0,0
12/27/1999,0,0
12/28/1999,0,0
12/29/1999,0,0
12/30/1999,0,0
12/31/1999,0,0
1/1/2000,0,0
1/2/2000,0,0
1/3/2000,0,0
1/4/2000,0,0
1/5/2000,0,0
1/6/2000,0,0
1/7/2000,0,0
1/8/2000,0,0
1/9/2000,0,0
1/10/2000,0,0
1/11/2000,0,0
1/12/2000,0,0
1/13/2000,0,0
1/14/2000,0,0
1/15/2000,0,0
1/16/2000,0,0
1/17/2000,0,0
1/18/2000,0.5462152307692308,0
1/19/2000,0,0
1/20/2000,0,0
1/21/2000,0,0
1/22/2000,0,0
1/23/2000,0.8417054615384616,0
1/24/2000,0,0
1/25/2000,0,0
1/26/2000,0,0
1/27/2000,0.16096153846153843,0
1/28/2000,0.18324384615384615,0
1/29/2000,0,0
1/30/2000,0.46562299999999995,0
1/31/2000,0,0
2/1/2000,0,0
2/2/2000,0,0
2/3/2000,0,0
2/4/2000,0,0
2/5/2000,0,0
2/6/2000,0,0
2/7/2000,0.005670538,0
2/8/2000,0.8674012307692307,0
2/9/2000,0.19603384615384614,0
2/10/2000,2.685574615384615,0
2/11/2000,1.5617546153846154,0
2/12/2000,0.071513846,0
2/13/2000,1.3193997692307693,0
2/14/2000,2.8476176923076917,0
2/15/2000,5.076523076923077,0
2/16/2000,0.7252707692307692,0
2/17/2000,0.6965098461538461,0
2/18/2000,0.013401923076923079,0
2/19/2000,13.91433923076923,0
2/20/2000,0.3164976923076923,0
2/21/2000,0,0
2/22/2000,1.367000769230769,0
2/23/2000,2.2875500000000004,0
2/24/2000,0.079823077,0
2/25/2000,0.027407692307692307,0
2/26/2000,0.8592107692307691,0
2/27/2000,0.5297015384615384,0
2/28/2000,0,0
2/29/2000,0,0
3/1/2000,0,0
3/2/2000,0,0
3/3/2000,0,0
3/4/2000,0,0
3/5/2000,0,0
3/6/2000,0,0
3/7/2000,0,0
3/8/2000,0,0
3/9/2000,0,0
3/10/2000,0,0
3/11/2000,0,0
3/12/2000,0,0
3/13/2000,0,0
3/14/2000,0,0
3/15/2000,0.3618506923076923,0
3/16/2000,0,0
3/17/2000,0,0
3/18/2000,0,0
3/19/2000,0,0
3/20/2000,0,0
3/21/2000,0,0
3/22/2000,0,0
3/23/2000,0,0
3/24/2000,0.7148836923076923,0
3/25/2000,0,0
3/26/2000,0,0
3/27/2000,0,0
3/28/2000,0,0
3/29/2000,0.26710315384615385,0
3/30/2000,0,0
3/31/2000,0,0
4/1/2000,0,0
4/2/2000,0,0
4/3/2000,0,0
4/4/2000,0,0
4/5/2000,0,0
4/6/2000,0,0
4/7/2000,0,0
4/8/2000,0,0
4/9/2000,0,0
4/10/2000,0.015911538461538463,0
4/11/2000,0,0
4/12/2000,0,0
4/13/2000,0,0
4/14/2000,0.8352249230769231,0
4/15/2000,0,0
4/16/2000,0.063385615,0
4/17/2000,2.505727615384615,0
4/18/2000,0.049599462,0
4/19/2000,0.3649815384615384,0
4/20/2000,0,0
4/21/2000,0.5537929230769231,0
4/22/2000,0,0
4/23/2000,0.9516105384615384,0
4/24/2000,0,0
4/25/2000,4.918453076923077,0
4/26/2000,0.3479869230769231,0
4/27/2000,0.10260630769230769,0
4/28/2000,0.4918983846153846,0
4/29/2000,2.224317384615385,0
4/30/2000,0,0
5/1/2000,0.008162231,0
5/2/2000,0.7937523076923078,0
5/3/2000,0,0
5/4/2000,0,0
5/5/2000,8.829439231,0
5/6/2000,0,0
5/7/2000,0.021450153846153844,15.7
5/8/2000,0.15605076923076922,15.7
5/9/2000,6.5424538461538475,15.7
5/10/2000,0.5648467692307693,15.7
5/11/2000,0.005261615,15.7
5/12/2000,2.2805538461538464,15.7
5/13/2000,0.7975638461538461,15.7
5/14/2000,4.621800692307692,15.7
5/15/2000,0.46718615384615375,15.7
5/16/2000,2.9526439230769226,15.7
5/17/2000,1.2990330769230771,15.7
5/18/2000,5.369242307692308,15.7
5/19/2000,0.41897846153846147,15.7
5/20/2000,0.741349077,15.7
5/21/2000,0.003892538,15.7
5/22/2000,7.858415384615385,15.7
5/23/2000,3.853577692307693,15.7
5/24/2000,9.004500000000002,15.7
5/25/2000,0.10750869230769232,15.7
5/26/2000,0.6354444615384616,15.7
5/27/2000,0.5469066153846154,15.7
5/28/2000,0,15.7
5/29/2000,0.1891389230769231,15.7
5/30/2000,1.2895030769230769,15.7
5/31/2000,8.272746153846153,3.2
6/1/2000,6.808393076923078,3.2
6/2/2000,22.0545,3.2
6/3/2000,0.011730769,3.2
6/4/2000,1.0813799999999998,3.2
6/5/2000,0.7342567692307692,3.2
6/6/2000,6.673023076923078,3.2
6/7/2000,19.645023076923074,3.2
6/8/2000,7.037192307692308,3.2
6/9/2000,1.4498162307692313,3.2
6/10/2000,0.42620615384615385,3.2
6/11/2000,0.070706923,3.2
6/12/2000,0.3999723076923077,3.2
6/13/2000,0.38115592307692303,3.2
6/14/2000,0.003006615,3.2
6/15/2000,9.438376923076923,3.2
6/16/2000,19.31710769230769,3.2
6/17/2000,26.16592307692308,3.2
6/18/2000,5.402059230769231,3.2
6/19/2000,5.0830069230769235,3.2
6/20/2000,5.630567692307693,3.2
6/21/2000,3.291196076923077,3.2
6/22/2000,1.0700161538461537,3.2
6/23/2000,0.7248509230769231,3.2
6/24/2000,2.6152153846153854,30.9
6/25/2000,0.023425385,30.9
6/26/2000,0,30.9
6/27/2000,3.2513530769230767,30.9
6/28/2000,17.137615384615387,30.9
6/29/2000,2.648226153846154,30.9
6/30/2000,10.399930769230767,30.9
7/1/2000,6.149076923076922,30.9
7/2/2000,0.7809947692307693,30.9
7/3/2000,0.004806385,30.9
7/4/2000,0.3782702307692307,30.9
7/5/2000,0.072734692,30.9
7/6/2000,0.019973846153846155,30.9
7/7/2000,0.12757984615384615,30.9
7/8/2000,0.20407076923076922,30.9
7/9/2000,0.4038473076923077,30.9
7/10/2000,9.441715384615383,30.9
7/11/2000,24.655507692307694,30.9
7/12/2000,7.020320769,30.9
7/13/2000,27.808384615384618,30.9
7/14/2000,10.097076923076923,30.9
7/15/2000,2.8034761538461535,30.9
7/16/2000,2.300086769230769,30.9
7/17/2000,23.77006923076923,30.9
7/18/2000,25.151000000000003,0
7/19/2000,30.287000000000003,0
7/20/2000,1.8225561538461537,0
7/21/2000,2.0149046153846153,0
7/22/2000,0.12449276923076923,0
7/23/2000,0.074033154,0
7/24/2000,2.3000015384615384,0
7/25/2000,1.9971115384615385,0
7/26/2000,2.3865369230769233,0
7/27/2000,7.090169230769231,0
7/28/2000,1.8956146153846152,0
7/29/2000,1.887271,0
7/30/2000,1.6099815384615386,0
7/31/2000,8.009276923076923,0
8/1/2000,3.7827746153846156,0
8/2/2000,6.256215384615384,0
8/3/2000,3.6427546153846158,0
8/4/2000,3.331075384615384,0
8/5/2000,0,0
8/6/2000,1.4578870769230767,0
8/7/2000,0.8157086153846153,0
8/8/2000,9.290992307692308,0
8/9/2000,8.11338,0
8/10/2000,3.784022307692307,0
8/11/2000,16.919423076923074,0
8/12/2000,7.783669230769231,0
8/13/2000,0.033790769,0
8/14/2000,2.663317692307692,0
8/15/2000,18.281676923076926,0
8/16/2000,17.4495,0
8/17/2000,8.160692307692308,0
8/18/2000,5.775123076923077,0
8/19/2000,30.907846153846155,0
8/20/2000,3.449129230769231,0
8/21/2000,1.8390861538461536,0
8/22/2000,6.293700000000001,0
8/23/2000,5.977449231,0
8/24/2000,13.503392307692307,0
8/25/2000,8.360921000000001,0
8/26/2000,2.8328064615384623,0
8/27/2000,8.700653846153847,0
8/28/2000,13.919984615384614,0
8/29/2000,15.052207692307691,0
8/30/2000,33.098846153846154,0
8/31/2000,7.919198461538461,0
9/1/2000,11.560023076923075,0
9/2/2000,0.2576018461538461,0
9/3/2000,1.7290323076923078,0
9/4/2000,0.5523681538461539,0
9/5/2000,1.2899054615384615,0
9/6/2000,2.8926061538461543,0
9/7/2000,8.547392308,0
9/8/2000,2.4214123076923078,0
9/9/2000,1.2269961538461538,0
9/10/2000,4.719843076923078,0
9/11/2000,2.1343669230769233,0
9/12/2000,0.4341876923076923,0
9/13/2000,0,0
9/14/2000,0.5111515384615385,0
9/15/2000,7.25563,0
9/16/2000,0.6815716923076924,0
9/17/2000,0.21339461538461538,0
9/18/2000,3.660781538461538,0
9/19/2000,14.405600000000002,0
9/20/2000,23.91893846153846,0
9/21/2000,1.4659466923076923,0
9/22/2000,6.717761692307693,0
9/23/2000,1.069226923076923,0
9/24/2000,3.974896923076923,0
9/25/2000,25.959692307692304,0
9/26/2000,2.3400122307692306,0
9/27/2000,6.620734615384615,0
9/28/2000,0.053078462,0
9/29/2000,6.3042269230769215,0
9/30/2000,0.004410385,0
10/1/2000,0.18317384615384616,0
10/2/2000,0,0
10/3/2000,0,0
10/4/2000,0,0
10/5/2000,0.004323385,0
10/6/2000,0.2997815384615385,0
10/7/2000,0.10245661538461538,0
10/8/2000,0.003892538,0
10/9/2000,0.2162946153846154,0
10/10/2000,0.006765154,0
10/11/2000,1.653097153846154,0
10/12/2000,2.3478952307692307,0
10/13/2000,2.3357646153846154,0
10/14/2000,1.6798269230769232,0
10/15/2000,0,0
10/16/2000,0,0
10/17/2000,0,0
10/18/2000,5.602789999999999,0
10/19/2000,2.294441538461538,0
10/20/2000,0.5350169230769232,0
10/21/2000,0,0
10/22/2000,0,0
10/23/2000,0,0
10/24/2000,0,0
10/25/2000,0,0
10/26/2000,0,0
10/27/2000,0,0
10/28/2000,0,0
10/29/2000,0,0
10/30/2000,0.7696983076923077,0
10/31/2000,0.046770846153846156,0
11/1/2000,0,0
11/2/2000,0,0
11/3/2000,0,0
11/4/2000,0,0
11/5/2000,0,0
11/6/2000,0,0
11/7/2000,2.079923076923077,0
11/8/2000,1.739723076923077,0
11/9/2000,0,0
11/10/2000,0,0
11/11/2000,0,0
11/12/2000,0,0
11/13/2000,0,0
11/14/2000,0,0
11/15/2000,0,0
11/16/2000,0,0
11/17/2000,0,0
11/18/2000,0,0
11/19/2000,0,0
11/20/2000,0,0
11/21/2000,0,0
11/22/2000,0,0
11/23/2000,0,0
11/24/2000,0,0
11/25/2000,0,0
11/26/2000,0,0
11/27/2000,0,0
11/28/2000,0.072024231,0
11/29/2000,0,0
11/30/2000,0.1430399230769231,0
12/1/2000,0,0
12/2/2000,0.008162231,0
12/3/2000,0,0
12/4/2000,0,0
12/5/2000,0,0
12/6/2000,0,0
12/7/2000,0,0
12/8/2000,0,0
12/9/2000,0,0
12/10/2000,0,0
12/11/2000,0,0
12/12/2000,0,0
12/13/2000,0,0
12/14/2000,0,0
12/15/2000,0,0
12/16/2000,0,0
12/17/2000,0,0
12/18/2000,0,0
12/19/2000,0,0
12/20/2000,0,0
12/21/2000,0,0
12/22/2000,0,0
12/23/2000,0,0
12/24/2000,0,0
12/25/2000,0,0
12/26/2000,0,0
12/27/2000,0,0
12/28/2000,0,0
12/29/2000,0,0
12/30/2000,0,0
12/31/2000,0,0
1/1/2001,0,0
1/2/2001,0,0
1/3/2001,0.005670538,0
1/4/2001,0.049686923,0
1/5/2001,0,0
1/6/2001,0,0
1/7/2001,0,0
1/8/2001,0,0
1/9/2001,0,0
1/10/2001,0,0
1/11/2001,0,0
1/12/2001,0,0
1/13/2001,0,0
1/14/2001,0,0
1/15/2001,0,0
1/16/2001,0,0
1/17/2001,0,0
1/18/2001,0,0
1/19/2001,0,0
1/20/2001,0,0
1/21/2001,0,0
1/22/2001,0,0
1/23/2001,0,0
1/24/2001,0,0
1/25/2001,0,0
1/26/2001,0,0
1/27/2001,0,0
1/28/2001,0,0
1/29/2001,0,0
1/30/2001,0,0
1/31/2001,0,0
2/1/2001,0,0
2/2/2001,0,0
2/3/2001,0,0
2/4/2001,0,0
2/5/2001,0,0
2/6/2001,0,0
2/7/2001,0,0
2/8/2001,0,0
2/9/2001,0,0
2/10/2001,0,0
2/11/2001,0,0
2/12/2001,0,0
2/13/2001,0,0
2/14/2001,0,0
2/15/2001,0,0
2/16/2001,0,0
2/17/2001,0,0
2/18/2001,0,0
2/19/2001,0,3.2
2/20/2001,0,3.2
2/21/2001,0,3.2
2/22/2001,0,3.2
2/23/2001,0,3.2
2/24/2001,0,3.2
2/25/2001,0,3.2
2/26/2001,0,3.2
2/27/2001,0,3.2
2/28/2001,0.5046246153846153,3.2
3/1/2001,0.6232399999999999,3.2
3/2/2001,0,3.2
3/3/2001,0.004539385,3.2
3/4/2001,0.094281538,3.2
3/5/2001,1.4046153076923074,3.2
3/6/2001,0.41919769230769227,3.2
3/7/2001,0.11087292307692308,3.2
3/8/2001,7.538392307692307,3.2
3/9/2001,1.9803490769230772,3.2
3/10/2001,1.1856823076923075,3.2
3/11/2001,0,3.2
3/12/2001,0.084028,3.2
3/13/2001,0,3.2
3/14/2001,0.040189231,3.2
3/15/2001,0,0
3/16/2001,0,0
3/17/2001,0,0
3/18/2001,0,0
3/19/2001,0.1263146153846154,0
3/20/2001,4.776651615384616,0
3/21/2001,0,0
3/22/2001,0,0
3/23/2001,0,0
3/24/2001,0.049913692,0
3/25/2001,0.42461915384615384,0
3/26/2001,6.892367692307695,0
3/27/2001,7.431939999999999,0
3/28/2001,0.8132307692307692,0
3/29/2001,0,0
3/30/2001,0.3115076923076923,0
3/31/2001,5.921915384615384,0
4/1/2001,5.353164615384615,0
4/2/2001,0.32273353846153846,0
4/3/2001,0,0
4/4/2001,0.010821384615384615,0
4/5/2001,0,0
4/6/2001,0.035796,0
4/7/2001,0,0
4/8/2001,0,0
4/9/2001,0,0
4/10/2001,0,0
4/11/2001,0,0
4/12/2001,0.093556077,0
4/13/2001,0,0
4/14/2001,0.6028045384615385,0
4/15/2001,0.6756093076923075,0
4/16/2001,0.9235613846153845,0
4/17/2001,0,0
4/18/2001,0.33894692307692303,0
4/19/2001,0.5244161538461539,0
4/20/2001,1.239096153846154,0
4/21/2001,2.414533846153846,0
4/22/2001,0,0
4/23/2001,0.15502076923076924,0
4/24/2001,0,0
4/25/2001,0,0
4/26/2001,0,0
4/27/2001,0,0
4/28/2001,0,0
4/29/2001,0.060020000000000004,0
4/30/2001,0,0
5/1/2001,2.0623369230769226,0
5/2/2001,1.3167123076923075,0
5/3/2001,10.062564615384616,0
5/4/2001,1.5501523076923078,0
5/5/2001,0,0
5/6/2001,3.9217553846153845,0
5/7/2001,0.11467153846153846,0
5/8/2001,0,0
5/9/2001,4.054892307692308,0
5/10/2001,1.6656584615384618,0
5/11/2001,0,0
5/12/2001,0,0
5/13/2001,0,0
5/14/2001,2.3678538461538463,0
5/15/2001,7.486653846153844,0
5/16/2001,2.336474615384615,0
5/17/2001,6.107373846153845,0
5/18/2001,0,0
5/19/2001,1.7328130769230772,0
5/20/2001,4.119815384615384,0
5/21/2001,4.520853846153846,0
5/22/2001,4.271518615384616,0
5/23/2001,0,0
5/24/2001,0.29736384615384615,0
5/25/2001,0.17247438461538464,0
5/26/2001,7.582707692307692,0.2
5/27/2001,0.22003184615384616,0.2
5/28/2001,0.42128615384615387,0.2
5/29/2001,0.3822034615384615,0.2
5/30/2001,1.0864776923076924,0.2
5/31/2001,2.597311538461538,0.2
6/1/2001,0.27380223076923077,0.2
6/2/2001,0.9043808461538462,0.2
6/3/2001,6.511926923076923,0.2
6/4/2001,2.5635246153846154,0.2
6/5/2001,7.360363846153846,0.2
6/6/2001,8.120373692307693,0.2
6/7/2001,5.487368692307693,0.2
6/8/2001,3.9148923076923077,0.2
6/9/2001,0.4034775384615385,0.2
6/10/2001,1.9444284615384615,0.2
6/11/2001,2.1359184615384614,0.2
6/12/2001,3.7472246153846154,0.2
6/13/2001,20.059753846153846,0.2
6/14/2001,26.227399999999996,0.2
6/15/2001,18.218692307692304,0.2
6/16/2001,2.6481223076923075,0.2
6/17/2001,8.526007692307692,0.2
6/18/2001,3.248121384615385,0.2
6/19/2001,0.1010773076923077,0
6/20/2001,1.6013553846153845,0
6/21/2001,2.1435130769230772,0
6/22/2001,3.095676153846154,0
6/23/2001,2.599354615384615,0
6/24/2001,13.583261538461539,0
6/25/2001,15.287615384615385,0
6/26/2001,6.330561538461538,0
6/27/2001,6.750446153846155,0
6/28/2001,6.0627661538461535,0
6/29/2001,2.5181172307692306,0
6/30/2001,6.031238461538461,0
7/1/2001,27.11296153846154,0
7/2/2001,9.098623076923078,0
7/3/2001,8.950484615384614,0
7/4/2001,4.535140538461538,0
7/5/2001,73.60330769,0
7/6/2001,25.17169230769231,0
7/7/2001,11.911661538461537,0
7/8/2001,9.485638461538464,0
7/9/2001,27.00353076923077,0
7/10/2001,44.27229230769231,0
7/11/2001,19.358669230769234,0
7/12/2001,19.11580769230769,0
7/13/2001,19.331384615384614,0
7/14/2001,4.532757692307692,0
7/15/2001,6.901243076923077,0
7/16/2001,5.920917692307692,0
7/17/2001,43.61306153846154,0
7/18/2001,92.17538461538462,0
7/19/2001,35.871599999999994,0
7/20/2001,58.74118461538462,0
7/21/2001,29.89773076923077,0
7/22/2001,25.15957692307692,0
7/23/2001,3.6628830769230776,0
7/24/2001,16.316246153846155,0
7/25/2001,4.241561538461538,0
7/26/2001,11.163692307692308,0
7/27/2001,16.823876923076924,0
7/28/2001,26.310669230769232,0
7/29/2001,16.529946153846154,0
7/30/2001,4.890639384615384,0
7/31/2001,2.615863076923077,0
8/1/2001,1.5953915384615383,0
8/2/2001,10.157322307692308,0
8/3/2001,18.647653846153847,0
8/4/2001,13.431384615384616,0
8/5/2001,9.409728462,0
8/6/2001,10.846599999999999,0
8/7/2001,5.162658461538461,0
8/8/2001,8.619053846153845,0
8/9/2001,3.7164407692307693,0
8/10/2001,6.490661538461538,0
8/11/2001,19.271923076923077,0
8/12/2001,7.715861538461538,0
8/13/2001,13.004238461538462,0
8/14/2001,9.662176923076924,0
8/15/2001,16.06063076923077,0
8/16/2001,4.8058453846153855,0
8/17/2001,2.1276467692307692,0
8/18/2001,5.162420000000001,0
8/19/2001,2.8654153846153845,0
8/20/2001,7.672453846153845,0
8/21/2001,20.568461538461534,0
8/22/2001,18.792553846153847,0
8/23/2001,9.2616,0
8/24/2001,15.27890769230769,0
8/25/2001,10.425507692307692,0
8/26/2001,14.774163076923076,0
8/27/2001,2.6480692307692304,0
8/28/2001,3.279125,0
8/29/2001,10.798523076923077,0
8/30/2001,10.303138461538461,0
8/31/2001,29.034476923076927,0
9/1/2001,17.56569230769231,0
9/2/2001,5.783967692307693,0
9/3/2001,0.524846923,0
9/4/2001,1.6318376923076923,0
9/5/2001,1.781208923076923,0
9/6/2001,0.549077,0
9/7/2001,0.091785385,0
9/8/2001,3.7800723076923073,0
9/9/2001,0.63041,0
9/10/2001,0.3558038461538462,0
9/11/2001,4.361141538461539,0
9/12/2001,2.4209682307692306,0
9/13/2001,16.99326153846154,0
9/14/2001,1.7539930769230772,0
9/15/2001,8.032023076923078,0
9/16/2001,1.34079,0
9/17/2001,4.091715384615385,0
9/18/2001,1.036576153846154,0
9/19/2001,14.418598461538464,0
9/20/2001,1.722052692307692,0
9/21/2001,1.9187792307692308,0
9/22/2001,1.1887892307692307,0
9/23/2001,0.8432207692307693,0
9/24/2001,0.4303276923076923,0
9/25/2001,6.668691538461537,0
9/26/2001,0.9546538461538461,0
9/27/2001,0.40300792307692307,0
9/28/2001,0.025463923,0
9/29/2001,0.20405999999999996,0
9/30/2001,4.929953076923076,0
10/1/2001,15.888284615384615,0
10/2/2001,28.82653846153846,0
10/3/2001,18.977677692307694,0
10/4/2001,17.467095384615384,0
10/5/2001,10.67711307692308,0
10/6/2001,7.898361384615385,0
10/7/2001,0.9701907692307692,0
10/8/2001,2.2033016923076927,0
10/9/2001,1.572553230769231,0
10/10/2001,0.39399376923076923,0
10/11/2001,4.1308630769230765,0
10/12/2001,1.8577546153846154,0
10/13/2001,0.020946153846153844,0
10/14/2001,0,0
10/15/2001,0,0
10/16/2001,1.1425384615384617,0
10/17/2001,5.356623076923076,0
10/18/2001,2.741827230769231,0
10/19/2001,5.105831538,0
10/20/2001,1.996042,0
10/21/2001,0,0
10/22/2001,0,0
10/23/2001,0,0
10/24/2001,0,0
10/25/2001,0,0
10/26/2001,0,0
10/27/2001,0,0
10/28/2001,0,0
10/29/2001,0.003738308,0
10/30/2001,0,0
10/31/2001,0,0
11/1/2001,0.002520231,0
11/2/2001,0,0
11/3/2001,0,0
11/4/2001,0.020203077,0
11/5/2001,0,0
11/6/2001,0,0
11/7/2001,0,0
11/8/2001,0.2124353846153846,0
11/9/2001,0.8627738461538462,0
11/10/2001,0.3412430769230769,0
11/11/2001,1.9729013076923076,0
11/12/2001,1.1727297692307694,0
11/13/2001,4.170042538461538,0
11/14/2001,1.4744623076923076,0
11/15/2001,1.4516456923076921,0
11/16/2001,1.6580339230769232,0
11/17/2001,0.012677692307692308,0
11/18/2001,0,0
11/19/2001,0,0
11/20/2001,0.23545307692307696,0
11/21/2001,0,0
11/22/2001,0,0
11/23/2001,0,0
11/24/2001,0,0
11/25/2001,0,0
11/26/2001,0.14156615384615387,0
11/27/2001,0,0
11/28/2001,0,0
11/29/2001,0,0
11/30/2001,0,0
12/1/2001,0,0
12/2/2001,0,0
12/3/2001,0,0
12/4/2001,0,0
12/5/2001,0,0
12/6/2001,0,0
12/7/2001,0,0
12/8/2001,0,0
12/9/2001,0,0
12/10/2001,0,0
12/11/2001,0,0
12/12/2001,0,0
12/13/2001,0,0
12/14/2001,0,0
12/15/2001,0,0
12/16/2001,0,0
12/17/2001,0,0
12/18/2001,0,0
12/19/2001,0,0
12/20/2001,0,0
12/21/2001,0,0
12/22/2001,0,0
12/23/2001,0,0
12/24/2001,0,0
12/25/2001,0,0
12/26/2001,0,0
12/27/2001,0,0
12/28/2001,0,0
12/29/2001,0,0
12/30/2001,0,0
12/31/2001,0,0
1/1/2002,0,0
1/2/2002,0,0
1/3/2002,0,0
1/4/2002,0,0
1/5/2002,0,0
1/6/2002,0,0
1/7/2002,0.2072192307692308,0
1/8/2002,0.664640077,0
1/9/2002,0.23956776923076922,0
1/10/2002,0,0
1/11/2002,0,0
1/12/2002,0,0
1/13/2002,0,0
1/14/2002,0,0
1/15/2002,0,0
1/16/2002,0,0
1/17/2002,0,0
1/18/2002,0.7734113846153847,0
1/19/2002,0,0
1/20/2002,0,0
1/21/2002,0,0
1/22/2002,0,0
1/23/2002,0,0
1/24/2002,0.053759999999999995,0
1/25/2002,0,0
1/26/2002,0.017669231,0
1/27/2002,0,0
1/28/2002,0.561639077,0
1/29/2002,1.140386153846154,0
1/30/2002,1.2227117692307692,0
1/31/2002,6.575725384615383,0
2/1/2002,0,0
2/2/2002,0,0
2/3/2002,0,0
2/4/2002,0,0
2/5/2002,0,0
2/6/2002,0,0
2/7/2002,0,0
2/8/2002,0,0
2/9/2002,0,0
2/10/2002,0,0
2/11/2002,0,0
2/12/2002,0,0
2/13/2002,0,0
2/14/2002,0,0
2/15/2002,0,0
2/16/2002,0,0
2/17/2002,0,0
2/18/2002,0,0
2/19/2002,0,0
2/20/2002,0,0
2/21/2002,0.18680384615384613,0
2/22/2002,0,0
2/23/2002,0,0
2/24/2002,0,0
2/25/2002,0,0
2/26/2002,0,0
2/27/2002,0,0
2/28/2002,0,0
3/1/2002,0,0
3/2/2002,0.37980153846153847,0
3/3/2002,0,0
3/4/2002,0,0
3/5/2002,1.671586923076923,0
3/6/2002,0.017433153846153845,0
3/7/2002,0.10949676923076924,0
3/8/2002,9.003499999999999,0
3/9/2002,0.025096231,0
3/10/2002,0,0
3/11/2002,0,0
3/12/2002,0.085164154,0
3/13/2002,0,0
3/14/2002,0,0
3/15/2002,0,0
3/16/2002,0,0
3/17/2002,0,0
3/18/2002,0,0
3/19/2002,0,0
3/20/2002,0,0
3/21/2002,0,0
3/22/2002,0,0
3/23/2002,0.37980153846153847,0
3/24/2002,0.13698384615384615,0
3/25/2002,0,0
3/26/2002,0,0
3/27/2002,0,0
3/28/2002,0.016257076923076923,0
3/29/2002,0.033382385,0
3/30/2002,2.4656046153846156,0
3/31/2002,0.966129923,0
4/1/2002,0.11830876923076922,0
4/2/2002,0.9311876923076922,0
4/3/2002,1.0967876923076922,0
4/4/2002,1.0905284615384614,0
4/5/2002,0.020146923076923076,0
4/6/2002,2.508807692307692,0
4/7/2002,0,0
4/8/2002,0,0
4/9/2002,0,0
4/10/2002,0.096800846,0
4/11/2002,0,0
4/12/2002,0.081672385,0
4/13/2002,0.5074890769230771,0
4/14/2002,7.157485384615384,0
4/15/2002,0.2995207692307692,0
4/16/2002,0,0
4/17/2002,0.18855823076923078,0
4/18/2002,0,0
4/19/2002,0,0
4/20/2002,0,0
4/21/2002,0,0
4/22/2002,6.686807692307691,0
4/23/2002,0,0
4/24/2002,0.076417692,0
4/25/2002,0,0
4/26/2002,0.027228692307692308,0
4/27/2002,0.5757700000000001,0
4/28/2002,0.24598538461538466,0
4/29/2002,0.4406323076923077,0
4/30/2002,0,0
5/1/2002,0.40148076923076925,0
5/2/2002,0.40148076923076925,0
5/3/2002,0,0
5/4/2002,2.190976923076923,0
5/5/2002,0.5917890769230769,0
5/6/2002,0.2507904615384616,0
5/7/2002,0.060830769,0
5/8/2002,0.5068597692307691,0
5/9/2002,4.831946153846154,0
5/10/2002,1.9869276923076922,0
5/11/2002,1.2337646153846153,0
5/12/2002,0,0
5/13/2002,0,0
5/14/2002,0,0
5/15/2002,11.835192307692308,0
5/16/2002,11.904223076923076,0
5/17/2002,17.406886153846152,0
5/18/2002,10.254663846153846,0
5/19/2002,5.422968692307693,0
5/20/2002,0,0
5/21/2002,5.382892307692307,0
5/22/2002,0.083436154,0
5/23/2002,0,0
5/24/2002,1.1416938461538462,0
5/25/2002,0.17782053846153845,0
5/26/2002,18.588769230769234,0
5/27/2002,1.7398515384615385,0
5/28/2002,2.918029230769231,0
5/29/2002,5.603443076923076,0
5/30/2002,10.335346153846153,0
5/31/2002,7.688716923076923,0
6/1/2002,1.4939038461538463,0
6/2/2002,0.5751587692307691,0
6/3/2002,1.966806923076923,0
6/4/2002,1.447827153846154,0
6/5/2002,1.1181520769230768,0
6/6/2002,2.1941876153846156,0
6/7/2002,4.784015384615384,0
6/8/2002,5.35566,0
6/9/2002,0.7252707692307692,0
6/10/2002,0.9444985384615383,0
6/11/2002,6.998823076923078,0
6/12/2002,11.455955384615386,0
6/13/2002,2.4464876923076924,0
6/14/2002,10.461307692307692,0
6/15/2002,4.994101615384616,0
6/16/2002,6.614517461538461,0
6/17/2002,0.5464383076923077,0
6/18/2002,14.30073846153846,0
6/19/2002,0,0
6/20/2002,9.812903076923076,0
6/21/2002,0.083041769,0
6/22/2002,6.418392307692307,0
6/23/2002,1.4193338461538463,0
6/24/2002,20.25000769230769,0
6/25/2002,15.647846153846157,0
6/26/2002,3.629398769,0
6/27/2002,6.871832307692307,0
6/28/2002,0,0
6/29/2002,1.7948624615384614,0
6/30/2002,2.0097992307692305,0
7/1/2002,0.336187,0
7/2/2002,1.785379153846154,0
7/3/2002,9.760530769230769,0
7/4/2002,16.09432307692308,0
7/5/2002,3.524217692307692,0
7/6/2002,0.073372385,0
7/7/2002,1.328543846153846,0
7/8/2002,0,0
7/9/2002,0,0
7/10/2002,0.005449615,0
7/11/2002,0.8834676923076923,0
7/12/2002,0.010650769230769231,0
7/13/2002,0.072098538,0
7/14/2002,0.5721461538461539,0
7/15/2002,4.990980846153846,0
7/16/2002,21.028869230769228,0
7/17/2002,10.445661538461538,0
7/18/2002,48.228307692307695,0
7/19/2002,25.052844615384622,0
7/20/2002,13.897515384615387,0
7/21/2002,2.9698076923076924,0
7/22/2002,6.363740769230769,0
7/23/2002,4.240806923076923,0
7/24/2002,0.29667153846153843,0
7/25/2002,0.078051538,0
7/26/2002,0.035811538461538464,0
7/27/2002,0.3601215384615385,0
7/28/2002,2.1789538461538465,0
7/29/2002,3.113578461538462,0
7/30/2002,0.6114946153846155,0
7/31/2002,4.017887692307692,0
8/1/2002,7.709353846153844,0
8/2/2002,18.612561538461538,0
8/3/2002,6.749216153846154,0
8/4/2002,3.4056900000000003,0
8/5/2002,10.43183076923077,0
8/6/2002,3.9760307692307677,0
8/7/2002,7.3725000000000005,0
8/8/2002,18.585200000000004,0
8/9/2002,5.838920923076922,0
8/10/2002,20.530615384615388,0
8/11/2002,6.140050769230769,0
8/12/2002,6.711962307692307,0
8/13/2002,9.047753846153848,0
8/14/2002,12.966161538461536,0
8/15/2002,2.299092307692308,0
8/16/2002,15.11506153846154,0
8/17/2002,18.009046153846153,0
8/18/2002,12.408215384615387,0
8/19/2002,2.20409,0
8/20/2002,2.048456307692308,0
8/21/2002,0.4099369230769231,0
8/22/2002,9.530846153846154,0
8/23/2002,10.873676923076925,0
8/24/2002,25.005000000000003,0
8/25/2002,11.91377692307692,0
8/26/2002,0.11266753846153846,0
8/27/2002,2.1720823076923073,0
8/28/2002,0.5023968461538462,0
8/29/2002,14.180153846153846,0
8/30/2002,35.09869230769231,0
8/31/2002,19.664069230769233,0
9/1/2002,14.864676923076924,0
9/2/2002,2.7514369230769233,0
9/3/2002,3.3074315384615387,0
9/4/2002,4.209578461538461,0
9/5/2002,5.3926099999999995,0
9/6/2002,27.509453846153846,0
9/7/2002,4.948715384615384,0
9/8/2002,19.520769230769233,0
9/9/2002,23.59639230769231,0
9/10/2002,16.927353846153846,0
9/11/2002,16.430807692307692,0
9/12/2002,42.64792307692308,0
9/13/2002,15.854238461538461,0
9/14/2002,3.26605,0
9/15/2002,2.8889895384615394,0
9/16/2002,6.268410384615384,0
9/17/2002,4.856970846153845,0
9/18/2002,1.3384446153846155,0
9/19/2002,2.206806923076923,0
9/20/2002,1.4697553846153846,0
9/21/2002,1.7430946153846152,0
9/22/2002,1.9936526923076925,0
9/23/2002,1.6461123076923074,0
9/24/2002,6.491056153846153,0
9/25/2002,6.3056761538461545,0
9/26/2002,1.9147284615384617,0
9/27/2002,1.239413076923077,0
9/28/2002,12.461923076923076,0
9/29/2002,3.219417307692308,0
9/30/2002,2.3806776923076924,0
10/1/2002,0.093822692,0
10/2/2002,0,0
10/3/2002,0.009342308,0
10/4/2002,0.16075923076923077,0
10/5/2002,1.7928453846153845,0
10/6/2002,0.358841077,0
10/7/2002,0,0
10/8/2002,0.2072192307692308,0
10/9/2002,0.2584052307692307,0
10/10/2002,0.10944492307692308,0
10/11/2002,0.45055823076923074,0
10/12/2002,1.5066384615384616,0
10/13/2002,1.7591623076923073,0
10/14/2002,2.6316907692307696,0
10/15/2002,1.6590615384615386,0
10/16/2002,1.1247123076923076,0
10/17/2002,1.0306,0
10/18/2002,0.4375875384615384,0
10/19/2002,0.9105184615384615,0
10/20/2002,12.900476923076923,0
10/21/2002,0.007071538,0
10/22/2002,0.10360953846153846,0
10/23/2002,0,0
10/24/2002,0,0
10/25/2002,0.063155385,0
10/26/2002,0,0
10/27/2002,0,0
10/28/2002,0,0
10/29/2002,0,0
10/30/2002,0,0
10/31/2002,0,0
11/1/2002,0,0
11/2/2002,0,0
11/3/2002,0,0
11/4/2002,0.020203077,0
11/5/2002,0,0
11/6/2002,0,0
11/7/2002,0,0
11/8/2002,0,0
11/9/2002,0.043566538,0
11/10/2002,0.060830769,0
11/11/2002,0,0
11/12/2002,0.064660769,0
11/13/2002,2.644062307692308,0
11/14/2002,0,0
11/15/2002,0,0
11/16/2002,0,0
11/17/2002,0,0
11/18/2002,0,0
11/19/2002,0,0
11/20/2002,0,0
11/21/2002,0.6207938461538463,0
11/22/2002,0,0
11/23/2002,0,0
11/24/2002,0,0
11/25/2002,0.7242630769230769,0
11/26/2002,0,0
11/27/2002,0,0
11/28/2002,0,0
11/29/2002,0,0
11/30/2002,0,0
12/1/2002,0,0
12/2/2002,0,0
12/3/2002,0,0
12/4/2002,0,0
12/5/2002,0,0
12/6/2002,0,0
12/7/2002,0,0
12/8/2002,0,0
12/9/2002,0,0
12/10/2002,0,0
12/11/2002,0,0
12/12/2002,0,0
12/13/2002,0,0
12/14/2002,0,0
12/15/2002,0,0
12/16/2002,0,0
12/17/2002,0,0
12/18/2002,0,0
12/19/2002,0,0
12/20/2002,0,0
12/21/2002,0,0
12/22/2002,0,0
12/23/2002,0,0
12/24/2002,0,0
12/25/2002,0,0
12/26/2002,0,0
12/27/2002,0,0
12/28/2002,0,0
12/29/2002,0,0
12/30/2002,0,0
12/31/2002,0,0
1/1/2003,0,0
1/2/2003,0,0
1/3/2003,0,0
1/4/2003,0,0
1/5/2003,0,0
1/6/2003,0,0
1/7/2003,0,0
1/8/2003,0,0
1/9/2003,0,0
1/10/2003,0,0
1/11/2003,0,0
1/12/2003,0,0
1/13/2003,0,0
1/14/2003,1.6563,0
1/15/2003,1.0647799999999998,0
1/16/2003,0,0
1/17/2003,0,0
1/18/2003,0,0
1/19/2003,0,0
1/20/2003,0,0
1/21/2003,0,0
1/22/2003,0,0
1/23/2003,0,0
1/24/2003,0,0
1/25/2003,0,0
1/26/2003,0,0
1/27/2003,0,0
1/28/2003,0,0
1/29/2003,0,0
1/30/2003,0,0
1/31/2003,0,0
2/1/2003,0,0
2/2/2003,0,0
2/3/2003,0.13244223076923076,0
2/4/2003,0,0
2/5/2003,0,0
2/6/2003,1.1335099999999998,0
2/7/2003,0,0
2/8/2003,0,0
2/9/2003,0.5462152307692308,0
2/10/2003,3.009199230769231,0
2/11/2003,0.13244223076923076,0
2/12/2003,0,0
2/13/2003,0.3724856923076923,0
2/14/2003,0,0
2/15/2003,0.002670231,0
2/16/2003,1.87882,0
2/17/2003,2.6194757692307693,0
2/18/2003,0.2493835384615385,0
2/19/2003,0,0
2/20/2003,0.6525910769230769,0
2/21/2003,2.1304769230769227,0
2/22/2003,1.8540853846153846,0
2/23/2003,0.19892615384615386,0
2/24/2003,0,0
2/25/2003,1.2304692307692309,0
2/26/2003,0.32499999999999996,0
2/27/2003,0,0
2/28/2003,0.19794307692307694,0
3/1/2003,0.17747153846153846,0
3/2/2003,0,0
3/3/2003,0.005236615,0
3/4/2003,0,0
3/5/2003,0,0
3/6/2003,0,0
3/7/2003,0,0
3/8/2003,0,0
3/9/2003,0.7252990769230769,0
3/10/2003,0,0
3/11/2003,0,0
3/12/2003,0,0
3/13/2003,0.28653792307692305,0
3/14/2003,0,0
3/15/2003,0.5922793076923076,0
3/16/2003,0.082451538,0
3/17/2003,0.6993078461538462,0
3/18/2003,5.669723076923077,0
3/19/2003,0.6132556153846154,0
3/20/2003,0.799926154,0
3/21/2003,0.3045246153846154,0
3/22/2003,0,0
3/23/2003,0,0
3/24/2003,0,0
3/25/2003,0,0
3/26/2003,0,0
3/27/2003,0.051010846,0
3/28/2003,0.076241077,0
3/29/2003,0.3777938461538461,0
3/30/2003,0.009367231,0
3/31/2003,0,0
4/1/2003,0,0
4/2/2003,0,0
4/3/2003,0,0
4/4/2003,0,0
4/5/2003,0.6522546153846154,0
4/6/2003,6.2251076923076925,0
4/7/2003,1.7610392307692306,0
4/8/2003,0.8573893846153845,0
4/9/2003,0,0
4/10/2003,1.9766238461538461,0
4/11/2003,0,0
4/12/2003,0.7521567692307692,0
4/13/2003,0,0
4/14/2003,0.003550154,0
4/15/2003,2.0770146153846154,0
4/16/2003,1.2609988461538462,0
4/17/2003,0,0
4/18/2003,0.16083384615384616,0
4/19/2003,0.005832462,0
4/20/2003,0,0
4/21/2003,1.6296623076923078,0
4/22/2003,0,0
4/23/2003,0.004564538,0
4/24/2003,1.1924684615384615,0
4/25/2003,0,0
4/26/2003,0.5697986923076923,0
4/27/2003,0.5730775384615385,0
4/28/2003,0,0
4/29/2003,0.041461384615384615,0
4/30/2003,1.7578792307692308,0
5/1/2003,0,0
5/2/2003,3.246239230769231,0
5/3/2003,1.8501468461538464,0
5/4/2003,0,0
5/5/2003,0.082683462,0
5/6/2003,0.46562299999999995,0
5/7/2003,0,0
5/8/2003,0,0
5/9/2003,0,0
5/10/2003,0.25744,0
5/11/2003,0.9111019230769231,0
5/12/2003,0.002535846,0
5/13/2003,1.0924138461538462,0
5/14/2003,0,0
5/15/2003,0,0
5/16/2003,0,0
5/17/2003,1.284364846153846,0
5/18/2003,0,0
5/19/2003,0,0
5/20/2003,0.01702,0
5/21/2003,3.563598769,0
5/22/2003,0.4980146153846154,0
5/23/2003,0.9370453846153843,0
5/24/2003,5.0186533846153845,0
5/25/2003,0.006230462,0
5/26/2003,1.6764863846153848,0
5/27/2003,21.775752307692308,0
5/28/2003,2.0018853846153846,0
5/29/2003,0,0
5/30/2003,0.9324799999999999,0
5/31/2003,0,0
6/1/2003,0.18856076923076925,0
6/2/2003,0,0
6/3/2003,0,0
6/4/2003,0,0
6/5/2003,0,0
6/6/2003,0.31210846153846156,0
6/7/2003,7.287117000000001,0
6/8/2003,0,0
6/9/2003,0.075437923,0
6/10/2003,1.19418,0
6/11/2003,0.5995707692307692,0
6/12/2003,0,0
6/13/2003,0.004450308,0
6/14/2003,0.9646206923076922,0
6/15/2003,1.764738846153846,0
6/16/2003,7.594200000000001,0
6/17/2003,10.896520769230769,0
6/18/2003,5.5674069230769225,0
6/19/2003,14.419453846153845,0
6/20/2003,31.46549230769231,0
6/21/2003,63.75376923076924,0
6/22/2003,30.304584615384616,0
6/23/2003,1.650272384615385,0
6/24/2003,5.525183846153847,0
6/25/2003,6.134084615384615,0
6/26/2003,6.634907692307693,0
6/27/2003,18.59573076923077,0
6/28/2003,2.196479230769231,0
6/29/2003,13.410238461538462,0
6/30/2003,8.691653846153848,0
7/1/2003,1.0744463076923076,0
7/2/2003,3.1824438461538467,0
7/3/2003,16.519846153846153,0
7/4/2003,3.1271599999999995,0
7/5/2003,6.196084615384615,0
7/6/2003,9.968669230769232,0
7/7/2003,5.382746153846153,0
7/8/2003,6.3767499999999995,0
7/9/2003,2.694129230769231,0
7/10/2003,0.4119938461538461,0
7/11/2003,9.856969231,0
7/12/2003,9.628176923076923,0
7/13/2003,14.436315384615385,0
7/14/2003,2.178060769230769,0
7/15/2003,0.9976198461538461,0
7/16/2003,31.630230769230767,0
7/17/2003,8.231053846153845,0
7/18/2003,4.46556,0
7/19/2003,7.866276923076923,0
7/20/2003,6.6707846153846155,0
7/21/2003,1.6055061538461535,0
7/22/2003,16.03133076923077,0
7/23/2003,15.579453846153845,0
7/24/2003,5.002413846153846,0
7/25/2003,9.000483846153847,0
7/26/2003,11.578046153846154,0
7/27/2003,95.75323076923077,0
7/28/2003,33.10630769230769,0
7/29/2003,8.988938461538462,0
7/30/2003,9.607915384615385,0
7/31/2003,17.113307692307693,0
8/1/2003,19.14243846153846,0
8/2/2003,35.101230769230774,0
8/3/2003,12.466892307692309,0
8/4/2003,2.8204784615384617,0
8/5/2003,3.2755115384615383,0
8/6/2003,14.876430769230769,0
8/7/2003,11.111392307692306,0
8/8/2003,5.622984615384615,0
8/9/2003,3.573039230769231,0
8/10/2003,15.52053076923077,0
8/11/2003,11.846600000000002,0
8/12/2003,17.571153846153848,0
8/13/2003,3.3509430769230772,0
8/14/2003,9.445269230769231,0
8/15/2003,2.2462815384615387,0
8/16/2003,10.43633076923077,0
8/17/2003,0.7855058461538462,0
8/18/2003,2.070702307692308,0
8/19/2003,13.67607769230769,0
8/20/2003,12.992523000000002,0
8/21/2003,33.65969230769231,0
8/22/2003,7.779930769230769,0
8/23/2003,1.7241653846153844,0
8/24/2003,19.477261538461537,0
8/25/2003,4.118586923076923,0
8/26/2003,1.1030553076923075,0
8/27/2003,4.255040615384616,0
8/28/2003,28.526246153846156,0
8/29/2003,58.96123076923077,0
8/30/2003,19.562446153846153,0
8/31/2003,12.720263076923079,0
9/1/2003,10.372538461538461,0
9/2/2003,45.505,0
9/3/2003,30.873530769230776,0
9/4/2003,7.959656923076925,0
9/5/2003,2.288566923076923,0
9/6/2003,18.086453846153844,0
9/7/2003,14.883569230769229,0
9/8/2003,34.71053846153846,0
9/9/2003,3.228315384615385,0
9/10/2003,0.44097230769230766,0
9/11/2003,8.1889,0
9/12/2003,16.29126153846154,0
9/13/2003,0.4287723076923077,0
9/14/2003,5.541769231,0
9/15/2003,22.28378461538462,0
9/16/2003,0.5931506153846153,0
9/17/2003,2.0485746153846156,0
9/18/2003,5.740906153846154,0
9/19/2003,8.247853846153847,0
9/20/2003,4.071570769230769,0
9/21/2003,1.5769861538461538,0
9/22/2003,4.896733076923077,0
9/23/2003,0.8641438461538461,0
9/24/2003,4.6496323076923085,0
9/25/2003,0.39842538461538457,0
9/26/2003,4.077211538461539,0
9/27/2003,9.809121538,0
9/28/2003,8.649056153846155,0
9/29/2003,0.7929732307692308,0
9/30/2003,0.564253923,0
10/1/2003,1.334053,0
10/2/2003,11.372269230769232,0
10/3/2003,1.2771852307692306,0
10/4/2003,17.744115384615384,0
10/5/2003,1.4697092307692308,0
10/6/2003,13.88480769230769,0
10/7/2003,28.824476923076922,0
10/8/2003,52.24576923076923,0
10/9/2003,44.74038461538461,0
10/10/2003,6.246955384615385,0
10/11/2003,1.3096400000000001,0
10/12/2003,0.4707923076923076,0
10/13/2003,0.3866999230769231,0
10/14/2003,0.5708553076923076,0
10/15/2003,0,0
10/16/2003,0,0
10/17/2003,0.56986,0
10/18/2003,2.629266153846154,0
10/19/2003,15.075476923076922,0
10/20/2003,2.7200438461538465,0
10/21/2003,1.434818153846154,0
10/22/2003,0.3866999230769231,0
10/23/2003,1.958026153846154,0
10/24/2003,5.579700000000001,0
10/25/2003,18.82130769230769,0
10/26/2003,25.819161538461533,0
10/27/2003,7.7319615384615386,0
10/28/2003,0.27399307692307695,0
10/29/2003,8.714973076923076,0
10/30/2003,0.7066475384615385,0
10/31/2003,0,0
11/1/2003,0,0
11/2/2003,0.5551691538461537,0
11/3/2003,11.983792307692308,0
11/4/2003,5.942807692307691,0
11/5/2003,0.7795207692307693,0
11/6/2003,0.8417054615384616,0
11/7/2003,0.46562299999999995,0
11/8/2003,0.6775440769230769,0
11/9/2003,0.5551691538461537,0
11/10/2003,0.28653792307692305,0
11/11/2003,0,0
11/12/2003,0.3760799230769231,0
11/13/2003,0.27758338461538457,0
11/14/2003,0,0
11/15/2003,0,0
11/16/2003,0,0
11/17/2003,0.7342567692307692,0
11/18/2003,0.1919696923076923,0
11/19/2003,0.46562299999999995,0
11/20/2003,0,0
11/21/2003,0,0
11/22/2003,0.18324384615384615,0
11/23/2003,0,0
11/24/2003,0,0
11/25/2003,0,0
11/26/2003,0.27758338461538457,0
11/27/2003,0,0
11/28/2003,0,0
11/29/2003,0,0
11/30/2003,0,0
12/1/2003,0,0
12/2/2003,0.3760799230769231,0
12/3/2003,0.28653792307692305,0
12/4/2003,0,0
12/5/2003,0,0
12/6/2003,0,0
12/7/2003,0.18324384615384615,0
12/8/2003,0.28653792307692305,0
12/9/2003,0.3760799230769231,0
12/10/2003,0,0
12/11/2003,0,0
12/12/2003,0,0
12/13/2003,0.27758338461538457,0
12/14/2003,0,0
12/15/2003,0,0
12/16/2003,0.21906184615384616,0
12/17/2003,3.1290469230769236,0
12/18/2003,14.106892307692307,0
12/19/2003,1.0270676153846154,0
12/20/2003,0,0
12/21/2003,0,0
12/22/2003,0,0
12/23/2003,0,0
12/24/2003,0,0
12/25/2003,0,0
12/26/2003,0.18324384615384615,0
12/27/2003,0,0
12/28/2003,0.7175940000000001,0
12/29/2003,0.8550515384615386,0
12/30/2003,0.024635076923076923,0
12/31/2003,0,0
1/1/2004,0,0
1/2/2004,0,0
1/3/2004,0,0
1/4/2004,0,0
1/5/2004,0,0
1/6/2004,0,0
1/7/2004,0,0
1/8/2004,0,0
1/9/2004,0,0
1/10/2004,0,0
1/11/2004,0,0
1/12/2004,0.5628783846153845,0
1/13/2004,0.6536590769230769,0
1/14/2004,0.29051323076923075,0
1/15/2004,0.5345846153846153,0
1/16/2004,0,0
1/17/2004,0,0
1/18/2004,0,0
1/19/2004,0,0
1/20/2004,0,0
1/21/2004,0,0
1/22/2004,0,0
1/23/2004,0,0
1/24/2004,0,0
1/25/2004,1.0550938461538462,0
1/26/2004,1.1879508461538462,0
1/27/2004,0.4005207692307692,0
1/28/2004,0.048634538,0
1/29/2004,0,0
1/30/2004,0,0
1/31/2004,0.10129153846153846,0
2/1/2004,0.9635769230769231,0
2/2/2004,2.8904876923076923,0
2/3/2004,0.3256761538461539,0
2/4/2004,0,0
2/5/2004,0,0
2/6/2004,0,0
2/7/2004,0.010073076923076924,0
2/8/2004,0.026847538,0
2/9/2004,0,0
2/10/2004,0,0
2/11/2004,0,0
2/12/2004,0,0
2/13/2004,0,0
2/14/2004,0,0
2/15/2004,0,0
2/16/2004,0,0
2/17/2004,0,0
2/18/2004,0,0
2/19/2004,0,0
2/20/2004,0,0
2/21/2004,0,0
2/22/2004,0,0
2/23/2004,0,0
2/24/2004,0,0
2/25/2004,0,0
2/26/2004,0,0
2/27/2004,0,0
2/28/2004,0,0
2/29/2004,0,0
3/1/2004,13.981716153846152,0
3/2/2004,0,0
3/3/2004,0,0
3/4/2004,0,0
3/5/2004,0.17700438461538462,0
3/6/2004,0,0
3/7/2004,0.27235884615384615,0
3/8/2004,0,0
3/9/2004,0.34308923076923076,0
3/10/2004,1.694172692307692,0
3/11/2004,0,0
3/12/2004,0,0
3/13/2004,0,0
3/14/2004,0,0
3/15/2004,0,0
3/16/2004,0,0
3/17/2004,0,0
3/18/2004,0,0
3/19/2004,0,0
3/20/2004,0,0
3/21/2004,0,0
3/22/2004,0,0
3/23/2004,0,0
3/24/2004,0,0
3/25/2004,0,0
3/26/2004,0,0
3/27/2004,0,0
3/28/2004,0,0
3/29/2004,0,0
3/30/2004,0.13732669230769232,0
3/31/2004,0.28710753846153847,0
4/1/2004,0.6975206923076922,0
4/2/2004,0.2328813076923077,0
4/3/2004,0.031767538,0
4/4/2004,0.6071219230769229,0
4/5/2004,0.282478,0
4/6/2004,0,0
4/7/2004,1.061482,0
4/8/2004,0.22710484615384616,0
4/9/2004,0.3683634615384615,0
4/10/2004,0.002028692,0
4/11/2004,0,0
4/12/2004,0,0
4/13/2004,0,0
4/14/2004,0,0
4/15/2004,0,0
4/16/2004,0,0
4/17/2004,0,0
4/18/2004,0,0
4/19/2004,0.281512,0
4/20/2004,0.66481,0
4/21/2004,0,0
4/22/2004,3.0536384615384615,0
4/23/2004,0.19108692307692307,0
4/24/2004,1.3357064615384613,0
4/25/2004,3.8204230769230776,0
4/26/2004,2.551530769230769,0
4/27/2004,4.719430769,0
4/28/2004,3.332463076923077,0
4/29/2004,0.4544661538461539,0
4/30/2004,1.724855923076923,0
5/1/2004,4.050407692307693,0
5/2/2004,0,0
5/3/2004,0.6933556153846153,0
5/4/2004,0,0
5/5/2004,0,0
5/6/2004,0,0
5/7/2004,0,0
5/8/2004,0,0
5/9/2004,0,0
5/10/2004,0,0
5/11/2004,0,0
5/12/2004,0,0
5/13/2004,0.14529576923076923,0
5/14/2004,0.5980169230769231,0
5/15/2004,0.020050077,0
5/16/2004,1.5424550000000001,0
5/17/2004,2.3041838461538466,0
5/18/2004,4.0111015384615385,0
5/19/2004,0.17011692307692308,0
5/20/2004,0.004671077,0
5/21/2004,0.3466773846153846,0
5/22/2004,0,0
5/23/2004,0,0
5/24/2004,0,0
5/25/2004,0.03287,0
5/26/2004,1.082803,0
5/27/2004,0.3724308461538462,0
5/28/2004,0.5628783846153845,0
5/29/2004,1.9496283846153846,0
5/30/2004,1.0043992307692307,0
5/31/2004,0.38129992307692306,0
6/1/2004,0,0
6/2/2004,0.27373461538461535,0
6/3/2004,0.2906489230769231,0
6/4/2004,1.063453846153846,0
6/5/2004,1.4306044615384614,0
6/6/2004,0.1689078461538462,0
6/7/2004,0.027976154,0
6/8/2004,1.286743846153846,0
6/9/2004,1.2438242307692309,0
6/10/2004,0.6860719999999999,0
6/11/2004,0.8667977692307692,0
6/12/2004,7.912395769,0
6/13/2004,9.008523076923076,0
6/14/2004,15.55641538461538,0
6/15/2004,34.87538461538462,0
6/16/2004,5.091736846153846,0
6/17/2004,0,0
6/18/2004,12.754986923076924,0
6/19/2004,0.355246923,0
6/20/2004,2.0981224615384617,0
6/21/2004,0,0
6/22/2004,0,0
6/23/2004,0,0
6/24/2004,0,0
6/25/2004,0,0
6/26/2004,0.38129992307692306,0
6/27/2004,0,0
6/28/2004,0.5628783846153845,0
6/29/2004,0.29051323076923075,0
6/30/2004,9.614250769230768,0
7/1/2004,3.4910269230769226,0
7/2/2004,0.9813258461538461,0
7/3/2004,13.417157692307692,0
7/4/2004,10.24561,0
7/5/2004,10.323553846153846,0
7/6/2004,9.2682,0
7/7/2004,1.3496430769230767,0
7/8/2004,14.590038461538462,0
7/9/2004,15.662992307692308,0
7/10/2004,23.53238461538462,0
7/11/2004,7.040976923076922,0
7/12/2004,9.994123076923078,0
7/13/2004,2.9603138461538467,0
7/14/2004,11.72569230769231,0
7/15/2004,8.975750769230768,0
7/16/2004,11.620199999999999,0
7/17/2004,28.43392307692308,0
7/18/2004,6.031807692307693,0
7/19/2004,3.784403846153847,0
7/20/2004,10.860884615384615,0
7/21/2004,7.048509999999999,0
7/22/2004,21.782846153846155,0
7/23/2004,6.062302307692307,0
7/24/2004,10.25653076923077,0
7/25/2004,13.587815384615388,0
7/26/2004,7.311084615384615,0
7/27/2004,4.437033076923076,0
7/28/2004,16.32836153846154,0
7/29/2004,19.563700000000004,0
7/30/2004,13.823607692307693,0
7/31/2004,2.8766999999999996,0
8/1/2004,12.21980769230769,0
8/2/2004,3.5785030769230772,0
8/3/2004,1.3225515384615383,0
8/4/2004,24.860153846153846,0
8/5/2004,11.429215384615386,0
8/6/2004,17.4416,0
8/7/2004,10.905784615384617,0
8/8/2004,25.20331538461538,0
8/9/2004,7.394030769230768,0
8/10/2004,5.75644,0
8/11/2004,2.901610769230769,0
8/12/2004,21.755161538461543,0
8/13/2004,18.911715384615384,0
8/14/2004,2.273213076923077,0
8/15/2004,4.592404615384615,0
8/16/2004,10.610838461538462,0
8/17/2004,0.5898452307692308,0
8/18/2004,2.0183215384615383,0
8/19/2004,9.183730769,0
8/20/2004,5.2347769230769226,0
8/21/2004,10.481207692307692,0
8/22/2004,34.221,0
8/23/2004,15.117984615384614,0
8/24/2004,5.212538461538461,0
8/25/2004,1.4358838461538463,0
8/26/2004,0.041371923,0
8/27/2004,0.15405984615384613,0
8/28/2004,0.1189276923076923,0
8/29/2004,0.8813571538461538,0
8/30/2004,0.7752502307692308,0
8/31/2004,1.5131984615384615,0
9/1/2004,0,0
9/2/2004,1.705684615384615,0
9/3/2004,3.757823076923077,0
9/4/2004,11.241299999999999,0
9/5/2004,1.357137692307692,0
9/6/2004,17.757469230769228,0
9/7/2004,0.42172130769230776,0
9/8/2004,1.331328076923077,0
9/9/2004,0,0
9/10/2004,1.2379515384615385,0
9/11/2004,0.3954227692307692,0
9/12/2004,6.709100000000001,0
9/13/2004,3.042939923076923,0
9/14/2004,8.930500769230768,0
9/15/2004,0.011681769,0
9/16/2004,1.9155469230769229,0
9/17/2004,1.9141961538461538,0
9/18/2004,0.37443084615384614,0
9/19/2004,5.9576769230769235,0
9/20/2004,7.3520369230769225,0
9/21/2004,4.133430769230769,0
9/22/2004,6.851800000000001,0
9/23/2004,4.0848580769230765,0
9/24/2004,10.965555384615383,0
9/25/2004,0,0
9/26/2004,8.52172,0
9/27/2004,0.7191938461538462,0
9/28/2004,0,0
9/29/2004,5.420355384615385,0
9/30/2004,0.18585361538461537,0
10/1/2004,4.578153846153845,0
10/2/2004,4.3088876923076915,0
10/3/2004,4.3439623076923075,0
10/4/2004,8.127669231,0
10/5/2004,19.677753846153845,0
10/6/2004,25.51569230769231,0
10/7/2004,16.39006153846154,0
10/8/2004,14.023030769230768,0
10/9/2004,0.6392616923076923,0
10/10/2004,0.011737000000000001,0
10/11/2004,6.525870538461538,0
10/12/2004,0.5013123076923077,0
10/13/2004,1.568430769230769,0
10/14/2004,0.491406923,0
10/15/2004,0.003465308,0
10/16/2004,1.5438661538461536,0
10/17/2004,0.099626923,0
10/18/2004,0,0
10/19/2004,0,0
10/20/2004,0,0
10/21/2004,0,0
10/22/2004,0,0
10/23/2004,0,0
10/24/2004,0,0
10/25/2004,0,0
10/26/2004,0.036052154,0
10/27/2004,0,0
10/28/2004,0,0
10/29/2004,0,0
10/30/2004,0,0
10/31/2004,0.007055769,0
11/1/2004,0,0
11/2/2004,0,0
11/3/2004,0,0
11/4/2004,0,0
11/5/2004,0,0
11/6/2004,0,0
11/7/2004,0,0
11/8/2004,0,0
11/9/2004,0,0
11/10/2004,0,0
11/11/2004,0,0
11/12/2004,0,0
11/13/2004,0,0
11/14/2004,0,0
11/15/2004,0,0
11/16/2004,0,0
11/17/2004,0,0
11/18/2004,0,0
11/19/2004,0,0
11/20/2004,0,0
11/21/2004,0,0
11/22/2004,0,0
11/23/2004,0,0
11/24/2004,0,0
11/25/2004,0,0
11/26/2004,0,0
11/27/2004,0,0
11/28/2004,0,0
11/29/2004,0,0
11/30/2004,0,0
12/1/2004,0,0
12/2/2004,0,0
12/3/2004,0,0
12/4/2004,0,0
12/5/2004,0,0
12/6/2004,0,0
12/7/2004,0,0
12/8/2004,0,0
12/9/2004,0,0
12/10/2004,0,0
12/11/2004,0,0
12/12/2004,0,0
12/13/2004,0,0
12/14/2004,0,0
12/15/2004,0,0
12/16/2004,0,0
12/17/2004,0,0
12/18/2004,0,0
12/19/2004,0,0
12/20/2004,0,0
12/21/2004,0,0
12/22/2004,0,0
12/23/2004,0,0
12/24/2004,0,0
12/25/2004,0,0
12/26/2004,0,0
12/27/2004,0,0
12/28/2004,0,0
12/29/2004,0,0
12/30/2004,0,0
12/31/2004,0,0
1/1/2005,0,0
1/2/2005,0,0
1/3/2005,0,0
1/4/2005,0,0
1/5/2005,0,0
1/6/2005,0,0
1/7/2005,0,0
1/8/2005,0,0
1/9/2005,0,0
1/10/2005,0,0
1/11/2005,0,0
1/12/2005,0,0
1/13/2005,0,0
1/14/2005,0,0
1/15/2005,0,0
1/16/2005,0,0
1/17/2005,0,0
1/18/2005,0,0
1/19/2005,0,0
1/20/2005,0,0
1/21/2005,0,0
1/22/2005,0,0
1/23/2005,0,0
1/24/2005,0,0
1/25/2005,0.016714692,0
1/26/2005,0,0
1/27/2005,0,0
1/28/2005,1.0512873846153845,0
1/29/2005,0.9675269230769232,0
1/30/2005,15.994738461538462,0
1/31/2005,7.339554615384615,0
2/1/2005,1.7274138461538462,0
2/2/2005,0.9691043076923077,0
2/3/2005,0,0
2/4/2005,0,0
2/5/2005,0,0
2/6/2005,0,0
2/7/2005,0,0
2/8/2005,0,0
2/9/2005,0,0
2/10/2005,0,0
2/11/2005,0,0
2/12/2005,0,0
2/13/2005,0,0
2/14/2005,0,0
2/15/2005,0,0
2/16/2005,0,0
2/17/2005,0,0
2/18/2005,0,0
2/19/2005,0,0
2/20/2005,0,0
2/21/2005,0,0
2/22/2005,0,0
2/23/2005,0,0
2/24/2005,0,0
2/25/2005,0,0
2/26/2005,0,0
2/27/2005,0,0
2/28/2005,0,0
3/1/2005,0,0
3/2/2005,0,0
3/3/2005,0,0
3/4/2005,0,0
3/5/2005,0,0
3/6/2005,0.055817846153846155,0
3/7/2005,0.003917462,0
3/8/2005,0,0
3/9/2005,0,0
3/10/2005,0,0
3/11/2005,0.013410153846153846,0
3/12/2005,0.081244846,0
3/13/2005,16.1815,0
3/14/2005,3.264254923076923,0
3/15/2005,0,0
3/16/2005,0.20213223076923076,0
3/17/2005,0,0
3/18/2005,0,0
3/19/2005,0,0
3/20/2005,0,0
3/21/2005,0,0
3/22/2005,0,0
3/23/2005,0,0
3/24/2005,2.504566923076923,0
3/25/2005,0.094559538,0
3/26/2005,1.7498146153846152,0
3/27/2005,1.9453084615384617,0
3/28/2005,0,0
3/29/2005,0,0
3/30/2005,0,0
3/31/2005,0,0
4/1/2005,1.6489970769230768,0
4/2/2005,0.9623384615384615,0
4/3/2005,0.38385384615384616,0
4/4/2005,0.12836907692307692,0
4/5/2005,0,0
4/6/2005,0,0
4/7/2005,0,0
4/8/2005,0,0
4/9/2005,0,0
4/10/2005,0,0
4/11/2005,0.012369307692307692,0
4/12/2005,0.072080769,0
4/13/2005,0,0
4/14/2005,0,0
4/15/2005,0,0
4/16/2005,0,0
4/17/2005,0.1212976923076923,0
4/18/2005,0.30802369230769233,0
4/19/2005,0.020203077,0
4/20/2005,0,0
4/21/2005,8.293908462,0
4/22/2005,0,0
4/23/2005,0,0
4/24/2005,0,0
4/25/2005,0,0
4/26/2005,0,0
4/27/2005,0,0
4/28/2005,0,0
4/29/2005,0.4657784615384616,0
4/30/2005,0.006392308,0
5/1/2005,0.33776953846153845,0
5/2/2005,20.06600769230769,0
5/3/2005,13.694284615384618,0
5/4/2005,0.013929230769230768,0
5/5/2005,0.026051538461538463,0
5/6/2005,0,0
5/7/2005,7.646106153846153,0
5/8/2005,0.047297692,0
5/9/2005,0,0
5/10/2005,0,0
5/11/2005,0.8462030769230771,0
5/12/2005,0.004671077,0
5/13/2005,0,0
5/14/2005,0.1653766923076923,0
5/15/2005,0,0
5/16/2005,0,0
5/17/2005,0,0
5/18/2005,0,0
5/19/2005,0,0
5/20/2005,1.8559152307692308,0
5/21/2005,0,0
5/22/2005,0.7550485384615383,0
5/23/2005,0,0
5/24/2005,0,0
5/25/2005,0,0
5/26/2005,0,0
5/27/2005,5.277399769,0
5/28/2005,0,0
5/29/2005,0.051830769230769236,0
5/30/2005,3.8758646153846152,0
5/31/2005,3.100777692307692,0
6/1/2005,0.9689792307692309,0
6/2/2005,0,0
6/3/2005,2.7990892307692303,0
6/4/2005,0,0
6/5/2005,0.026590000000000003,0
6/6/2005,1.381856153846154,0
6/7/2005,0.5445392307692307,0
6/8/2005,1.862733076923077,0
6/9/2005,0.3215703846153846,0
6/10/2005,8.536343846153844,0
6/11/2005,0.55396,0
6/12/2005,0,0
6/13/2005,0,0
6/14/2005,0,0
6/15/2005,0,0
6/16/2005,0,0
6/17/2005,0.2842463076923077,0
6/18/2005,0.23289384615384615,0
6/19/2005,0.3492232307692308,0
6/20/2005,0,0
6/21/2005,3.0441661538461537,0
6/22/2005,0,0
6/23/2005,3.2051015384615384,0
6/24/2005,0.6845861538461538,0
6/25/2005,2.1422100000000004,0
6/26/2005,7.375381538461538,0
6/27/2005,18.709,0
6/28/2005,16.337153846153846,0
6/29/2005,50.86092307692307,0
6/30/2005,52.89961538461538,0
7/1/2005,3.9798776923076926,0
7/2/2005,2.012639,0
7/3/2005,8.029684615384616,0
7/4/2005,2.8293953846153843,0
7/5/2005,2.653334615384616,0
7/6/2005,12.351907692307693,0
7/7/2005,5.44116,0
7/8/2005,13.166910769230766,0
7/9/2005,10.481215384615385,0
7/10/2005,7.023946153846153,0
7/11/2005,7.706492307692306,0
7/12/2005,6.220628461538461,0
7/13/2005,4.859853846153846,0
7/14/2005,16.490846153846153,0
7/15/2005,2.1673299999999998,0
7/16/2005,11.093830769230768,0
7/17/2005,10.627530769230768,0
7/18/2005,0.38624284615384613,0
7/19/2005,0,0
7/20/2005,0.041346846,0
7/21/2005,1.229919769230769,0
7/22/2005,15.19780769230769,0
7/23/2005,24.32253846153846,0
7/24/2005,8.850984615384615,0
7/25/2005,13.640630769230768,0
7/26/2005,15.044061538461538,0
7/27/2005,53.824384615384616,0
7/28/2005,17.13733076923077,0
7/29/2005,7.875265461538461,0
7/30/2005,32.12294615384616,0
7/31/2005,210.169,0
8/1/2005,85.74615384615385,0
8/2/2005,7.374638461538462,0
8/3/2005,4.504423846153846,0
8/4/2005,3.445192307692307,0
8/5/2005,12.036423076923075,0
8/6/2005,7.364200000000001,0
8/7/2005,3.6128700000000005,0
8/8/2005,1.154025153846154,0
8/9/2005,1.8642023076923075,0
8/10/2005,0.017007692307692307,0
8/11/2005,0.057736923,0
8/12/2005,0,0
8/13/2005,0.099473538,0
8/14/2005,0.8572721538461537,0
8/15/2005,0.6111776153846153,0
8/16/2005,11.514861538461538,0
8/17/2005,12.265353846153847,0
8/18/2005,1.207543076923077,0
8/19/2005,1.5996515384615384,0
8/20/2005,42.38061538461538,0
8/21/2005,40.39084615384616,0
8/22/2005,7.896238461538461,0
8/23/2005,15.546276923076924,0
8/24/2005,6.908907692307692,0
8/25/2005,8.604307692307692,0
8/26/2005,12.901153846153846,0
8/27/2005,2.087924461538462,0
8/28/2005,0.11606384615384614,0
8/29/2005,5.059777692307692,0
8/30/2005,2.5636403076923076,0
8/31/2005,0.9711276923076922,0
9/1/2005,0,0
9/2/2005,6.007557153846154,0
9/3/2005,3.067811923076923,0
9/4/2005,1.7543807692307694,0
9/5/2005,12.873076923076923,0
9/6/2005,2.974475846153846,0
9/7/2005,0.064276923,0
9/8/2005,1.1080473076923079,0
9/9/2005,9.526853846153847,0
9/10/2005,32.6157,0
9/11/2005,21.925215384615385,0
9/12/2005,10.031815384615385,0
9/13/2005,46.25038461538462,0
9/14/2005,66.91769231,0
9/15/2005,10.960738461538462,0
9/16/2005,3.55742,0
9/17/2005,2.8860529230769236,0
9/18/2005,0.49432876923076924,0
9/19/2005,12.936553846153846,0
9/20/2005,44.24421538461539,0
9/21/2005,22.577946153846156,0
9/22/2005,6.198192307692309,0
9/23/2005,2.8814418461538462,0
9/24/2005,3.7743992307692307,0
9/25/2005,0.22414769230769227,0
9/26/2005,0.22743392307692306,0
9/27/2005,1.8108976923076923,0
9/28/2005,0,0
9/29/2005,1.5189507692307689,0
9/30/2005,1.0655295384615386,0
10/1/2005,5.3415015384615385,0
10/2/2005,4.385532307692308,0
10/3/2005,12.54447246153846,0
10/4/2005,9.535730769,0
10/5/2005,1.1070646153846153,0
10/6/2005,4.051053846153846,0
10/7/2005,4.948640769230769,0
10/8/2005,1.8419723076923076,0
10/9/2005,0,0
10/10/2005,0.041335615,0
10/11/2005,0.071093846,0
10/12/2005,9.646376923076923,0
10/13/2005,3.496729230769231,0
10/14/2005,11.560423076923078,0
10/15/2005,4.9362861538461535,0
10/16/2005,0.3772592307692308,0
10/17/2005,1.215182,0
10/18/2005,5.771507692307693,0
10/19/2005,46.88930769,0
10/20/2005,5.470976923076924,0
10/21/2005,12.9649,0
10/22/2005,14.35183076923077,0
10/23/2005,2.787354615384615,0
10/24/2005,50.16215384615385,0
10/25/2005,10.036071538461536,0
10/26/2005,17.85497846153846,0
10/27/2005,0,0
10/28/2005,0.087506923,0
10/29/2005,2.1552523076923076,0
10/30/2005,0.5110179999999999,0
10/31/2005,0.35808569230769227,0
11/1/2005,2.881859230769231,0
11/2/2005,9.561016923076924,0
11/3/2005,0.6182596923076923,0
11/4/2005,0.9786538461538462,0
11/5/2005,0.030318461538461537,0
11/6/2005,0,0
11/7/2005,0,0
11/8/2005,0,0
11/9/2005,0,0
11/10/2005,0,0
11/11/2005,0,0
11/12/2005,0,0
11/13/2005,0,0
11/14/2005,0,0
11/15/2005,0,0
11/16/2005,0,0
11/17/2005,0,0
11/18/2005,0,0
11/19/2005,0,0
11/20/2005,0,0
11/21/2005,0,0
11/22/2005,0,0
11/23/2005,0,0
11/24/2005,0,0
11/25/2005,0,0
11/26/2005,0,0
11/27/2005,0,0
11/28/2005,0,0
11/29/2005,0,0
11/30/2005,0,0
12/1/2005,0,0
12/2/2005,0,0
12/3/2005,0,0
12/4/2005,0,0
12/5/2005,0,0
12/6/2005,0,0
12/7/2005,0,0
12/8/2005,0,0
12/9/2005,0,0
12/10/2005,0,0
12/11/2005,0,0
12/12/2005,0,0
12/13/2005,0,0
12/14/2005,0,0
12/15/2005,0,0
12/16/2005,0,0
12/17/2005,0,0
12/18/2005,0,0
12/19/2005,0,0
12/20/2005,0,0
12/21/2005,0,0
12/22/2005,0,0
12/23/2005,10.838120000000002,0
12/24/2005,2.5318961538461533,0
12/25/2005,0,0
12/26/2005,0,0
12/27/2005,0,0
12/28/2005,0,0
12/29/2005,0,0
12/30/2005,0,0
12/31/2005,0,0
1/1/2006,0,0
1/2/2006,0,0
1/3/2006,0,0
1/4/2006,0,0
1/5/2006,0,0
1/6/2006,0,0
1/7/2006,0,0
1/8/2006,0,0
1/9/2006,0,0
1/10/2006,0,0
1/11/2006,0,0
1/12/2006,0,0
1/13/2006,0,0
1/14/2006,0,0
1/15/2006,0,0
1/16/2006,0,0
1/17/2006,0,0
1/18/2006,0,0
1/19/2006,0,0
1/20/2006,0,0
1/21/2006,0,0
1/22/2006,0,0
1/23/2006,0,0
1/24/2006,0,0
1/25/2006,0,0
1/26/2006,0,0
1/27/2006,0,0
1/28/2006,0,0
1/29/2006,0,0
1/30/2006,0,0
1/31/2006,0,0
2/1/2006,0,0
2/2/2006,0,0
2/3/2006,0,0
2/4/2006,0,0
2/5/2006,0,0
2/6/2006,0,0
2/7/2006,0,0
2/8/2006,0,0
2/9/2006,0,0
2/10/2006,0,0
2/11/2006,0,0
2/12/2006,0,0
2/13/2006,0,0
2/14/2006,0,0
2/15/2006,0,0
2/16/2006,0,0
2/17/2006,0,0
2/18/2006,0,0
2/19/2006,0,0
2/20/2006,0,0
2/21/2006,0,0
2/22/2006,0,0
2/23/2006,0,0
2/24/2006,0,0
2/25/2006,0,0
2/26/2006,0,0
2/27/2006,0,0
2/28/2006,0,0
3/1/2006,0,0
3/2/2006,0,0
3/3/2006,0,0
3/4/2006,0.021992692,0
3/5/2006,1.6872367692307688,0
3/6/2006,3.541794615384615,0
3/7/2006,6.597107692307692,0
3/8/2006,10.522807692307692,0
3/9/2006,0,0
3/10/2006,0.002304231,0
3/11/2006,0,0
3/12/2006,0.5460333846153846,0
3/13/2006,3.3563938461538454,0
3/14/2006,0,0
3/15/2006,0,0
3/16/2006,0,0
3/17/2006,1.7561707692307693,0
3/18/2006,2.6263961538461538,0
3/19/2006,0.002304231,0
3/20/2006,0,0
3/21/2006,0,0
3/22/2006,0,0
3/23/2006,0,0
3/24/2006,0,0
3/25/2006,0,0
3/26/2006,0,0
3/27/2006,0,0
3/28/2006,0,0
3/29/2006,0,0
3/30/2006,6.464699230769232,0
3/31/2006,0.13885261538461538,0
4/1/2006,0,0
4/2/2006,0,0
4/3/2006,0,0
4/4/2006,0,0
4/5/2006,0,0
4/6/2006,0,0
4/7/2006,0,0
4/8/2006,0,0
4/9/2006,0,0
4/10/2006,0,0
4/11/2006,0,0
4/12/2006,0,0
4/13/2006,0,0
4/14/2006,0.5516938461538461,0
4/15/2006,2.7491577692307696,0
4/16/2006,0.11925392307692308,0
4/17/2006,0.13727276923076923,0
4/18/2006,0.27106146153846156,0
4/19/2006,3.088974615384615,0
4/20/2006,3.134882307692308,0
4/21/2006,0,0
4/22/2006,0,0
4/23/2006,0,0
4/24/2006,1.6750136153846156,0
4/25/2006,0,0
4/26/2006,0,0
4/27/2006,0,0
4/28/2006,0,0
4/29/2006,9.70901,0
4/30/2006,0.44235884615384613,0
5/1/2006,0.40148076923076925,0
5/2/2006,4.8112291538461545,0
5/3/2006,0,0
5/4/2006,6.200083846153847,0
5/5/2006,0.002520231,0
5/6/2006,0.002520231,0
5/7/2006,0.36466846153846155,0
5/8/2006,2.053947692307692,0
5/9/2006,11.377736923076922,0
5/10/2006,3.9785075384615385,0
5/11/2006,2.233474461538462,0
5/12/2006,1.126526923076923,0
5/13/2006,0,0
5/14/2006,0,0
5/15/2006,5.451712307692308,0
5/16/2006,1.5519584615384614,0
5/17/2006,9.834746153846153,0
5/18/2006,0,0
5/19/2006,0.7759892307692307,0
5/20/2006,0,0
5/21/2006,11.19406153846154,0
5/22/2006,2.6867738461538457,0
5/23/2006,0.8330884615384615,0
5/24/2006,2.3546361538461538,0
5/25/2006,3.987528461538462,0
5/26/2006,14.643384615384614,0
5/27/2006,0,0
5/28/2006,1.0241602307692308,0
5/29/2006,3.9657030769230768,0
5/30/2006,7.167423076923076,0
5/31/2006,0.097892308,0
6/1/2006,0,0
6/2/2006,0,0
6/3/2006,12.409961538461538,0
6/4/2006,0.903074,0
6/5/2006,6.7952108461538465,0
6/6/2006,18.88202307692308,0
6/7/2006,13.290960769230772,0
6/8/2006,19.59726153846154,0
6/9/2006,1.7714146153846155,0
6/10/2006,0.22397130769230772,0
6/11/2006,0.17979538461538463,0
6/12/2006,0,0
6/13/2006,0.888523077,0
6/14/2006,0.16598907692307693,0
6/15/2006,0,0
6/16/2006,0,0
6/17/2006,0,0
6/18/2006,4.720475384615384,0
6/19/2006,1.7714373846153844,0
6/20/2006,7.439184615384615,0
6/21/2006,0,0
6/22/2006,10.130507692307692,0
6/23/2006,8.183215384615384,0
6/24/2006,10.472484615384616,0
6/25/2006,2.364756153846154,0
6/26/2006,1.3028683076923078,0
6/27/2006,6.232891846153844,0
6/28/2006,0.11678923076923077,0
6/29/2006,5.960418153846154,0
6/30/2006,1.661961,0
7/1/2006,2.490193076923077,0
7/2/2006,0.660743077,0
7/3/2006,29.172915384615383,0
7/4/2006,50.63594615384616,0
7/5/2006,16.27598461538462,0
7/6/2006,1.907497692307692,0
7/7/2006,0,0
7/8/2006,0,0
7/9/2006,0.7302253076923078,0
7/10/2006,6.703493076923077,0
7/11/2006,3.159836923076923,0
7/12/2006,0.9622866153846155,0
7/13/2006,1.1477476923076924,0
7/14/2006,0.5079982307692308,0
7/15/2006,0.6700112307692307,0
7/16/2006,2.572076923076923,0
7/17/2006,21.521346153846157,0
7/18/2006,13.85037692307692,0
7/19/2006,1.475193076923077,0
7/20/2006,4.2430776923076925,0
7/21/2006,2.0264346153846153,0
7/22/2006,63.41730769230769,0
7/23/2006,17.513584615384616,0
7/24/2006,1.58721,0
7/25/2006,2.7671453846153846,0
7/26/2006,3.2544738461538456,0
7/27/2006,17.8855,0
7/28/2006,19.744292307692312,0
7/29/2006,19.19646923076923,0
7/30/2006,3.6074130769230774,0
7/31/2006,7.839828307692307,0
8/1/2006,0.068555154,0
8/2/2006,6.018884615384616,0
8/3/2006,53.22807692307692,0
8/4/2006,19.170007692307692,0
8/5/2006,10.276007692307692,0
8/6/2006,1.2602699999999998,0
8/7/2006,4.769053076923077,0
8/8/2006,1.379276153846154,0
8/9/2006,0.7424538461538461,0
8/10/2006,0.3823023846153846,0
8/11/2006,0.14751784615384617,0
8/12/2006,2.1088376923076924,0
8/13/2006,52.88538461538461,0
8/14/2006,67.21907692307693,0
8/15/2006,9.945553076923078,0
8/16/2006,34.43576923076923,0
8/17/2006,18.03553846153846,0
8/18/2006,19.536123076923076,0
8/19/2006,8.399776923076924,0
8/20/2006,10.276092307692307,0
8/21/2006,8.527976923076922,0
8/22/2006,27.49866923076923,0
8/23/2006,38.00692307692307,0
8/24/2006,68.16169230769232,0
8/25/2006,19.755269230769233,0
8/26/2006,0.518855077,0
8/27/2006,1.2281617692307694,0
8/28/2006,10.687766153846153,0
8/29/2006,0.8234507692307692,0
8/30/2006,47.588307692307694,0
8/31/2006,56.209538461538465,0
9/1/2006,3.394153846153846,0
9/2/2006,0,0
9/3/2006,0,0
9/4/2006,0.11981107692307692,0
9/5/2006,18.22033846153846,0
9/6/2006,26.27852307692308,0
9/7/2006,9.520022307692308,0
9/8/2006,2.0164407692307695,0
9/9/2006,0.29024592307692304,0
9/10/2006,9.195371538,0
9/11/2006,3.229664307692308,0
9/12/2006,5.86214,0
9/13/2006,7.313353076923077,0
9/14/2006,0.2824453846153846,0
9/15/2006,3.3156769230769223,0
9/16/2006,2.0428061538461537,0
9/17/2006,17.190969230769234,0
9/18/2006,11.875406923076921,0
9/19/2006,4.460783076923078,0
9/20/2006,11.741630769230769,0
9/21/2006,4.5420838461538455,0
9/22/2006,13.733269230769233,0
9/23/2006,27.82783076923077,0
9/24/2006,3.351318461538462,0
9/25/2006,0.6069141538461539,0
9/26/2006,11.29473076923077,0
9/27/2006,0,0
9/28/2006,0,0
9/29/2006,7.701938461538461,0
9/30/2006,16.111015384615385,0
10/1/2006,28.762546153846152,0
10/2/2006,12.076923076923077,0
10/3/2006,0.058400308,0
10/4/2006,0,0
10/5/2006,11.893930000000001,0
10/6/2006,1.3013946153846152,0
10/7/2006,0,0
10/8/2006,0,0
10/9/2006,0.10260630769230769,0
10/10/2006,0,0
10/11/2006,0,0
10/12/2006,0,0
10/13/2006,0,0
10/14/2006,0,0
10/15/2006,0,0
10/16/2006,0,0
10/17/2006,0,0
10/18/2006,0,0
10/19/2006,0,0
10/20/2006,0,0
10/21/2006,8.359951076923078,0
10/22/2006,0,0
10/23/2006,0,0
10/24/2006,0.010024615384615384,0
10/25/2006,0,0
10/26/2006,0,0
10/27/2006,0,0
10/28/2006,0,0
10/29/2006,0.073390154,0
10/30/2006,0.020899384615384615,0
10/31/2006,0.2218903846153846,0
11/1/2006,0.3822406153846154,0
11/2/2006,0.23017492307692308,0
11/3/2006,0.12519315384615387,0
11/4/2006,0.020203077,0
11/5/2006,0,0
11/6/2006,1.2379776923076922,0
11/7/2006,7.239450000000001,0
11/8/2006,0.1285863076923077,0.1
11/9/2006,2.8260153846153844,0.1
11/10/2006,0.14121069230769231,0.1
11/11/2006,1.3093173846153843,0.1
11/12/2006,0.781039077,0.1
11/13/2006,0,0.1
11/14/2006,0,0.1
11/15/2006,0,0.1
11/16/2006,0,0.1
11/17/2006,0,0.1
11/18/2006,0,0.1
11/19/2006,0,0.1
11/20/2006,0,0.1
11/21/2006,0,0.1
11/22/2006,0,0.1
11/23/2006,0,0.1
11/24/2006,0,0.1
11/25/2006,0,0.1
11/26/2006,0,0.1
11/27/2006,0.28628692307692305,0.1
11/28/2006,0,0.1
11/29/2006,0.13732669230769232,0.1
11/30/2006,0,0.1
12/1/2006,0,0.1
12/2/2006,0,0
12/3/2006,0,0
12/4/2006,0,0
12/5/2006,0,0
12/6/2006,0,0
12/7/2006,0,0
12/8/2006,0,0
12/9/2006,0,0
12/10/2006,0,0
12/11/2006,0,0
12/12/2006,0,0
12/13/2006,0,0
12/14/2006,0,0
12/15/2006,0,0
12/16/2006,0,0
12/17/2006,0,0
12/18/2006,0,0
12/19/2006,0,0
12/20/2006,0,0
12/21/2006,0,0
12/22/2006,0,0
12/23/2006,0,0
12/24/2006,0,0
12/25/2006,0,0
12/26/2006,0,0.4
12/27/2006,0,0.4
12/28/2006,0,0.4
12/29/2006,0,0.4
12/30/2006,0,0.4
12/31/2006,0,0.4
1/1/2007,0,0.4
1/2/2007,0,0.4
1/3/2007,0,0.4
1/4/2007,0,0.4
1/5/2007,0,0.4
1/6/2007,0,0.4
1/7/2007,0,0.4
1/8/2007,0,0.4
1/9/2007,0,0.4
1/10/2007,0,0.4
1/11/2007,0,0.4
1/12/2007,0,0.4
1/13/2007,0,0.4
1/14/2007,0,0.4
1/15/2007,0,0.4
1/16/2007,0,0.4
1/17/2007,0,0.4
1/18/2007,0.13857615384615385,0.4
1/19/2007,0,0
1/20/2007,0,0
1/21/2007,0,0
1/22/2007,0,0
1/23/2007,0,0
1/24/2007,0,0
1/25/2007,0,0
1/26/2007,0,0
1/27/2007,0,0
1/28/2007,0,0
1/29/2007,0,0
1/30/2007,0,0
1/31/2007,0,0
2/1/2007,0,0
2/2/2007,0,0
2/3/2007,0,0
2/4/2007,0,0
2/5/2007,0,0
2/6/2007,0,0
2/7/2007,0,0
2/8/2007,0,0
2/9/2007,0.013032538,0
2/10/2007,0.25548461538461537,0
2/11/2007,0,0
2/12/2007,0,0
2/13/2007,0,0
2/14/2007,3.119241538461538,0
2/15/2007,26.664538461538463,0
2/16/2007,0.7056076923076924,0
2/17/2007,0,0
2/18/2007,0.2748519230769231,0
2/19/2007,0,0
2/20/2007,0,0
2/21/2007,0,0
2/22/2007,0,0
2/23/2007,0,0
2/24/2007,0,0
2/25/2007,0,0
2/26/2007,0,0
2/27/2007,0,0
2/28/2007,0,0
3/1/2007,0,0
3/2/2007,0,0
3/3/2007,0,0
3/4/2007,0,0
3/5/2007,0,0
3/6/2007,0,0
3/7/2007,0,0
3/8/2007,0,0
3/9/2007,0,0
3/10/2007,0,0
3/11/2007,0.8892626153846155,0
3/12/2007,0.8156923076923076,0
3/13/2007,1.2465,0
3/14/2007,0,0
3/15/2007,0,0
3/16/2007,0.7509043076923076,0
3/17/2007,0,0
3/18/2007,0,0
3/19/2007,0,0
3/20/2007,0,0
3/21/2007,0,0
3/22/2007,2.0881461538461537,0
3/23/2007,0,0
3/24/2007,0.6713939230769232,0
3/25/2007,0,0
3/26/2007,0,0
3/27/2007,0,0
3/28/2007,0,0
3/29/2007,0,0
3/30/2007,0,0
3/31/2007,0,0
4/1/2007,0,0
4/2/2007,0,0
4/3/2007,0,0
4/4/2007,0,0
4/5/2007,0,0
4/6/2007,0,0
4/7/2007,0,0
4/8/2007,0,0
4/9/2007,0,0
4/10/2007,0.5763199999999998,0
4/11/2007,1.0994753076923078,0
4/12/2007,0,0
4/13/2007,0.3667630769230769,0
4/14/2007,0.3885515384615385,0
4/15/2007,0,0
4/16/2007,0,0
4/17/2007,0,0
4/18/2007,0,0
4/19/2007,0.4435717692307692,0
4/20/2007,0,0
4/21/2007,0.3647776923076923,0
4/22/2007,1.2034653846153847,0
4/23/2007,0.11830769230769231,0
4/24/2007,0.030042923076923078,0
4/25/2007,0,2.8
4/26/2007,0,2.8
4/27/2007,0,2.8
4/28/2007,0,2.8
4/29/2007,0,2.8
4/30/2007,0,2.8
5/1/2007,0,2.8
5/2/2007,5.588012307692308,2.8
5/3/2007,0.13058923076923076,2.8
5/4/2007,0.042692462,2.8
5/5/2007,0.18566869230769228,2.8
5/6/2007,0,2.8
5/7/2007,0.025062923076923076,2.8
5/8/2007,0.968094154,2.8
5/9/2007,6.4740523076923076,2.8
5/10/2007,10.672460000000001,2.8
5/11/2007,0.4152692307692307,2.8
5/12/2007,0,2.8
5/13/2007,0.045203230769230766,2.8
5/14/2007,12.239346153846153,2.8
5/15/2007,0,2.8
5/16/2007,1.438663769230769,2.8
5/17/2007,5.2670815384615395,2.8
5/18/2007,7.517869231,2.8
5/19/2007,2.7470146153846153,0
5/20/2007,2.119877230769231,0
5/21/2007,0.6500784615384615,0
5/22/2007,8.360473076923075,0
5/23/2007,0.002520231,0
5/24/2007,0,0
5/25/2007,0,0
5/26/2007,0.032278769,0
5/27/2007,0,0
5/28/2007,0,0
5/29/2007,0.020114846153846153,0
5/30/2007,0.5777942307692308,0
5/31/2007,0,0
6/1/2007,0,0
6/2/2007,0.013069538461538462,0
6/3/2007,8.708913076923078,0
6/4/2007,0.3581992307692307,0
6/5/2007,0.15971553846153846,0
6/6/2007,8.749456153846156,0
6/7/2007,0,0
6/8/2007,2.0684152307692307,0
6/9/2007,5.186468461538463,0
6/10/2007,6.243356923076923,0
6/11/2007,6.614523076923078,0
6/12/2007,15.789053846153848,0.4
6/13/2007,0,0.4
6/14/2007,1.0900043846153846,0.4
6/15/2007,9.859823076923078,0.4
6/16/2007,6.301890769230768,0.4
6/17/2007,5.146583692307693,0.4
6/18/2007,0.15192076923076922,0.4
6/19/2007,28.812915384615387,0.4
6/20/2007,2.9316099999999996,0.4
6/21/2007,0.027920384615384614,0.4
6/22/2007,3.493243769230769,0.4
6/23/2007,21.96566153846154,0.4
6/24/2007,19.915669230769222,0.4
6/25/2007,25.415846153846157,0.4
6/26/2007,15.33723076923077,0.4
6/27/2007,21.015076923076922,0.4
6/28/2007,5.575592307692308,0.4
6/29/2007,7.519507692307692,0.4
6/30/2007,18.267500000000002,0.4
7/1/2007,61.10646153846154,0.4
7/2/2007,3.0240553846153846,0.4
7/3/2007,8.949599999999998,0.4
7/4/2007,3.5608266153846158,0.4
7/5/2007,0.7872677692307691,0.4
7/6/2007,7.700784615384616,4.4
7/7/2007,24.800192307692306,4.4
7/8/2007,46.93143846153846,4.4
7/9/2007,0.8854023076923077,4.4
7/10/2007,0.020203077,4.4
7/11/2007,0.9976061538461537,4.4
7/12/2007,0.013069538461538462,4.4
7/13/2007,6.342906923076923,4.4
7/14/2007,10.366107692307692,4.4
7/15/2007,0.549939,4.4
7/16/2007,2.8341846153846153,4.4
7/17/2007,7.890315384615385,4.4
7/18/2007,4.6970269230769235,4.4
7/19/2007,1.1975753846153845,4.4
7/20/2007,9.580769230769231,4.4
7/21/2007,16.482307692307696,4.4
7/22/2007,2.2067753846153844,4.4
7/23/2007,2.2221507692307694,4.4
7/24/2007,6.345835384615385,4.4
7/25/2007,1.7314950000000005,4.4
7/26/2007,2.7753976923076924,4.4
7/27/2007,14.682084615384614,4.4
7/28/2007,9.359046153846155,4.4
7/29/2007,12.002084615384616,4.4
7/30/2007,2.4019700000000004,0
7/31/2007,0.038308461538461534,0
8/1/2007,1.4637307692307693,0
8/2/2007,0,0
8/3/2007,6.109411538461539,0
8/4/2007,5.084826923076923,0
8/5/2007,7.597776923076922,0
8/6/2007,7.407979999999999,0
8/7/2007,42.60723076923077,0
8/8/2007,38.8155,0
8/9/2007,3.3613653846153846,0
8/10/2007,5.175126153846154,0
8/11/2007,2.8524430769230773,0
8/12/2007,22.296538461538457,0
8/13/2007,23.87235384615385,0
8/14/2007,19.31463846153846,0
8/15/2007,1.545153538461538,0
8/16/2007,0.060023231,0
8/17/2007,1.8256051538461537,0
8/18/2007,0.028648461538461536,0
8/19/2007,3.7740692307692307,0
8/20/2007,17.13598461538462,0
8/21/2007,29.29526153846154,0
8/22/2007,19.74760769230769,0
8/23/2007,2.499367692307693,0
8/24/2007,3.4838653846153846,0
8/25/2007,4.644885384615384,0
8/26/2007,2.231149076923077,0
8/27/2007,7.6197430769230765,0
8/28/2007,9.612838461538463,0
8/29/2007,31.89807692307692,0
8/30/2007,5.3303230769230785,0
8/31/2007,0.017433153846153845,0
9/1/2007,0.2309616153846154,0
9/2/2007,4.3218256923076925,0
9/3/2007,3.2425092307692314,0
9/4/2007,12.94797692307692,0
9/5/2007,9.594915384615387,0
9/6/2007,15.782846153846155,0
9/7/2007,47.328307692307696,0
9/8/2007,17.355584615384615,0
9/9/2007,1.3130796923076922,0
9/10/2007,14.72106923076923,0
9/11/2007,3.4770846153846153,0
9/12/2007,0.24127953846153846,0
9/13/2007,2.391542307692308,0
9/14/2007,13.71174615384615,0
9/15/2007,23.31753846153846,0
9/16/2007,13.33613846153846,0
9/17/2007,1.9936861538461537,0
9/18/2007,1.6173375384615387,0
9/19/2007,2.2614544615384617,0
9/20/2007,4.1769792307692315,0
9/21/2007,8.892038461538462,0
9/22/2007,14.069307692307696,0
9/23/2007,30.395469230769233,0
9/24/2007,97.77961538,0
9/25/2007,54.765153846153844,0
9/26/2007,3.9767915384615384,0
9/27/2007,10.29943923076923,0
9/28/2007,7.0390999999999995,0
9/29/2007,19.73426846153846,0
9/30/2007,4.207350769,0
10/1/2007,3.9886476923076915,0
10/2/2007,1.918895076923077,0
10/3/2007,1.3223799999999999,0
10/4/2007,3.054610769230769,0
10/5/2007,0.4475557692307692,0
10/6/2007,1.1629046153846152,0
10/7/2007,2.6872192307692306,0
10/8/2007,0.1703413076923077,0
10/9/2007,13.240384615384613,0
10/10/2007,0,0
10/11/2007,0,0
10/12/2007,0,0
10/13/2007,0,0
10/14/2007,0,0
10/15/2007,0,0
10/16/2007,0,0
10/17/2007,0.20657384615384616,0
10/18/2007,0.026058461538461537,0
10/19/2007,8.65543,0
10/20/2007,0.6832399999999998,0
10/21/2007,0.002688231,0
10/22/2007,0,0
10/23/2007,0,0
10/24/2007,0,0
10/25/2007,0,0
10/26/2007,0,0
10/27/2007,0,0
10/28/2007,0,0
10/29/2007,0,0
10/30/2007,0,0
10/31/2007,0,0
11/1/2007,3.2521081538461534,0
11/2/2007,3.8301630769230766,0
11/3/2007,2.29203,0
11/4/2007,0.12471553846153845,0
11/5/2007,0,0
11/6/2007,0,0
11/7/2007,0,0
11/8/2007,0,0
11/9/2007,0,0
11/10/2007,0,0
11/11/2007,0,0
11/12/2007,0,0
11/13/2007,0,0
11/14/2007,0,0
11/15/2007,0,0
11/16/2007,0,0
11/17/2007,0,0
11/18/2007,0,0
11/19/2007,0,0
11/20/2007,0,0
11/21/2007,0,0
11/22/2007,0,0
11/23/2007,0,0
11/24/2007,0,0
11/25/2007,0,0
11/26/2007,0,0
11/27/2007,0,0
11/28/2007,0,0
11/29/2007,0,0
11/30/2007,0,0
12/1/2007,0,0
12/2/2007,0,0
12/3/2007,0,0
12/4/2007,0,0
12/5/2007,0,0
12/6/2007,0,0
12/7/2007,0,0
12/8/2007,0,0
12/9/2007,0,0
12/10/2007,0,0
12/11/2007,0,0
12/12/2007,0,0
12/13/2007,0,0
12/14/2007,0,0
12/15/2007,0,0
12/16/2007,0,0
12/17/2007,0,0
12/18/2007,0,0
12/19/2007,0,0
12/20/2007,0,0
12/21/2007,0,0
12/22/2007,0,0
12/23/2007,0,0
12/24/2007,0,0
12/25/2007,0,0
12/26/2007,0,0
12/27/2007,0,0
12/28/2007,0,0
12/29/2007,0,0
12/30/2007,0,0
12/31/2007,0,0
1/1/2008,0,0
1/2/2008,0,0
1/3/2008,0,0
1/4/2008,0,0
1/5/2008,0,0
1/6/2008,0,0
1/7/2008,0,0
1/8/2008,0,0
1/9/2008,0,0
1/10/2008,0,0
1/11/2008,0,0
1/12/2008,0,0
1/13/2008,0,0
1/14/2008,0,0
1/15/2008,0,0
1/16/2008,0.060757692,0
1/17/2008,0,0
1/18/2008,0,0
1/19/2008,0,0
1/20/2008,0,0
1/21/2008,0,0
1/22/2008,0,0
1/23/2008,0,0
1/24/2008,0,0
1/25/2008,0,0
1/26/2008,1.2384661538461539,0
1/27/2008,29.323769230769237,0
1/28/2008,9.273476923076924,0
1/29/2008,0,0
1/30/2008,0,0
1/31/2008,0,0
2/1/2008,0.3076007692307693,0
2/2/2008,0,0
2/3/2008,0,0
2/4/2008,0,0
2/5/2008,0,0
2/6/2008,0.004725462,0
2/7/2008,1.5726438461538461,0
2/8/2008,0,0
2/9/2008,0,0
2/10/2008,0.9689603846153846,0
2/11/2008,1.9131115384615387,0
2/12/2008,0,0
2/13/2008,0.11946107692307692,0
2/14/2008,0.002688231,0
2/15/2008,0,0
2/16/2008,0,0
2/17/2008,0,0
2/18/2008,0,0
2/19/2008,0,0
2/20/2008,0,0
2/21/2008,0,0
2/22/2008,0,0
2/23/2008,0,0
2/24/2008,0,0
2/25/2008,0,0
2/26/2008,0,0
2/27/2008,0,0
2/28/2008,0,0
2/29/2008,0,0
3/1/2008,0,0
3/2/2008,0,0
3/3/2008,0,0
3/4/2008,0,0
3/5/2008,0,0
3/6/2008,0,0
3/7/2008,0,0
3/8/2008,0,0
3/9/2008,0,0
3/10/2008,0,0
3/11/2008,0,0
3/12/2008,0,0
3/13/2008,0,0
3/14/2008,0,0
3/15/2008,0,0
3/16/2008,0,0
3/17/2008,0,0
3/18/2008,0,0
3/19/2008,0,0
3/20/2008,0,0
3/21/2008,3.0367742307692303,0
3/22/2008,0,0
3/23/2008,0.003840308,0
3/24/2008,0.11678692307692308,0
3/25/2008,6.283929999999999,0
3/26/2008,0.5170867692307692,0
3/27/2008,0.6933556153846153,0
3/28/2008,0.006932462,0
3/29/2008,0,0
3/30/2008,0,0
3/31/2008,0.15068076923076923,0
4/1/2008,2.9274308461538463,0
4/2/2008,3.224353076923076,0
4/3/2008,0.070434154,0
4/4/2008,0.3649815384615384,0
4/5/2008,3.796533076923077,0
4/6/2008,13.649000000000003,0
4/7/2008,5.919415384615385,0
4/8/2008,0,0
4/9/2008,0,0
4/10/2008,0,0
4/11/2008,0,0
4/12/2008,0,0
4/13/2008,0,0
4/14/2008,0,0
4/15/2008,0,0
4/16/2008,0.2872067692307692,0
4/17/2008,0,0
4/18/2008,0,0
4/19/2008,0,0
4/20/2008,0,0
4/21/2008,0,0
4/22/2008,0,0
4/23/2008,0,0
4/24/2008,0,0
4/25/2008,0,0
4/26/2008,0,0
4/27/2008,0,0
4/28/2008,0,0
4/29/2008,0,0
4/30/2008,0,0
5/1/2008,0,0
5/2/2008,0,0
5/3/2008,0.6836507692307693,0
5/4/2008,0,0
5/5/2008,0,0
5/6/2008,0,0
5/7/2008,0,0
5/8/2008,9.692330769230768,0
5/9/2008,0.22257153846153846,0
5/10/2008,0.3313688461538461,0
5/11/2008,0.009781308,0
5/12/2008,1.085491923076923,0
5/13/2008,5.585316153846154,1.4
5/14/2008,5.984350769230769,1.4
5/15/2008,0.003129077,1.4
5/16/2008,0,1.4
5/17/2008,0.002781385,1.4
5/18/2008,0,1.4
5/19/2008,0,1.4
5/20/2008,0.22213461538461537,1.4
5/21/2008,0.009781308,1.4
5/22/2008,2.5597800000000004,1.4
5/23/2008,0.049763846,1.4
5/24/2008,1.0123636153846154,1.4
5/25/2008,2.3854785384615385,1.4
5/26/2008,1.0016195384615385,1.4
5/27/2008,0.075686154,1.4
5/28/2008,0.2465836923076923,1.4
5/29/2008,1.6164523076923074,1.4
5/30/2008,0,1.4
5/31/2008,1.8815453846153847,1.4
6/1/2008,1.1089195384615385,1.4
6/2/2008,1.8683963076923078,1.4
6/3/2008,1.1342123076923079,1.4
6/4/2008,0.13732669230769232,1.4
6/5/2008,5.018799999999999,1.4
6/6/2008,1.1187915384615386,0
6/7/2008,14.063076923076922,0
6/8/2008,6.519123076923076,0
6/9/2008,0.054444615,0
6/10/2008,22.82907692307692,0
6/11/2008,21.07370769230769,0
6/12/2008,16.602523076923077,0
6/13/2008,3.142323846153846,0
6/14/2008,0.6541431538461538,0
6/15/2008,1.7124392307692309,0
6/16/2008,14.76257692307692,0
6/17/2008,25.191153846153846,0
6/18/2008,29.963076923076922,0
6/19/2008,25.468092307692306,0
6/20/2008,5.696584615384617,0
6/21/2008,9.023699230769232,0
6/22/2008,4.009956153846155,0
6/23/2008,18.44483076923077,0
6/24/2008,10.860925384615387,0
6/25/2008,6.968115384615386,0
6/26/2008,2.9344761538461546,0
6/27/2008,22.203461538461543,0
6/28/2008,5.3182307692307695,0
6/29/2008,11.792092307692311,0
6/30/2008,3.711460769230769,0
7/1/2008,2.3549007692307695,0
7/2/2008,2.6730815384615383,0
7/3/2008,10.872292307692309,0
7/4/2008,1.603303923076923,0
7/5/2008,0.31452615384615384,0
7/6/2008,0.15276307692307695,0
7/7/2008,25.94936923076924,0
7/8/2008,6.789515384615385,0
7/9/2008,6.068180769,0
7/10/2008,34.15451538461538,0
7/11/2008,3.541263076923076,0
7/12/2008,10.78267923076923,0
7/13/2008,1.1887023076923078,0
7/14/2008,2.091186153846154,0
7/15/2008,7.2334038461538475,0
7/16/2008,3.056546153846154,0
7/17/2008,28.040692307692307,0
7/18/2008,10.844815384615384,0
7/19/2008,5.797322076923076,0
7/20/2008,2.8338438461538455,0
7/21/2008,4.8420992307692305,0
7/22/2008,1.516998461538462,0
7/23/2008,3.319076153846154,0
7/24/2008,2.7219592307692304,0
7/25/2008,16.161492307692306,0
7/26/2008,5.4135884615384615,0
7/27/2008,4.347467692307692,0
7/28/2008,28.349538461538454,0
7/29/2008,24.833446153846158,0
7/30/2008,9.476707692307691,0
7/31/2008,25.22534615384616,0
8/1/2008,28.139538461538457,0
8/2/2008,9.281876923076924,0
8/3/2008,8.632923076923076,0
8/4/2008,12.00930769230769,0
8/5/2008,12.721699999999998,0
8/6/2008,4.8162899999999995,0
8/7/2008,3.1453615384615388,0
8/8/2008,9.733269230769231,0
8/9/2008,4.351787692307692,0
8/10/2008,22.20069231,0
8/11/2008,19.453076923076924,0
8/12/2008,23.16486923076923,0
8/13/2008,9.747761538461539,0
8/14/2008,4.852229538461538,0
8/15/2008,2.5260000000000007,0
8/16/2008,24.86986153846154,0
8/17/2008,10.858684615384615,0
8/18/2008,6.6622992307692295,0
8/19/2008,12.553799999999999,0
8/20/2008,2.4045184615384616,0
8/21/2008,18.060553846153844,0
8/22/2008,7.597246153846152,0
8/23/2008,49.042715384615384,0
8/24/2008,21.276830769230767,0
8/25/2008,6.913469230769231,0
8/26/2008,13.176870769230767,0
8/27/2008,13.444690769230768,0
8/28/2008,0.7707653846153846,0
8/29/2008,1.0431844615384613,0
8/30/2008,4.881745384615384,0
8/31/2008,2.624421538461538,0
9/1/2008,14.50045,0
9/2/2008,2.5713130769230768,0
9/3/2008,9.265553846153846,0
9/4/2008,2.531053153846154,0
9/5/2008,10.659361538461537,0
9/6/2008,4.213832307692307,0
9/7/2008,1.1470994615384615,0
9/8/2008,2.597556923076923,0
9/9/2008,0.7795284615384616,0
9/10/2008,11.79313076923077,0
9/11/2008,8.791546153846154,0
9/12/2008,16.09649230769231,0
9/13/2008,17.226076923076924,0
9/14/2008,12.75066153846154,0
9/15/2008,10.774515384615382,0
9/16/2008,21.818276923076926,0
9/17/2008,31.43407692307693,0
9/18/2008,106.84207692307693,0
9/19/2008,89.56338461538462,0
9/20/2008,2.4520761538461535,0
9/21/2008,0.035158461538461534,0
9/22/2008,0.9928020769230769,0
9/23/2008,4.92493,0
9/24/2008,10.084861538461537,0
9/25/2008,2.029047846153846,0
9/26/2008,7.179915384615385,0
9/27/2008,0,0
9/28/2008,0,0
9/29/2008,0.17032846153846154,0
9/30/2008,0.6186038461538461,0
10/1/2008,0.243025,0
10/2/2008,0.2131162307692308,0
10/3/2008,0.019957692307692308,0
10/4/2008,0,0
10/5/2008,0.13560846153846154,0
10/6/2008,0,0
10/7/2008,1.8771219230769232,0
10/8/2008,2.6918992307692307,0
10/9/2008,0.32150538461538464,0
10/10/2008,0,0
10/11/2008,1.689232307692308,0
10/12/2008,1.438413076923077,0
10/13/2008,0,0
10/14/2008,0,0
10/15/2008,0,0
10/16/2008,0,0
10/17/2008,0,0
10/18/2008,0,0
10/19/2008,0,0
10/20/2008,0,0
10/21/2008,0.3271007692307692,0
10/22/2008,0,0
10/23/2008,0,0
10/24/2008,0,0
10/25/2008,0.068493077,0
10/26/2008,0.11939892307692308,0
10/27/2008,0.3949946153846154,0
10/28/2008,0,0
10/29/2008,0,0
10/30/2008,0,0
10/31/2008,0,0
11/1/2008,0,0
11/2/2008,0,0
11/3/2008,0,0
11/4/2008,0,0
11/5/2008,0,0
11/6/2008,0,0
11/7/2008,0,0
11/8/2008,0,0
11/9/2008,0,0
11/10/2008,0,0
11/11/2008,0,0
11/12/2008,0,0
11/13/2008,0,0
11/14/2008,0,0
11/15/2008,0,0
11/16/2008,0.002506154,0
11/17/2008,0.4837946153846154,0
11/18/2008,0.7437630769230767,0
11/19/2008,0,0
11/20/2008,0,0
11/21/2008,0,3.5
11/22/2008,0,3.5
11/23/2008,0,3.5
11/24/2008,0,3.5
11/25/2008,0,3.5
11/26/2008,0,3.5
11/27/2008,0,3.5
11/28/2008,0,3.5
11/29/2008,0,3.5
11/30/2008,0,3.5
12/1/2008,0,3.5
12/2/2008,0,3.5
12/3/2008,0,3.5
12/4/2008,0,3.5
12/5/2008,0,3.5
12/6/2008,0,3.5
12/7/2008,0,3.5
12/8/2008,0,3.5
12/9/2008,0,3.5
12/10/2008,0,3.5
12/11/2008,0,3.5
12/12/2008,0,3.5
12/13/2008,0,3.5
12/14/2008,0,3.5
12/15/2008,0,0
12/16/2008,0,0
12/17/2008,0,0
12/18/2008,0,0
12/19/2008,0,0
12/20/2008,0,0
12/21/2008,0,0
12/22/2008,0,0
12/23/2008,0,0
12/24/2008,0,0
12/25/2008,0,0
12/26/2008,0,0
12/27/2008,0,0
12/28/2008,0,0
12/29/2008,0,0
12/30/2008,0,0
12/31/2008,0,0
1/1/2009,0,0
1/2/2009,0,0
1/3/2009,0,0
1/4/2009,0,0
1/5/2009,0,0
1/6/2009,0,0
1/7/2009,0,0
1/8/2009,0,0
1/9/2009,0,0
1/10/2009,0,0
1/11/2009,0,0
1/12/2009,0,0
1/13/2009,0,0
1/14/2009,0,0
1/15/2009,0,0
1/16/2009,0,0
1/17/2009,0,0
1/18/2009,0,0
1/19/2009,0,0
1/20/2009,0,0
1/21/2009,0,0
1/22/2009,0,0
1/23/2009,0,0
1/24/2009,0,0
1/25/2009,0,0
1/26/2009,0,0
1/27/2009,0,0
1/28/2009,0,0
1/29/2009,0,0
1/30/2009,0,0
1/31/2009,0,0
2/1/2009,0,0
2/2/2009,0,0
2/3/2009,0,0
2/4/2009,0,0
2/5/2009,0,0
2/6/2009,0,0
2/7/2009,0,0
2/8/2009,0,0
2/9/2009,0,0
2/10/2009,0,0
2/11/2009,0,0
2/12/2009,0,0
2/13/2009,0,0
2/14/2009,0,0
2/15/2009,0,0
2/16/2009,0,0
2/17/2009,0,0
2/18/2009,0,0
2/19/2009,0,0
2/20/2009,0,0
2/21/2009,0,0
2/22/2009,0,0
2/23/2009,0,0
2/24/2009,0,0
2/25/2009,0,25.1
2/26/2009,0,25.1
2/27/2009,0,25.1
2/28/2009,0,25.1
3/1/2009,0,25.1
3/2/2009,0,25.1
3/3/2009,0,25.1
3/4/2009,0,25.1
3/5/2009,0,25.1
3/6/2009,0,25.1
3/7/2009,0,25.1
3/8/2009,0,25.1
3/9/2009,0,25.1
3/10/2009,0,25.1
3/11/2009,0,25.1
3/12/2009,0,25.1
3/13/2009,0,25.1
3/14/2009,0,25.1
3/15/2009,0,25.1
3/16/2009,0,25.1
3/17/2009,0,25.1
3/18/2009,0,25.1
3/19/2009,0,25.1
3/20/2009,0,25.1
3/21/2009,0.42854123076923073,0
3/22/2009,0.23506738461538462,0
3/23/2009,0,0
3/24/2009,0.075675,0
3/25/2009,0.7758245384615384,0
3/26/2009,0,0
3/27/2009,2.62755,0
3/28/2009,0,0
3/29/2009,0,0
3/30/2009,0,0
3/31/2009,1.7685064615384614,0
4/1/2009,0.013602230769230768,0
4/2/2009,0,0
4/3/2009,0,0
4/4/2009,0,0
4/5/2009,0,0
4/6/2009,0,0
4/7/2009,0,0
4/8/2009,0,0
4/9/2009,0.31452769230769234,0
4/10/2009,0.38938746153846143,0
4/11/2009,0.015956923076923077,0
4/12/2009,0,0
4/13/2009,0,0
4/14/2009,0,0
4/15/2009,0,0
4/16/2009,0,0
4/17/2009,0,0
4/18/2009,0,0
4/19/2009,0,0
4/20/2009,0.4026335384615384,0
4/21/2009,0,0
4/22/2009,0,0
4/23/2009,1.1390169230769231,0
4/24/2009,0,0
4/25/2009,0,0
4/26/2009,0,0
4/27/2009,0,0
4/28/2009,0,0
4/29/2009,0,0
4/30/2009,0,0
5/1/2009,0,0
5/2/2009,0,0
5/3/2009,0,0
5/4/2009,0.24199076923076923,0
5/5/2009,0.7212938461538461,0
5/6/2009,0.050082692307692314,0
5/7/2009,3.6791915384615383,0
5/8/2009,2.1532131538461536,0
5/9/2009,0,0
5/10/2009,0,0
5/11/2009,0,0
5/12/2009,0,0
5/13/2009,0,0
5/14/2009,0.5582626153846154,0
5/15/2009,4.686083923076923,0
5/16/2009,2.806166538461539,0
5/17/2009,0.14462907692307692,0
5/18/2009,0.015213769230769229,0
5/19/2009,4.442779230769231,0
5/20/2009,0,0
5/21/2009,1.330226153846154,0
5/22/2009,2.1269807692307694,0
5/23/2009,0.2578893846153846,0
5/24/2009,0,0
5/25/2009,0,0
5/26/2009,7.901000769230768,0
5/27/2009,1.64408,0
5/28/2009,0,0
5/29/2009,0.15831692307692305,0
5/30/2009,0,0
5/31/2009,13.487707692307692,0
6/1/2009,0.007178538,0
6/2/2009,0.8253936923076921,0
6/3/2009,0.2560703076923077,0
6/4/2009,0,0
6/5/2009,0.33005799999999996,0
6/6/2009,3.2475615384615377,0
6/7/2009,6.451692307692307,0
6/8/2009,8.355138846153846,0
6/9/2009,0,0
6/10/2009,0,0
6/11/2009,0.11221853846153847,0
6/12/2009,7.412661538461538,0
6/13/2009,1.8626815384615385,0
6/14/2009,2.8255733846153843,0
6/15/2009,0.6696752307692306,0
6/16/2009,2.2377276923076925,0
6/17/2009,0,0
6/18/2009,0,0
6/19/2009,2.2551407692307692,0
6/20/2009,0,0
6/21/2009,0.963106077,0
6/22/2009,0,0
6/23/2009,0,0
6/24/2009,2.967505230769231,0
6/25/2009,0,0
6/26/2009,3.670848461538461,0
6/27/2009,0,0
6/28/2009,0.045933308,0
6/29/2009,2.3271961538461543,0
6/30/2009,0.77141,0
7/1/2009,3.0430169230769235,0
7/2/2009,7.887507692307694,0
7/3/2009,5.3640384615384615,0
7/4/2009,24.495515384615377,0
7/5/2009,5.049138461538462,0
7/6/2009,0.733995846,0
7/7/2009,5.278644615384615,0
7/8/2009,18.080584615384616,0
7/9/2009,6.930853846153847,0
7/10/2009,2.3847,0
7/11/2009,28.237753846153847,0
7/12/2009,3.887252307692308,0
7/13/2009,32.21510769230769,0
7/14/2009,93.05607692307693,0
7/15/2009,67.21769230769232,0
7/16/2009,70.67584615384615,0
7/17/2009,2.5574307692307694,0
7/18/2009,1.5368753846153846,0
7/19/2009,0.211788,0
7/20/2009,77.70853846153844,0
7/21/2009,28.54446153846154,0
7/22/2009,99.25069231,0
7/23/2009,3.596803846153846,0
7/24/2009,3.6668753846153845,0
7/25/2009,0.014967692307692309,0
7/26/2009,0,0
7/27/2009,0,0
7/28/2009,0.12232076923076923,0
7/29/2009,1.6306384615384617,0
7/30/2009,0.9662543846153847,0
7/31/2009,2.42456,0
8/1/2009,0.8572942307692308,0
8/2/2009,0.002948077,0
8/3/2009,0.002587538,0
8/4/2009,0.5493235384615385,0
8/5/2009,3.702563846153846,0
8/6/2009,0.2307643076923077,0
8/7/2009,0,0
8/8/2009,0,0
8/9/2009,0.039409230769230766,0
8/10/2009,12.370738461538462,0
8/11/2009,0.3764576923076923,0
8/12/2009,3.3521923076923077,10.5
8/13/2009,4.272733846153846,10.5
8/14/2009,1.1269806923076922,10.5
8/15/2009,55.754307692307684,10.5
8/16/2009,23.219976923076935,10.5
8/17/2009,3.286653846153846,10.5
8/18/2009,0.12752884615384616,10.5
8/19/2009,1.281599076923077,10.5
8/20/2009,3.546593076923078,10.5
8/21/2009,36.65584615384615,10.5
8/22/2009,18.46303076923077,10.5
8/23/2009,1.2121648461538461,10.5
8/24/2009,0.3672969230769231,10.5
8/25/2009,13.520646153846153,10.5
8/26/2009,15.512976923076927,10.5
8/27/2009,23.338846153846156,10.5
8/28/2009,19.457276923076925,10.5
8/29/2009,16.50567692307692,10.5
8/30/2009,5.256304615384615,10.5
8/31/2009,3.2648966923076923,10.5
9/1/2009,4.079286923076923,10.5
9/2/2009,0,10.5
9/3/2009,2.599718384615385,10.5
9/4/2009,0.24913938461538462,10.5
9/5/2009,0.21440692307692305,0.1
9/6/2009,20.836869230769235,0.1
9/7/2009,11.289976923076923,0.1
9/8/2009,4.751907692307691,0.1
9/9/2009,0.14722215384615384,0.1
9/10/2009,13.905750769230767,0.1
9/11/2009,0.014593307692307694,0.1
9/12/2009,0.3319507692307692,0.1
9/13/2009,2.5935923076923078,0.1
9/14/2009,0.6951476923076924,0.1
9/15/2009,0.098429077,0.1
9/16/2009,0,0.1
9/17/2009,0.20131707692307693,0.1
9/18/2009,0.7054865384615384,0.1
9/19/2009,1.0362164615384617,0.1
9/20/2009,24.096615384615387,0.1
9/21/2009,2.5474513846153846,0.1
9/22/2009,4.031115384615384,0.1
9/23/2009,3.085273846153846,0.1
9/24/2009,1.3779757692307693,0.1
9/25/2009,1.5792939230769234,0.1
9/26/2009,1.2512973846153845,0.1
9/27/2009,1.5047220769230771,0.1
9/28/2009,0.9350486153846155,0.1
9/29/2009,4.159813000000001,18.7
9/30/2009,14.858646153846156,18.7
10/1/2009,8.997084615384615,18.7
10/2/2009,20.80514615384615,18.7
10/3/2009,66.79184615384617,18.7
10/4/2009,23.994307692307697,18.7
10/5/2009,13.661778769230768,18.7
10/6/2009,9.725553846153847,18.7
10/7/2009,4.181529230769231,18.7
10/8/2009,3.374738461538461,18.7
10/9/2009,13.229863846153846,18.7
10/10/2009,0,18.7
10/11/2009,0,18.7
10/12/2009,0,18.7
10/13/2009,0,18.7
10/14/2009,0,18.7
10/15/2009,0,18.7
10/16/2009,0,18.7
10/17/2009,0,18.7
10/18/2009,0,18.7
10/19/2009,0,18.7
10/20/2009,0,18.7
10/21/2009,0.045738153846153845,18.7
10/22/2009,0,18.7
10/23/2009,0,6
10/24/2009,0,6
10/25/2009,0,6
10/26/2009,0,6
10/27/2009,0,6
10/28/2009,0,6
10/29/2009,0,6
10/30/2009,0,6
10/31/2009,0,6
11/1/2009,0,6
11/2/2009,0,6
11/3/2009,0,6
11/4/2009,0,6
11/5/2009,0,6
11/6/2009,0.12452238461538462,6
11/7/2009,1.2835415384615383,6
11/8/2009,0,6
11/9/2009,0,6
11/10/2009,0,6
11/11/2009,0,6
11/12/2009,0,6
11/13/2009,0.8826636153846154,6
11/14/2009,4.255716230769231,6
11/15/2009,0,6
11/16/2009,0,0.1
11/17/2009,0,0.1
11/18/2009,2.657749461538461,0.1
11/19/2009,6.171499999999999,0.1
11/20/2009,16.919184615384616,0.1
11/21/2009,0,0.1
11/22/2009,0,0.1
11/23/2009,0,0.1
11/24/2009,0,0.1
11/25/2009,0,0.1
11/26/2009,0,0.1
11/27/2009,0,0.1
11/28/2009,0,0.1
11/29/2009,0,0.1
11/30/2009,0,0.1
12/1/2009,0,0.1
12/2/2009,0,0.1
12/3/2009,0,0.1
12/4/2009,0,0.1
12/5/2009,0,0.1
12/6/2009,0,0.1
12/7/2009,0,0.1
12/8/2009,0,0.1
12/9/2009,0,0.1
12/10/2009,0,5.1
12/11/2009,0,5.1
12/12/2009,0,5.1
12/13/2009,0,5.1
12/14/2009,0,5.1
12/15/2009,0,5.1
12/16/2009,0,5.1
12/17/2009,0,5.1
12/18/2009,0,5.1
12/19/2009,0,5.1
12/20/2009,0,5.1
12/21/2009,0,5.1
12/22/2009,0,5.1
12/23/2009,0,5.1
12/24/2009,0,5.1
12/25/2009,0,5.1
12/26/2009,0,5.1
12/27/2009,0,5.1
12/28/2009,0,5.1
12/29/2009,0,5.1
12/30/2009,0,5.1
12/31/2009,0,5.1
1/1/2010,0,5.1
1/2/2010,0,5.1
1/3/2010,0,4.9
1/4/2010,0,4.9
1/5/2010,0,4.9
1/6/2010,0,4.9
1/7/2010,0,4.9
1/8/2010,0,4.9
1/9/2010,0,4.9
1/10/2010,0,4.9
1/11/2010,0,4.9
1/12/2010,0.31087046153846154,4.9
1/13/2010,0,4.9
1/14/2010,0.004711538,4.9
1/15/2010,13.596053615384616,4.9
1/16/2010,0,4.9
1/17/2010,0,4.9
1/18/2010,0,4.9
1/19/2010,0,4.9
1/20/2010,0,4.9
1/21/2010,0,4.9
1/22/2010,0,4.9
1/23/2010,0,4.9
1/24/2010,0,4.9
1/25/2010,0,4.9
1/26/2010,0,4.9
1/27/2010,0,21.6
1/28/2010,0,21.6
1/29/2010,0,21.6
1/30/2010,0,21.6
1/31/2010,0,21.6
2/1/2010,0,21.6
2/2/2010,0,21.6
2/3/2010,0,21.6
2/4/2010,0,21.6
2/5/2010,0,21.6
2/6/2010,0,21.6
2/7/2010,0,21.6
2/8/2010,0,21.6
2/9/2010,0,21.6
2/10/2010,0,21.6
2/11/2010,0,21.6
2/12/2010,0,21.6
2/13/2010,0,21.6
2/14/2010,0,21.6
2/15/2010,0,21.6
2/16/2010,0,21.6
2/17/2010,0.3868292307692308,21.6
2/18/2010,0.038493692,21.6
2/19/2010,0.003769231,21.6
2/20/2010,0,3.7
2/21/2010,0,3.7
2/22/2010,0,3.7
2/23/2010,0,3.7
2/24/2010,0,3.7
2/25/2010,0,3.7
2/26/2010,0.37230707692307696,3.7
2/27/2010,0,3.7
2/28/2010,0,3.7
3/1/2010,0,3.7
3/2/2010,0,3.7
3/3/2010,0,3.7
3/4/2010,0,3.7
3/5/2010,0,3.7
3/6/2010,0,3.7
3/7/2010,0,3.7
3/8/2010,0,3.7
3/9/2010,0,3.7
3/10/2010,0,3.7
3/11/2010,0,3.7
3/12/2010,0,3.7
3/13/2010,7.890363615384615,3.7
3/14/2010,0.2076769230769231,3.7
3/15/2010,0,3.7
3/16/2010,0,10.6
3/17/2010,0,10.6
3/18/2010,0,10.6
3/19/2010,2.9412404615384613,10.6
3/20/2010,0,10.6
3/21/2010,0,10.6
3/22/2010,0,10.6
3/23/2010,0,10.6
3/24/2010,0,10.6
3/25/2010,0,10.6
3/26/2010,0,10.6
3/27/2010,0,10.6
3/28/2010,0,10.6
3/29/2010,0,10.6
3/30/2010,0,10.6
3/31/2010,0,10.6
4/1/2010,0,10.6
4/2/2010,0,10.6
4/3/2010,0,10.6
4/4/2010,0,10.6
4/5/2010,0,10.6
4/6/2010,0,10.6
4/7/2010,0,10.6
4/8/2010,0,10.6
4/9/2010,0,0.6
4/10/2010,0,0.6
4/11/2010,0,0.6
4/12/2010,0,0.6
4/13/2010,0,0.6
4/14/2010,0,0.6
4/15/2010,0,0.6
4/16/2010,0,0.6
4/17/2010,0,0.6
4/18/2010,0,0.6
4/19/2010,0,0.6
4/20/2010,0,0.6
4/21/2010,0.15822138461538462,0.6
4/22/2010,0,0.6
4/23/2010,0,0.6
4/24/2010,0,0.6
4/25/2010,0.015415384615384616,0.6
4/26/2010,0,0.6
4/27/2010,0,0.6
4/28/2010,0.002544231,0.6
4/29/2010,0,0.6
4/30/2010,0.4807769230769231,0.6
5/1/2010,0,0.6
5/2/2010,0.6678092307692307,0.6
5/3/2010,0,2.4
5/4/2010,0,2.4
5/5/2010,1.1771107692307692,2.4
5/6/2010,0.002681077,2.4
5/7/2010,1.7747053846153849,2.4
5/8/2010,0.035879231,2.4
5/9/2010,1.124745153846154,2.4
5/10/2010,0.004987615,2.4
5/11/2010,0,2.4
5/12/2010,0,2.4
5/13/2010,0,2.4
5/14/2010,0,2.4
5/15/2010,0.1336146153846154,2.4
5/16/2010,2.6209123076923078,2.4
5/17/2010,0.043939385,2.4
5/18/2010,2.8178607692307693,2.4
5/19/2010,0,2.4
5/20/2010,0.007240308,2.4
5/21/2010,0.068123769,2.4
5/22/2010,7.140076923076924,2.4
5/23/2010,12.932523076923076,2.4
5/24/2010,27.25039230769231,2.4
5/25/2010,4.967003846153846,2.4
5/26/2010,12.169061538461538,2.4
5/27/2010,1.7785536923076926,0
5/28/2010,0.4779828461538462,0
5/29/2010,4.246646153846154,0
5/30/2010,0.041940769,0
5/31/2010,0.3597253846153846,0
6/1/2010,0,0
6/2/2010,0,0
6/3/2010,0,0
6/4/2010,0,0
6/5/2010,0.005739077,0
6/6/2010,0,0
6/7/2010,0,0
6/8/2010,0,0
6/9/2010,0.14958923076923075,0
6/10/2010,3.2213427692307692,0
6/11/2010,14.828084615384613,0
6/12/2010,1.686476769230769,0
6/13/2010,0.6861079999999998,0
6/14/2010,2.7149738461538457,0
6/15/2010,4.031376153846154,0
6/16/2010,0.016694462,0
6/17/2010,1.4574532307692307,0
6/18/2010,0.098267462,0
6/19/2010,10.799669230769231,0
6/20/2010,2.8586546153846157,0.2
6/21/2010,5.216468461538462,0.2
6/22/2010,0.6722699999999999,0.2
6/23/2010,0,0.2
6/24/2010,5.8154076923076925,0.2
6/25/2010,13.457746153846156,0.2
6/26/2010,31.19798461538462,0.2
6/27/2010,8.2036,0.2
6/28/2010,17.416823076923077,0.2
6/29/2010,0.6590672307692309,0.2
6/30/2010,1.702691923076923,0.2
7/1/2010,17.6595,0.2
7/2/2010,4.355047692307693,0.2
7/3/2010,18.935153846153845,0.2
7/4/2010,23.353846153846156,0.2
7/5/2010,2.3998500000000003,0.2
7/6/2010,4.349263846153846,0.2
7/7/2010,6.791261538,0.2
7/8/2010,16.87653846153846,0.2
7/9/2010,3.6827430769230767,0.2
7/10/2010,1.7974392307692308,0.2
7/11/2010,0.24988999999999997,0.2
7/12/2010,8.388327692,0.2
7/13/2010,3.4088515384615383,0.2
7/14/2010,2.909078769230769,0
7/15/2010,3.1387692307692303,0
7/16/2010,0.14259123076923075,0
7/17/2010,9.9363,0
7/18/2010,1.4802913076923079,0
7/19/2010,0.6823761538461539,0
7/20/2010,0.26593692307692307,0
7/21/2010,3.1001906153846153,0
7/22/2010,0.9371960769230768,0
7/23/2010,6.077405846153845,0
7/24/2010,3.830852307692308,0
7/25/2010,18.26116153846154,0
7/26/2010,63.37307692307692,0
7/27/2010,10.905653846153847,0
7/28/2010,3.664161538461539,0
7/29/2010,1.6664776923076923,0
7/30/2010,2.753213076923077,0
7/31/2010,8.729115384615385,0
8/1/2010,5.852519230769231,0
8/2/2010,5.718775769230769,0
8/3/2010,21.49915384615385,0
8/4/2010,12.107476923076923,0
8/5/2010,8.221007692307692,0
8/6/2010,21.184923076923077,0
8/7/2010,49.60723076923077,0.2
8/8/2010,2.3211561538461534,0.2
8/9/2010,8.068331538461537,0.2
8/10/2010,0.22056538461538458,0.2
8/11/2010,0.35309615384615384,0.2
8/12/2010,7.811407692307692,0.2
8/13/2010,6.480861538461539,0.2
8/14/2010,1.626191,0.2
8/15/2010,2.9584680769230776,0.2
8/16/2010,8.521507692307692,0.2
8/17/2010,10.064338461538464,0.2
8/18/2010,3.540767692307692,0.2
8/19/2010,8.215893076923077,0.2
8/20/2010,13.481006923076917,0.2
8/21/2010,9.452353846153844,0.2
8/22/2010,4.938236153846153,0.2
8/23/2010,2.024821,0.2
8/24/2010,7.108026153846153,0.2
8/25/2010,4.535284615384615,0.2
8/26/2010,10.294558461538461,0.2
8/27/2010,2.9895231538461533,0.2
8/28/2010,5.758907692307693,0.2
8/29/2010,0.8540175384615385,0.2
8/30/2010,12.49296153846154,0.2
8/31/2010,18.5925,3.3
9/1/2010,3.7253623076923077,3.3
9/2/2010,0.8323846153846153,3.3
9/3/2010,1.491305384615384,3.3
9/4/2010,5.676386923076923,3.3
9/5/2010,3.4392076923076926,3.3
9/6/2010,18.281984615384616,3.3
9/7/2010,13.319915384615383,3.3
9/8/2010,37.99792307692307,3.3
9/9/2010,12.631576923076922,3.3
9/10/2010,4.751661538461539,3.3
9/11/2010,8.731622307692307,3.3
9/12/2010,6.565123076923077,3.3
9/13/2010,5.214800692307692,3.3
9/14/2010,17.985769230769233,3.3
9/15/2010,14.420193846153847,3.3
9/16/2010,17.22108461538462,3.3
9/17/2010,8.031023076923077,3.3
9/18/2010,1.8765507692307692,3.3
9/19/2010,23.81230769230769,3.3
9/20/2010,16.23483076923077,3.3
9/21/2010,4.148338769230768,3.3
9/22/2010,6.636226923076923,3.3
9/23/2010,0.7207775384615386,3.3
9/24/2010,1.0887061538461538,0
9/25/2010,0.9316823076923075,0
9/26/2010,0.007649077,0
9/27/2010,0,0
9/28/2010,0,0
9/29/2010,0.5926523076923077,0
9/30/2010,0.7410907692307691,0
10/1/2010,0,0
10/2/2010,0.3729623076923077,0
10/3/2010,1.463623076923077,0
10/4/2010,0.5169528461538462,0
10/5/2010,0.002355769,0
10/6/2010,0,0
10/7/2010,9.760138461538462,0
10/8/2010,1.8694430769230772,0
10/9/2010,15.014422307692307,0
10/10/2010,0.073408385,0
10/11/2010,0.12780523076923075,0
10/12/2010,1.5747315384615383,0
10/13/2010,0,0
10/14/2010,0,0
10/15/2010,0.006750308,0
10/16/2010,10.251846153846154,0
10/17/2010,20.861315384615384,0
10/18/2010,4.898062307692308,0
10/19/2010,5.637676923076922,0
10/20/2010,0,0
10/21/2010,0.018286923076923076,0
10/22/2010,0.46597276923076925,0
10/23/2010,1.3045956153846157,0
10/24/2010,22.126584615384616,0
10/25/2010,1.931428923076923,0
10/26/2010,0.094943615,0
10/27/2010,0.011925076923076924,0
10/28/2010,0,0
10/29/2010,0.094466923,0
10/30/2010,0,0
10/31/2010,0,0
11/1/2010,0.6190104615384615,0
11/2/2010,1.510080307692308,0
11/3/2010,0.38966730769230773,0
11/4/2010,0.16969215384615385,0
11/5/2010,0.016823846153846155,0
11/6/2010,0,0
11/7/2010,0,0
11/8/2010,0,0
11/9/2010,7.011804615384616,0
11/10/2010,12.207913846153845,0
11/11/2010,0.30995384615384614,10.4
11/12/2010,0,10.4
11/13/2010,0,10.4
11/14/2010,11.61364923076923,10.4
11/15/2010,0,10.4
11/16/2010,0,10.4
11/17/2010,0,10.4
11/18/2010,0,10.4
11/19/2010,0,10.4
11/20/2010,0,10.4
11/21/2010,0,10.4
11/22/2010,0,10.4
11/23/2010,0,10.4
11/24/2010,0,10.4
11/25/2010,0,10.4
11/26/2010,0,10.4
11/27/2010,0,10.4
11/28/2010,0,10.4
11/29/2010,0,10.4
11/30/2010,0,10.4
12/1/2010,0,10.4
12/2/2010,0.37877692307692307,10.4
12/3/2010,0,10.4
12/4/2010,0,10.4
12/5/2010,0,1.4
12/6/2010,0,1.4
12/7/2010,2.3729146153846155,1.4
12/8/2010,9.581538461538464,1.4
12/9/2010,10.675061538461536,1.4
12/10/2010,3.5832769230769226,1.4
12/11/2010,12.824246153846154,1.4
12/12/2010,0,1.4
12/13/2010,0,1.4
12/14/2010,0.2573930769230769,1.4
12/15/2010,2.260932307692307,1.4
12/16/2010,0,1.4
12/17/2010,0,1.4
12/18/2010,0,1.4
12/19/2010,0,1.4
12/20/2010,0,1.4
12/21/2010,0,1.4
12/22/2010,0,1.4
12/23/2010,0,1.4
12/24/2010,0,1.4
12/25/2010,0,1.4
12/26/2010,0,1.4
12/27/2010,0,1.4
12/28/2010,0,1.4
12/29/2010,0,2.9
12/30/2010,0,2.9
12/31/2010,0,2.9
1/1/2011,0,2.9
1/2/2011,0,2.9
1/3/2011,0,2.9
1/4/2011,0,2.9
1/5/2011,0,2.9
1/6/2011,0,2.9
1/7/2011,1.056426153846154,2.9
1/8/2011,0,2.9
1/9/2011,0,2.9
1/10/2011,0,2.9
1/11/2011,0,2.9
1/12/2011,0,2.9
1/13/2011,0,2.9
1/14/2011,0,2.9
1/15/2011,0,2.9
1/16/2011,0,2.9
1/17/2011,0,2.9
1/18/2011,1.0925984615384616,2.9
1/19/2011,0.3533723076923077,2.9
1/20/2011,4.394399999999999,2.9
1/21/2011,0,2.9
1/22/2011,0,6.6
1/23/2011,20.944630769230766,6.6
1/24/2011,0,6.6
1/25/2011,0,6.6
1/26/2011,0,6.6
1/27/2011,0,6.6
1/28/2011,0,6.6
1/29/2011,0,6.6
1/30/2011,0,6.6
1/31/2011,0,6.6
2/1/2011,0,6.6
2/2/2011,0,6.6
2/3/2011,0,6.6
2/4/2011,0,6.6
2/5/2011,0,6.6
2/6/2011,0,6.6
2/7/2011,0,6.6
2/8/2011,0,6.6
2/9/2011,0,6.6
2/10/2011,0,6.6
2/11/2011,0,6.6
2/12/2011,0,6.6
2/13/2011,0,6.6
2/14/2011,0,6.6
2/15/2011,0,1.8
2/16/2011,0,1.8
2/17/2011,0,1.8
2/18/2011,0,1.8
2/19/2011,0,1.8
2/20/2011,6.6843446153846156,1.8
2/21/2011,4.847576923076923,1.8
2/22/2011,12.239300000000002,1.8
2/23/2011,0.1278650769230769,1.8
2/24/2011,0,1.8
2/25/2011,0,1.8
2/26/2011,0,1.8
2/27/2011,0,1.8
2/28/2011,0,1.8
3/1/2011,0,1.8
3/2/2011,0,1.8
3/3/2011,0,1.8
3/4/2011,0,1.8
3/5/2011,0,1.8
3/6/2011,0,1.8
3/7/2011,0,1.8
3/8/2011,0,1.8
3/9/2011,0,1.8
3/10/2011,0,1.8
3/11/2011,0,0.6
3/12/2011,0,0.6
3/13/2011,0,0.6
3/14/2011,0,0.6
3/15/2011,0,0.6
3/16/2011,0,0.6
3/17/2011,0.002335538,0.6
3/18/2011,0,0.6
3/19/2011,0,0.6
3/20/2011,0,0.6
3/21/2011,0,0.6
3/22/2011,0,0.6
3/23/2011,0,0.6
3/24/2011,0,0.6
3/25/2011,0.24671923076923077,0.6
3/26/2011,0,0.6
3/27/2011,0,0.6
3/28/2011,0,0.6
3/29/2011,0,0.6
3/30/2011,0,0.6
3/31/2011,0,0.6
4/1/2011,0,0.6
4/2/2011,0,0.6
4/3/2011,0,0.6
4/4/2011,0,0.1
4/5/2011,0,0.1
4/6/2011,0.4128921538461538,0.1
4/7/2011,0.8965363846153847,0.1
4/8/2011,0,0.1
4/9/2011,0,0.1
4/10/2011,0,0.1
4/11/2011,0,0.1
4/12/2011,0,0.1
4/13/2011,0,0.1
4/14/2011,0,0.1
4/15/2011,0,0.1
4/16/2011,0,0.1
4/17/2011,0,0.1
4/18/2011,0,0.1
4/19/2011,0,0.1
4/20/2011,0,0.1
4/21/2011,14.344632692307695,0.1
4/22/2011,0.032210769,0.1
4/23/2011,0.045768384615384614,0.1
4/24/2011,0.7288953846153846,0.1
4/25/2011,0,0.1
4/26/2011,8.086822307692309,0.1
4/27/2011,9.12101,0.1
4/28/2011,0.5182883076923077,0.8
4/29/2011,4.638889230769231,0.8
4/30/2011,0.2114676923076923,0.8
5/1/2011,0,0.8
5/2/2011,0.057209384615384606,0.8
5/3/2011,5.460141692307691,0.8
5/4/2011,0.7388958461538462,0.8
5/5/2011,0,0.8
5/6/2011,0,0.8
5/7/2011,4.248716923076924,0.8
5/8/2011,1.216819230769231,0.8
5/9/2011,0,0.8
5/10/2011,0,0.8
5/11/2011,0,0.8
5/12/2011,0,0.8
5/13/2011,0.12257300000000002,0.8
5/14/2011,0.020114846153846153,0.8
5/15/2011,0,0.8
5/16/2011,0.2670263846153846,0.8
5/17/2011,0.13955646153846155,0.8
5/18/2011,0,0.8
5/19/2011,0,0.8
5/20/2011,1.2485669230769232,0.8
5/21/2011,55.51676923076923,0.8
5/22/2011,0.33094861538461545,0.4
5/23/2011,0,0.4
5/24/2011,0,0.4
5/25/2011,0,0.4
5/26/2011,1.882984769230769,0.4
5/27/2011,2.5689046153846156,0.4
5/28/2011,4.184185769230769,0.4
5/29/2011,0,0.4
5/30/2011,0.3271514615384615,0.4
5/31/2011,0.057816077,0.4
6/1/2011,0.5510037692307692,0.4
6/2/2011,1.6200915384615384,0.4
6/3/2011,0,0.4
6/4/2011,5.233673846153845,0.4
6/5/2011,1.7738238461538463,0.4
6/6/2011,2.879117230769231,0.4
6/7/2011,3.716642307692308,0.4
6/8/2011,0,0.4
6/9/2011,14.343623076923079,0.4
6/10/2011,0,0.4
6/11/2011,0.198432,0.4
6/12/2011,1.6195576923076922,0.4
6/13/2011,3.784852307692307,0.4
6/14/2011,10.935353846153847,0.4
6/15/2011,11.582868461538462,1.5
6/16/2011,17.120461538461537,1.5
6/17/2011,35.303230769230765,1.5
6/18/2011,22.033092307692307,1.5
6/19/2011,32.135961538461544,1.5
6/20/2011,15.272623076923074,1.5
6/21/2011,8.387972307692309,1.5
6/22/2011,0.9667951538461538,1.5
6/23/2011,22.210930769230774,1.5
6/24/2011,8.325999231,1.5
6/25/2011,0.3416096153846154,1.5
6/26/2011,8.107508461538464,1.5
6/27/2011,0.6215446153846153,1.5
6/28/2011,0.15250546153846153,1.5
6/29/2011,0.004352846,1.5
6/30/2011,5.272576923076922,1.5
7/1/2011,18.41776153846154,1.5
7/2/2011,4.10731,1.5
7/3/2011,0.03287,1.5
7/4/2011,2.210936923076923,1.5
7/5/2011,4.334396153846154,1.5
7/6/2011,19.61669230769231,1.5
7/7/2011,14.990946153846153,1.5
7/8/2011,12.403780769230767,1.5
7/9/2011,4.034930769,0.8
7/10/2011,2.6623953846153845,0.8
7/11/2011,3.967761538461538,0.8
7/12/2011,0.090214615,0.8
7/13/2011,0.21397430769230769,0.8
7/14/2011,23.954384615384615,0.8
7/15/2011,12.19753076923077,0.8
7/16/2011,5.210819230769231,0.8
7/17/2011,5.472999230769231,0.8
7/18/2011,18.747730769230767,0.8
7/19/2011,20.400399999999998,0.8
7/20/2011,6.684151538461538,0.8
7/21/2011,4.434723076923077,0.8
7/22/2011,11.03166923076923,0.8
7/23/2011,20.11719230769231,0.8
7/24/2011,9.073651538461538,0.8
7/25/2011,4.337153846153846,0.8
7/26/2011,1.1863984615384615,0.8
7/27/2011,5.618413846153848,0.8
7/28/2011,1.5162115384615384,0.8
7/29/2011,0,0.8
7/30/2011,1.6843430769230767,0.8
7/31/2011,0.8079238461538462,0.8
8/1/2011,0,0.8
8/2/2011,5.076867692307692,36.7
8/3/2011,3.3676400000000006,36.7
8/4/2011,9.115978461538463,36.7
8/5/2011,18.522361538461535,36.7
8/6/2011,14.973684615384615,36.7
8/7/2011,4.615169230769231,36.7
8/8/2011,2.26746,36.7
8/9/2011,9.528661538461538,36.7
8/10/2011,14.955476923076922,36.7
8/11/2011,10.599400000000001,36.7
8/12/2011,24.747123076923074,36.7
8/13/2011,33.62238461538462,36.7
8/14/2011,36.175615384615384,36.7
8/15/2011,11.188707692307693,36.7
8/16/2011,16.992985384615384,36.7
8/17/2011,10.244646153846155,36.7
8/18/2011,20.33220769230769,36.7
8/19/2011,24.112692307692306,36.7
8/20/2011,5.4933000000000005,36.7
8/21/2011,4.263876923076923,36.7
8/22/2011,1.1701115384615384,36.7
8/23/2011,1.3025476153846152,36.7
8/24/2011,1.664326153846154,36.7
8/25/2011,8.0791,36.7
8/26/2011,25.610769230769236,0.1
8/27/2011,8.040284615384616,0.1
8/28/2011,18.358223076923075,0.1
8/29/2011,10.888084615384615,0.1
8/30/2011,4.976597692307692,0.1
8/31/2011,15.325715384615384,0.1
9/1/2011,4.910382307692307,0.1
9/2/2011,9.591715384615382,0.1
9/3/2011,22.469415384615385,0.1
9/4/2011,12.165715384615384,0.1
9/5/2011,14.966146153846152,0.1
9/6/2011,23.61204615384615,0.1
9/7/2011,44.86636153846154,0.1
9/8/2011,13.209583846153846,0.1
9/9/2011,4.247473076923077,0.1
9/10/2011,51.51762307692308,0.1
9/11/2011,1.7520103076923077,0.1
9/12/2011,0.85127,0.1
9/13/2011,0.22747999999999996,0.1
9/14/2011,2.9963169230769235,0.1
9/15/2011,5.596293846153846,0.1
9/16/2011,31.077076923076927,0.1
9/17/2011,2.5777976923076924,0.1
9/18/2011,9.494761538461537,0.1
9/19/2011,15.597453846153845,14.7
9/20/2011,14.153130769230767,14.7
9/21/2011,2.880017692307692,14.7
9/22/2011,42.245615384615384,14.7
9/23/2011,46.00461538461538,14.7
9/24/2011,38.1681,14.7
9/25/2011,0.7890036923076923,14.7
9/26/2011,0.26321553846153845,14.7
9/27/2011,0,14.7
9/28/2011,0,14.7
9/29/2011,0,14.7
9/30/2011,0,14.7
10/1/2011,0.1332976923076923,14.7
10/2/2011,0,14.7
10/3/2011,0,14.7
10/4/2011,0,14.7
10/5/2011,0,14.7
10/6/2011,0,14.7
10/7/2011,0.21318384615384614,14.7
10/8/2011,0.10500153846153845,14.7
10/9/2011,1.1902423076923077,14.7
10/10/2011,0.004352846,14.7
10/11/2011,0.12264546153846154,14.7
10/12/2011,0.6574966153846155,14.7
10/13/2011,0,7.8
10/14/2011,0,7.8
10/15/2011,1.6372106923076923,7.8
10/16/2011,1.1250423076923077,7.8
10/17/2011,0,7.8
10/18/2011,0,7.8
10/19/2011,0,7.8
10/20/2011,0,7.8
10/21/2011,0.010446923076923076,7.8
10/22/2011,2.3797092307692305,7.8
10/23/2011,17.64425307692308,7.8
10/24/2011,0.11323692307692308,7.8
10/25/2011,0,7.8
10/26/2011,0,7.8
10/27/2011,0,7.8
10/28/2011,0,7.8
10/29/2011,0,7.8
10/30/2011,0,7.8
10/31/2011,0,7.8
11/1/2011,0,7.8
11/2/2011,0,7.8
11/3/2011,0,7.8
11/4/2011,0,7.8
11/5/2011,0,7.8
11/6/2011,0,0.2
11/7/2011,0,0.2
11/8/2011,0,0.2
11/9/2011,0,0.2
11/10/2011,0,0.2
11/11/2011,0,0.2
11/12/2011,0,0.2
11/13/2011,0,0.2
11/14/2011,0,0.2
11/15/2011,0,0.2
11/16/2011,0,0.2
11/17/2011,0,0.2
11/18/2011,0,0.2
11/19/2011,0,0.2
11/20/2011,0,0.2
11/21/2011,0,0.2
11/22/2011,0,0.2
11/23/2011,0,0.2
11/24/2011,0,0.2
11/25/2011,0,0.2
11/26/2011,0,0.2
11/27/2011,0,0.2
11/28/2011,0,0.2
11/29/2011,0,0.2
11/30/2011,0,1.8
12/1/2011,0,1.8
12/2/2011,0,1.8
12/3/2011,0,1.8
12/4/2011,0,1.8
12/5/2011,0,1.8
12/6/2011,0,1.8
12/7/2011,0,1.8
12/8/2011,0,1.8
12/9/2011,0,1.8
12/10/2011,0,1.8
12/11/2011,0,1.8
12/12/2011,0,1.8
12/13/2011,0,1.8
12/14/2011,0,1.8
12/15/2011,0,1.8
12/16/2011,0,1.8
12/17/2011,0,1.8
12/18/2011,0,1.8
12/19/2011,0,1.8
12/20/2011,0,1.8
12/21/2011,0,1.8
12/22/2011,0,1.8
12/23/2011,0,1.8
12/24/2011,0,0.4
12/25/2011,0,0.4
12/26/2011,0,0.4
12/27/2011,0,0.4
12/28/2011,0,0.4
12/29/2011,0,0.4
12/30/2011,0,0.4
12/31/2011,0,0.4
1/1/2012,0.8157853846153846,0.4
1/2/2012,0,0.4
1/3/2012,0.010145846153846155,0.4
1/4/2012,0.024423692,0.4
1/5/2012,0,0.4
1/6/2012,0.8503746153846153,0.4
1/7/2012,0.3105169230769231,0.4
1/8/2012,12.224738461538461,0.4
1/9/2012,5.714033076923077,0.4
1/10/2012,25.533746153846156,0.4
1/11/2012,23.419476923076925,0.4
1/12/2012,20.87066923076923,0.4
1/13/2012,0,0.4
1/14/2012,0,0.4
1/15/2012,0,0.4
1/16/2012,0,0.4
1/17/2012,0,28
1/18/2012,0,28
1/19/2012,0,28
1/20/2012,0,28
1/21/2012,0,28
1/22/2012,0,28
1/23/2012,0,28
1/24/2012,0,28
1/25/2012,0,28
1/26/2012,0,28
1/27/2012,0,28
1/28/2012,0,28
1/29/2012,6.33623,28
1/30/2012,0.080282923,28
1/31/2012,0.020014769,28
2/1/2012,0,28
2/2/2012,0,28
2/3/2012,0,28
2/4/2012,0,28
2/5/2012,0,28
2/6/2012,0,28
2/7/2012,0,28
2/8/2012,0,28
2/9/2012,0,28
2/10/2012,0,0.7
2/11/2012,0,0.7
2/12/2012,0,0.7
2/13/2012,0,0.7
2/14/2012,0,0.7
2/15/2012,0,0.7
2/16/2012,0,0.7
2/17/2012,0.13083,0.7
2/18/2012,0,0.7
2/19/2012,0,0.7
2/20/2012,0,0.7
2/21/2012,0,0.7
2/22/2012,0,0.7
2/23/2012,0,0.7
2/24/2012,0,0.7
2/25/2012,0,0.7
2/26/2012,0,0.7
2/27/2012,0,0.7
2/28/2012,0,0.7
2/29/2012,0,0.7
3/1/2012,0,0.7
3/2/2012,0,0.7
3/3/2012,0,0.7
3/4/2012,0,0.7
3/5/2012,0,2.3
3/6/2012,0,2.3
3/7/2012,0,2.3
3/8/2012,0,2.3
3/9/2012,0,2.3
3/10/2012,0,2.3
3/11/2012,0,2.3
3/12/2012,0,2.3
3/13/2012,0,2.3
3/14/2012,0,2.3
3/15/2012,0,2.3
3/16/2012,0,2.3
3/17/2012,0,2.3
3/18/2012,0,2.3
3/19/2012,0,2.3
3/20/2012,0,2.3
3/21/2012,0,2.3
3/22/2012,0,2.3
3/23/2012,0,2.3
3/24/2012,0,2.3
3/25/2012,0,2.3
3/26/2012,0,2.3
3/27/2012,0,2.3
3/28/2012,0,2.3
3/29/2012,0,0
3/30/2012,0,0
3/31/2012,0,0
4/1/2012,0,0
4/2/2012,0,0
4/3/2012,0,0
4/4/2012,0,0
4/5/2012,0,0
4/6/2012,0,0
4/7/2012,0,0
4/8/2012,0,0
4/9/2012,0.042998692,0
4/10/2012,0,0
4/11/2012,0.007251769,0
4/12/2012,12.329254615384615,0
4/13/2012,2.629832307692307,0
4/14/2012,0,0
4/15/2012,0.3157156923076923,0
4/16/2012,0.010778461538461539,0
4/17/2012,0,0
4/18/2012,0,0
4/19/2012,0.004834462,0
4/20/2012,0,0
4/21/2012,0,0
4/22/2012,0,1.3
4/23/2012,0,1.3
4/24/2012,0.509518,1.3
4/25/2012,0,1.3
4/26/2012,0.032374615384615384,1.3
4/27/2012,0,1.3
4/28/2012,0.031423846153846156,1.3
4/29/2012,0.6283139999999998,1.3
4/30/2012,3.4421753846153846,1.3
5/1/2012,0.004834462,1.3
5/2/2012,0.043510769230769235,1.3
5/3/2012,0,1.3
5/4/2012,0,1.3
5/5/2012,19.09717076923077,1.3
5/6/2012,5.276099615384615,1.3
5/7/2012,0.075179385,1.3
5/8/2012,0.23816030769230767,1.3
5/9/2012,0,1.3
5/10/2012,0.024173076923076926,1.3
5/11/2012,9.867442308,1.3
5/12/2012,0,1.3
5/13/2012,0.033841538461538465,1.3
5/14/2012,0.1719930769230769,1.3
5/15/2012,0,1.3
5/16/2012,0.004834462,13.4
5/17/2012,0,13.4
5/18/2012,0.085997692,13.4
5/19/2012,0.042998692,13.4
5/20/2012,0.2359418461538462,13.4
5/21/2012,0,13.4
5/22/2012,0.018132307692307694,13.4
5/23/2012,0,13.4
5/24/2012,0,13.4
5/25/2012,0.019337692,13.4
5/26/2012,0,13.4
5/27/2012,0,13.4
5/28/2012,0,13.4
5/29/2012,1.1488230769230772,13.4
5/30/2012,0,13.4
5/31/2012,0,13.4
6/1/2012,0,13.4
6/2/2012,0,13.4
6/3/2012,0,13.4
6/4/2012,0.082601385,13.4
6/5/2012,1.0656483846153846,13.4
6/6/2012,0,13.4
6/7/2012,0,13.4
6/8/2012,0,13.4
6/9/2012,0.053575769,9
6/10/2012,3.0576592307692305,9
6/11/2012,0.4685803846153846,9
6/12/2012,0.016069231,9
6/13/2012,1.7567769230769232,9
6/14/2012,0.009669,9
6/15/2012,0.3930260000000001,9
6/16/2012,0.004834462,9
6/17/2012,0.45604846153846157,9
6/18/2012,22.295938461538462,9
6/19/2012,0.078045462,9
6/20/2012,35.94784615384616,9
6/21/2012,3.1860207692307694,9
6/22/2012,15.07897923076923,9
6/23/2012,36.27876923076922,9
6/24/2012,26.308161538461533,9
6/25/2012,1.0233118461538462,9
6/26/2012,0.20573176923076922,9
6/27/2012,9.226273846153845,9
6/28/2012,1.107044615384615,9
6/29/2012,0,9
6/30/2012,0,9
7/1/2012,0,9
7/2/2012,6.728129999999999,9
7/3/2012,14.927684615384617,1.8
7/4/2012,39.855999999999995,1.8
7/5/2012,14.208830769230769,1.8
7/6/2012,15.551288461538464,1.8
7/7/2012,41.19915384615384,1.8
7/8/2012,9.365446153846154,1.8
7/9/2012,2.302030769230769,1.8
7/10/2012,6.651584615384616,1.8
7/11/2012,0.6528116923076923,1.8
7/12/2012,1.3583153846153844,1.8
7/13/2012,0.93526,1.8
7/14/2012,0.031423846153846156,1.8
7/15/2012,10.654846153846155,1.8
7/16/2012,5.7432676923076915,1.8
7/17/2012,6.235936923076922,1.8
7/18/2012,0.7106356923076922,1.8
7/19/2012,3.587436153846153,1.8
7/20/2012,23.82793846153846,1.8
7/21/2012,7.042146153846155,1.8
7/22/2012,16.58483846153846,1.8
7/23/2012,16.923307692307695,1.8
7/24/2012,4.420828461538462,1.8
7/25/2012,0.9325758461538461,1.8
7/26/2012,4.616892307692308,1.8
7/27/2012,10.865461538461537,45.8
7/28/2012,20.822661538461542,45.8
7/29/2012,0.5960133846153846,45.8
7/30/2012,2.4954161538461537,45.8
7/31/2012,33.36746153846154,45.8
8/1/2012,32.40959230769231,45.8
8/2/2012,2.4080515384615384,45.8
8/3/2012,7.697411538461538,45.8
8/4/2012,10.609438461538462,45.8
8/5/2012,31.891000000000002,45.8
8/6/2012,29.102461538461537,45.8
8/7/2012,10.441307692307692,45.8
8/8/2012,4.244156923076923,45.8
8/9/2012,3.5303838461538466,45.8
8/10/2012,2.3744400000000003,45.8
8/11/2012,57.21569230769231,45.8
8/12/2012,20.00843846153846,45.8
8/13/2012,16.58766153846154,45.8
8/14/2012,22.41929230769231,45.8
8/15/2012,9.726076923076924,45.8
8/16/2012,0.5962824615384617,45.8
8/17/2012,21.62503846153846,45.8
8/18/2012,3.209957231,45.8
8/19/2012,73.12876923076924,45.8
8/20/2012,25.46080769230769,39.3
8/21/2012,10.312730769230768,39.3
8/22/2012,1.239141230769231,39.3
8/23/2012,12.88672307692308,39.3
8/24/2012,2.609293846153846,39.3
8/25/2012,0.041320769,39.3
8/26/2012,12.669673076923074,39.3
8/27/2012,37.74515384615385,39.3
8/28/2012,26.904576923076924,39.3
8/29/2012,1.2593184615384616,39.3
8/30/2012,1.098129846153846,39.3
8/31/2012,4.0721630769230766,39.3
9/1/2012,12.691876923076922,39.3
9/2/2012,0.13405076923076925,39.3
9/3/2012,19.23483076923077,39.3
9/4/2012,9.002530769,39.3
9/5/2012,28.17889230769231,39.3
9/6/2012,26.075307692307696,39.3
9/7/2012,9.545376923076923,39.3
9/8/2012,2.0246946153846155,39.3
9/9/2012,7.369515384615383,39.3
9/10/2012,7.219384615384616,39.3
9/11/2012,15.469715384615386,39.3
9/12/2012,11.8417,39.3
9/13/2012,2.6173161538461542,1.3
9/14/2012,8.493163846153847,1.3
9/15/2012,4.6681507692307695,1.3
9/16/2012,1.099843846153846,1.3
9/17/2012,8.218497923076923,1.3
9/18/2012,10.03945384615385,1.3
9/19/2012,1.9979944615384613,1.3
9/20/2012,6.508803538461539,1.3
9/21/2012,1.7453236923076925,1.3
9/22/2012,11.151900000000001,1.3
9/23/2012,1.1291435384615385,1.3
9/24/2012,12.282084615384612,1.3
9/25/2012,0.9493680769230769,1.3
9/26/2012,0.471881,1.3
9/27/2012,0,1.3
9/28/2012,0,1.3
9/29/2012,0,1.3
9/30/2012,0.5442738461538461,1.3
10/1/2012,3.910746923076923,1.3
10/2/2012,2.134336153846154,1.3
10/3/2012,3.371218461538462,1.3
10/4/2012,3.2484123076923073,1.3
10/5/2012,13.1385,1.3
10/6/2012,4.589060769230769,1.3
10/7/2012,0,18.3
10/8/2012,0,18.3
10/9/2012,0,18.3
10/10/2012,15.654207692307693,18.3
10/11/2012,28.86523846153846,18.3
10/12/2012,7.944400000000001,18.3
10/13/2012,4.917323846153847,18.3
10/14/2012,2.7124630769230764,18.3
10/15/2012,9.751193076923077,18.3
10/16/2012,0.47298461538461534,18.3
10/17/2012,0,18.3
10/18/2012,0,18.3
10/19/2012,0,18.3
10/20/2012,0,18.3
10/21/2012,0,18.3
10/22/2012,0,18.3
10/23/2012,0,18.3
10/24/2012,0,18.3
10/25/2012,0,18.3
10/26/2012,0,18.3
10/27/2012,0,18.3
10/28/2012,0,18.3
10/29/2012,0,18.3
10/30/2012,0,18.3
10/31/2012,0,3.8
11/1/2012,0,3.8
11/2/2012,1.4570176923076923,3.8
11/3/2012,12.037476923076923,3.8
11/4/2012,51.96269230769231,3.8
11/5/2012,10.87848846153846,3.8
11/6/2012,16.060726923076924,3.8
11/7/2012,1.9026869230769228,3.8
11/8/2012,0.009669,3.8
11/9/2012,1.8792457692307691,3.8
11/10/2012,0,3.8
11/11/2012,0,3.8
11/12/2012,0,3.8
11/13/2012,0,3.8
11/14/2012,0,3.8
11/15/2012,0,3.8
11/16/2012,0,3.8
11/17/2012,0,3.8
11/18/2012,0,3.8
11/19/2012,0,3.8
11/20/2012,0,3.8
11/21/2012,0,3.8
11/22/2012,0,3.8
11/23/2012,0,3.8
11/24/2012,0,29.5
11/25/2012,0,29.5
11/26/2012,0,29.5
11/27/2012,0,29.5
11/28/2012,0,29.5
11/29/2012,0,29.5
11/30/2012,0,29.5
12/1/2012,0,29.5
12/2/2012,0,29.5
12/3/2012,0,29.5
12/4/2012,0,29.5
12/5/2012,0,29.5
12/6/2012,0,29.5
12/7/2012,0,29.5
12/8/2012,0,29.5
12/9/2012,0,29.5
12/10/2012,0,29.5
12/11/2012,0,29.5
12/12/2012,0,29.5
12/13/2012,0,29.5
12/14/2012,0,29.5
12/15/2012,0,29.5
12/16/2012,0,29.5
12/17/2012,0,29.5
12/18/2012,0,0.4
12/19/2012,0,0.4
12/20/2012,0,0.4
12/21/2012,0,0.4
12/22/2012,0,0.4
12/23/2012,0,0.4
12/24/2012,0,0.4
12/25/2012,0,0.4
12/26/2012,0,0.4
12/27/2012,0,0.4
12/28/2012,0,0.4
12/29/2012,0,0.4
12/30/2012,0,0.4
12/31/2012,0,0.4
1/1/2013,0,0.4
1/2/2013,0,0.4
1/3/2013,0.011307692307692307,0.4
1/4/2013,3.7798434615384613,0.4
1/5/2013,0,0.4
1/6/2013,0,0.4
1/7/2013,0,0.4
1/8/2013,0,0.4
1/9/2013,0.016158000000000002,0.4
1/10/2013,0,0.4
1/11/2013,0,45.5
1/12/2013,0,45.5
1/13/2013,0,45.5
1/14/2013,0,45.5
1/15/2013,0,45.5
1/16/2013,0,45.5
1/17/2013,0,45.5
1/18/2013,0,45.5
1/19/2013,0,45.5
1/20/2013,0,45.5
1/21/2013,0,45.5
1/22/2013,0,45.5
1/23/2013,0,45.5
1/24/2013,0,45.5
1/25/2013,0,45.5
1/26/2013,0,45.5
1/27/2013,0,45.5
1/28/2013,0,45.5
1/29/2013,0,45.5
1/30/2013,0,45.5
1/31/2013,0,45.5
2/1/2013,0,45.5
2/2/2013,0,45.5
2/3/2013,0,45.5
2/4/2013,0,234.8
2/5/2013,0,234.8
2/6/2013,0,234.8
2/7/2013,0,234.8
2/8/2013,0,234.8
2/9/2013,0,234.8
2/10/2013,0,234.8
2/11/2013,0,234.8
2/12/2013,0,234.8
2/13/2013,0,234.8
2/14/2013,0,234.8
2/15/2013,0,234.8
2/16/2013,0,234.8
2/17/2013,0,234.8
2/18/2013,2.6434199999999994,234.8
2/19/2013,2.5449759230769233,234.8
2/20/2013,0,234.8
2/21/2013,0,234.8
2/22/2013,0,234.8
2/23/2013,0,234.8
2/24/2013,0,234.8
2/25/2013,0,234.8
2/26/2013,0,234.8
2/27/2013,0,234.8
2/28/2013,0,17.7
3/1/2013,0,17.7
3/2/2013,0,17.7
3/3/2013,0,17.7
3/4/2013,0,17.7
3/5/2013,0,17.7
3/6/2013,0,17.7
3/7/2013,0,17.7
3/8/2013,0,17.7
3/9/2013,0,17.7
3/10/2013,0,17.7
3/11/2013,0,17.7
3/12/2013,0,17.7
3/13/2013,0,17.7
3/14/2013,0,17.7
3/15/2013,0,17.7
3/16/2013,0,17.7
3/17/2013,0,17.7
3/18/2013,0.002826923,17.7
3/19/2013,0,17.7
3/20/2013,0,17.7
3/21/2013,0,17.7
3/22/2013,0,17.7
3/23/2013,0,17.7
3/24/2013,0,0
3/25/2013,0,0
3/26/2013,0,0
3/27/2013,0,0
3/28/2013,0,0
3/29/2013,0,0
3/30/2013,1.1612353846153847,0
3/31/2013,0,0
4/1/2013,0,0
4/2/2013,0,0
4/3/2013,1.1534476923076924,0
4/4/2013,3.442274615384615,0
4/5/2013,0.13745100000000002,0
4/6/2013,0.31087046153846154,0
4/7/2013,0,0
4/8/2013,0,0
4/9/2013,0,0
4/10/2013,0,0
4/11/2013,0,0
4/12/2013,0,0
4/13/2013,0.053308769,0
4/14/2013,0,0
4/15/2013,1.1992023076923077,0
4/16/2013,1.8713146153846152,0
4/17/2013,0,0
4/18/2013,0.048473846,0
4/19/2013,0,0
4/20/2013,0.6118653846153845,0
4/21/2013,14.484876923076923,0
4/22/2013,2.5273579230769228,0
4/23/2013,4.3820746153846155,0
4/24/2013,0.11331446153846156,0
4/25/2013,0.013936615384615384,0
4/26/2013,0.006692692,0
4/27/2013,0,0
4/28/2013,2.0833847692307694,0
4/29/2013,0,0
4/30/2013,0.2680792307692308,0
5/1/2013,0.3330046153846154,0
5/2/2013,1.9415676923076925,0
5/3/2013,0,0
5/4/2013,0.10309076923076921,0
5/5/2013,1.7001684615384614,0
5/6/2013,0.37732461538461537,0
5/7/2013,0.3741278461538462,0
5/8/2013,1.6389023076923075,0
5/9/2013,0.5390330769230769,0
5/10/2013,0,0
5/11/2013,0,0.4
5/12/2013,0.006052538,0.4
5/13/2013,0,0.4
5/14/2013,0.1842323076923077,0.4
5/15/2013,0,0.4
5/16/2013,8.315646153846153,0.4
5/17/2013,0.906676923,0.4
5/18/2013,0,0.4
5/19/2013,0,0.4
5/20/2013,0.006052538,0.4
5/21/2013,0,0.4
5/22/2013,0,0.4
5/23/2013,0,0.4
5/24/2013,0,0.4
5/25/2013,0,0.4
5/26/2013,0,0.4
5/27/2013,0,0.4
5/28/2013,9.240946153846153,0.4
5/29/2013,0.9614161538461539,0.4
5/30/2013,2.1333923846153846,0.4
5/31/2013,3.7926746153846156,0.4
6/1/2013,0.026452307692307688,0.4
6/2/2013,0,0.4
6/3/2013,4.0066696923076925,0.4
6/4/2013,0,35.7
6/5/2013,2.418890153846154,35.7
6/6/2013,0,35.7
6/7/2013,4.342686923076923,35.7
6/8/2013,2.3834242307692306,35.7
6/9/2013,27.124430769230774,35.7
6/10/2013,1.7780146153846155,35.7
6/11/2013,10.54043076923077,35.7
6/12/2013,0,35.7
6/13/2013,4.2854561538461535,35.7
6/14/2013,18.80752307692308,35.7
6/15/2013,12.997284615384615,35.7
6/16/2013,7.813484615384615,35.7
6/17/2013,6.4423615384615385,35.7
6/18/2013,18.13596923076923,35.7
6/19/2013,1.0575907692307691,35.7
6/20/2013,0.8546826153846153,35.7
6/21/2013,6.777115384615386,35.7
6/22/2013,8.180430769,35.7
6/23/2013,2.382836923076923,35.7
6/24/2013,16.5,35.7
6/25/2013,25.558,35.7
6/26/2013,35.74692307692307,35.7
6/27/2013,8.844792307692307,35.7
6/28/2013,1.8564530769230776,9.8
6/29/2013,0.461182923,9.8
6/30/2013,0.8045353846153845,9.8
7/1/2013,0.5878773076923077,9.8
7/2/2013,8.511453846153849,9.8
7/3/2013,6.422115384615385,9.8
7/4/2013,1.1348462307692309,9.8
7/5/2013,11.033700000000001,9.8
7/6/2013,9.240168461538461,9.8
7/7/2013,8.696492307692308,9.8
7/8/2013,6.381323076923077,9.8
7/9/2013,3.249002307692307,9.8
7/10/2013,0.058566154,9.8
7/11/2013,11.68196923076923,9.8
7/12/2013,5.924007692307692,9.8
7/13/2013,30.553769230769237,9.8
7/14/2013,13.684292307692308,9.8
7/15/2013,10.16583846153846,9.8
7/16/2013,3.754790769230769,9.8
7/17/2013,10.82236153846154,9.8
7/18/2013,11.9412,9.8
7/19/2013,4.315238461538462,9.8
7/20/2013,5.284916153846154,9.8
7/21/2013,4.415150769230769,9.8
7/22/2013,27.66696923076923,0.2
7/23/2013,25.025807692307694,0.2
7/24/2013,31.083846153846153,0.2
7/25/2013,11.215899999999998,0.2
7/26/2013,6.353876923076924,0.2
7/27/2013,12.312730769230766,0.2
7/28/2013,11.745923076923079,0.2
7/29/2013,5.963807692307692,0.2
7/30/2013,3.3088730769230774,0.2
7/31/2013,36.200384615384614,0.2
8/1/2013,41.964999999999996,0.2
8/2/2013,9.981084615384615,0.2
8/3/2013,2.0061553846153846,0.2
8/4/2013,0.43027692307692317,0.2
8/5/2013,2.3821076923076925,0.2
8/6/2013,2.4893061538461536,0.2
8/7/2013,6.296907692307693,0.2
8/8/2013,7.177172307692308,0.2
8/9/2013,9.503330769230768,0.2
8/10/2013,6.300426153846155,0.2
8/11/2013,5.212160769230769,0.2
8/12/2013,1.6822976923076922,0.2
8/13/2013,9.480558461538461,0.2
8/14/2013,11.592346153846156,0.2
8/15/2013,3.4440879230769235,23.5
8/16/2013,0.49695684615384617,23.5
8/17/2013,1.6836373076923077,23.5
8/18/2013,5.86702,23.5
8/19/2013,33.12628461538462,23.5
8/20/2013,17.38883076923077,23.5
8/21/2013,46.13689230769231,23.5
8/22/2013,11.552573076923077,23.5
8/23/2013,0.6287651538461538,23.5
8/24/2013,0.6608021538461538,23.5
8/25/2013,1.65132,23.5
8/26/2013,0.029789923076923075,23.5
8/27/2013,0.46317846153846154,23.5
8/28/2013,0.41731176923076924,23.5
8/29/2013,4.3677153846153836,23.5
8/30/2013,8.688246153846153,23.5
8/31/2013,1.410864,23.5
9/1/2013,2.761342384615385,23.5
9/2/2013,1.4360155384615385,23.5
9/3/2013,1.067621076923077,23.5
9/4/2013,11.507661538461539,23.5
9/5/2013,6.8986523076923065,23.5
9/6/2013,2.5868016153846156,23.5
9/7/2013,2.7950749999999993,23.5
9/8/2013,8.197615384615386,12.3
9/9/2013,3.594885384615384,12.3
9/10/2013,3.280072307692308,12.3
9/11/2013,1.802007384615385,12.3
9/12/2013,1.4265451538461538,12.3
9/13/2013,4.0293769230769225,12.3
9/14/2013,0.8633317692307692,12.3
9/15/2013,4.203537384615385,12.3
9/16/2013,2.8125392307692305,12.3
9/17/2013,1.3527559230769233,12.3
9/18/2013,8.066133846153845,12.3
9/19/2013,4.713136153846153,12.3
9/20/2013,9.567315384615386,12.3
9/21/2013,27.438461538461542,12.3
9/22/2013,9.460678462,12.3
9/23/2013,9.729769230769229,12.3
9/24/2013,6.114559231,12.3
9/25/2013,2.1660453846153844,12.3
9/26/2013,1.4670130769230771,12.3
9/27/2013,0.5718896923076924,12.3
9/28/2013,0.19950615384615386,12.3
9/29/2013,17.816484615384617,12.3
9/30/2013,4.943692307692308,12.3
10/1/2013,22.648369230769234,12.3
10/2/2013,52.58807692307693,3.2
10/3/2013,16.3135,3.2
10/4/2013,4.941587692307692,3.2
10/5/2013,0.6389307692307693,3.2
10/6/2013,4.869896923076923,3.2
10/7/2013,2.734083846153846,3.2
10/8/2013,0.5943361538461539,3.2
10/9/2013,6.108463153846154,3.2
10/10/2013,12.300061538461538,3.2
10/11/2013,18.78176923076923,3.2
10/12/2013,1.99143,3.2
10/13/2013,11.112461538461538,3.2
10/14/2013,111.94161538461536,3.2
10/15/2013,10.38738,3.2
10/16/2013,0.21354692307692308,3.2
10/17/2013,0,3.2
10/18/2013,0,3.2
10/19/2013,0,3.2
10/20/2013,0,3.2
10/21/2013,0.1536607692307692,3.2
10/22/2013,10.174920769230768,3.2
10/23/2013,23.98261538461538,3.2
10/24/2013,19.746338461538464,3.2
10/25/2013,31.618015384615383,3.2
10/26/2013,47.67530769230769,8.8
10/27/2013,7.9188,8.8
10/28/2013,37.65223076923077,8.8
10/29/2013,0.47535,8.8
10/30/2013,0,8.8
10/31/2013,0,8.8
11/1/2013,0,8.8
11/2/2013,0,8.8
11/3/2013,0,8.8
11/4/2013,0,8.8
11/5/2013,0,8.8
11/6/2013,0,8.8
11/7/2013,0,8.8
11/8/2013,0,8.8
11/9/2013,0,8.8
11/10/2013,0,8.8
11/11/2013,0,8.8
11/12/2013,0,8.8
11/13/2013,0,8.8
11/14/2013,0,8.8
11/15/2013,0,8.8
11/16/2013,0,8.8
11/17/2013,0,8.8
11/18/2013,0,8.8
11/19/2013,0,4.8
11/20/2013,0,4.8
11/21/2013,0,4.8
11/22/2013,0,4.8
11/23/2013,0,4.8
11/24/2013,0,4.8
11/25/2013,0,4.8
11/26/2013,0,4.8
11/27/2013,0,4.8
11/28/2013,0,4.8
11/29/2013,0,4.8
11/30/2013,0,4.8
12/1/2013,0,4.8
12/2/2013,0,4.8
12/3/2013,0,4.8
12/4/2013,0,4.8
12/5/2013,0,4.8
12/6/2013,0,4.8
12/7/2013,0,4.8
12/8/2013,0,4.8
12/9/2013,0,4.8
12/10/2013,0,4.8
12/11/2013,0,4.8
12/12/2013,0,4.8
12/13/2013,0,47.3
12/14/2013,0,47.3
12/15/2013,0,47.3
12/16/2013,0,47.3
12/17/2013,0,47.3
12/18/2013,0,47.3
12/19/2013,0,47.3
12/20/2013,0,47.3
12/21/2013,0,47.3
12/22/2013,0,47.3
12/23/2013,0,47.3
12/24/2013,0,47.3
12/25/2013,0,47.3
12/26/2013,0,47.3
12/27/2013,0,47.3
12/28/2013,0,47.3
12/29/2013,0,47.3
12/30/2013,0,47.3
12/31/2013,0,47.3
1/1/2014,0,47.3
1/2/2014,0,47.3
1/3/2014,0,47.3
1/4/2014,0,47.3
1/5/2014,0,47.3
1/6/2014,0,6.9
1/7/2014,0,6.9
1/8/2014,0,6.9
1/9/2014,0,6.9
1/10/2014,0,6.9
1/11/2014,0,6.9
1/12/2014,0,6.9
1/13/2014,0,6.9
1/14/2014,0,6.9
1/15/2014,0,6.9
1/16/2014,0,6.9
1/17/2014,0,6.9
1/18/2014,0,6.9
1/19/2014,0,6.9
1/20/2014,0,6.9
1/21/2014,0,6.9
1/22/2014,0,6.9
1/23/2014,0,6.9
1/24/2014,0,6.9
1/25/2014,0,6.9
1/26/2014,0,6.9
1/27/2014,0,6.9
1/28/2014,0,6.9
1/29/2014,0,6.9
1/30/2014,0,6.2
1/31/2014,0,6.2
2/1/2014,0,6.2
2/2/2014,0,6.2
2/3/2014,0,6.2
2/4/2014,0,6.2
2/5/2014,0,6.2
2/6/2014,0,6.2
2/7/2014,0,6.2
2/8/2014,0,6.2
2/9/2014,0,6.2
2/10/2014,0,6.2
2/11/2014,0,6.2
2/12/2014,0,6.2
2/13/2014,0,6.2
2/14/2014,0,6.2
2/15/2014,0,6.2
2/16/2014,0,6.2
2/17/2014,3.9851541538461537,6.2
2/18/2014,16.181023076923076,6.2
2/19/2014,0,6.2
2/20/2014,0,6.2
2/21/2014,0,6.2
2/22/2014,0,6.2
2/23/2014,0,0.4
2/24/2014,0,0.4
2/25/2014,1.6876699999999998,0.4
2/26/2014,0,0.4
2/27/2014,0,0.4
2/28/2014,0,0.4
3/1/2014,0,0.4
3/2/2014,0,0.4
3/3/2014,0.073971538,0.4
3/4/2014,1.840863076923077,0.4
3/5/2014,0.093693462,0.4
3/6/2014,11.484523076923077,0.4
3/7/2014,0,0.4
3/8/2014,1.8387957692307695,0.4
3/9/2014,0,0.4
3/10/2014,0,0.4
3/11/2014,4.243919846153846,0.4
3/12/2014,0.033186230769230766,0.4
3/13/2014,0,0.4
3/14/2014,0,0.4
3/15/2014,0,0.4
3/16/2014,0,0.4
3/17/2014,0,0.4
3/18/2014,0,0.4
3/19/2014,0,0.1
3/20/2014,0.002355769,0.1
3/21/2014,0,0.1
3/22/2014,0,0.1
3/23/2014,0,0.1
3/24/2014,0,0.1
3/25/2014,0,0.1
3/26/2014,0,0.1
3/27/2014,0,0.1
3/28/2014,0,0.1
3/29/2014,0,0.1
3/30/2014,0,0.1
3/31/2014,0,0.1
4/1/2014,0,0.1
4/2/2014,0,0.1
4/3/2014,0.12021923076923077,0.1
4/4/2014,0,0.1
4/5/2014,0,0.1
4/6/2014,0,0.1
4/7/2014,0,0.1
4/8/2014,0,0.1
4/9/2014,0,0.1
4/10/2014,0,0.1
4/11/2014,0.089763846,0.1
4/12/2014,0,0
4/13/2014,0.1233923076923077,0
4/14/2014,1.3030692307692309,0
4/15/2014,0.66749,0
4/16/2014,0,0
4/17/2014,0,0
4/18/2014,0,0
4/19/2014,1.887315384615385,0
4/20/2014,0,0
4/21/2014,0,0
4/22/2014,0.020457615384615383,0
4/23/2014,0.7305453846153844,0
4/24/2014,0,0
4/25/2014,0,0
4/26/2014,0,0
4/27/2014,0,0
4/28/2014,0,0
4/29/2014,0.002735538,0
4/30/2014,0.017216923076923078,0
5/1/2014,0,0
5/2/2014,0,0
5/3/2014,0.3298830769230769,0
5/4/2014,0.3166907692307692,0
5/5/2014,0,0
5/6/2014,6.568393846153847,0.2
5/7/2014,0,0.2
5/8/2014,2.7312461538461537,0.2
5/9/2014,0,0.2
5/10/2014,0.2172553076923077,0.2
5/11/2014,5.926973076923076,0.2
5/12/2014,4.292466384615384,0.2
5/13/2014,0,0.2
5/14/2014,0,0.2
5/15/2014,0.004899,0.2
5/16/2014,0.023503462,0.2
5/17/2014,0,0.2
5/18/2014,0,0.2
5/19/2014,1.671531923076923,0.2
5/20/2014,2.6802523076923075,0.2
5/21/2014,0,0.2
5/22/2014,0,0.2
5/23/2014,0.018188462,0.2
5/24/2014,0,0.2
5/25/2014,0.19224723076923078,0.2
5/26/2014,0.093542769,0.2
5/27/2014,26.282184615384615,0.2
5/28/2014,17.85044615384615,0.2
5/29/2014,3.512601538461538,0.2
5/30/2014,0.1411107692307692,20.5
5/31/2014,0,20.5
6/1/2014,0,20.5
6/2/2014,3.3220238461538467,20.5
6/3/2014,1.4734484615384613,20.5
6/4/2014,1.1002992307692308,20.5
6/5/2014,0.9317309230769231,20.5
6/6/2014,0,20.5
6/7/2014,0,20.5
6/8/2014,0,20.5
6/9/2014,0,20.5
6/10/2014,7.475884615384615,20.5
6/11/2014,0,20.5
6/12/2014,0,20.5
6/13/2014,0,20.5
6/14/2014,0,20.5
6/15/2014,0.20215084615384615,20.5
6/16/2014,0.5881323076923077,20.5
6/17/2014,0,20.5
6/18/2014,0.6683473076923077,20.5
6/19/2014,6.829663846153846,20.5
6/20/2014,0.4622366153846154,20.5
6/21/2014,8.132938461538462,20.5
6/22/2014,5.701676923076922,20.5
6/23/2014,0.043641769,28.4
6/24/2014,0.4738449230769231,28.4
6/25/2014,0,28.4
6/26/2014,3.810257692307692,28.4
6/27/2014,14.664400000000002,28.4
6/28/2014,1.1489925384615383,28.4
6/29/2014,1.8368684615384614,28.4
6/30/2014,0,28.4
7/1/2014,2.122331384615385,28.4
7/2/2014,10.123784615384615,28.4
7/3/2014,2.367163076923077,28.4
7/4/2014,9.794184615384616,28.4
7/5/2014,22.55223076923077,28.4
7/6/2014,5.190961538461537,28.4
7/7/2014,0.2549609230769231,28.4
7/8/2014,6.119129999999999,28.4
7/9/2014,1.219793846153846,28.4
7/10/2014,6.325530769230768,28.4
7/11/2014,0.18654300000000001,28.4
7/12/2014,24.06484615384615,28.4
7/13/2014,1.8290284615384615,28.4
7/14/2014,14.336476923076923,28.4
7/15/2014,13.311423076923075,28.4
7/16/2014,17.649876923076924,28.4
7/17/2014,16.963507692307694,0.7
7/18/2014,2.68871,0.7
7/19/2014,11.32133846153846,0.7
7/20/2014,59.88723076923076,0.7
7/21/2014,41.70715384615385,0.7
7/22/2014,33.49938461538461,0.7
7/23/2014,29.126076923076923,0.7
7/24/2014,0,0.7
7/25/2014,0.005362231,0.7
7/26/2014,0.17391538461538458,0.7
7/27/2014,0.2092692307692308,0.7
7/28/2014,44.04938461538461,0.7
7/29/2014,7.060100000000001,0.7
7/30/2014,26.60446153846154,0.7
7/31/2014,17.61476923076923,0.7
8/1/2014,88.04415384615385,0.7
8/2/2014,3.713934615384616,0.7
8/3/2014,1.6968930769230772,0.7
8/4/2014,55.50069230769231,0.7
8/5/2014,83.08792307692308,0.7
8/6/2014,119.07507692307694,0.7
8/7/2014,2.3390061538461535,0.7
8/8/2014,0.35670461538461534,0.7
8/9/2014,0,0.7
8/10/2014,7.344853846153844,0
8/11/2014,18.12310769230769,0
8/12/2014,4.690019231,0
8/13/2014,2.8291469230769226,0
8/14/2014,3.459316923076923,0
8/15/2014,10.075469230769233,0
8/16/2014,1.3374004615384616,0
8/17/2014,3.45005,0
8/18/2014,3.6832384615384615,0
8/19/2014,4.763040769230769,0
8/20/2014,4.976666923076923,0
8/21/2014,2.4335153846153843,0
8/22/2014,6.852149769230769,0
8/23/2014,6.5574675384615375,0
8/24/2014,16.79586153846154,0
8/25/2014,7.002983846153847,0
8/26/2014,2.7231034615384617,0
8/27/2014,11.562092307692305,0
8/28/2014,8.05522,0
8/29/2014,9.659430769230768,0
8/30/2014,7.945207692307692,0
8/31/2014,9.826880769,0
9/1/2014,8.162138461538463,0
9/2/2014,26.714676923076926,0
9/3/2014,32.38150769230769,5.7
9/4/2014,22.27409230769231,5.7
9/5/2014,19.12658461538462,5.7
9/6/2014,29.281999999999996,5.7
9/7/2014,31.432638461538463,5.7
9/8/2014,29.01276923076923,5.7
9/9/2014,1.433363846153846,5.7
9/10/2014,0.8820956923076922,5.7
9/11/2014,0.9039273846153848,5.7
9/12/2014,1.7487892307692303,5.7
9/13/2014,9.928046153846152,5.7
9/14/2014,13.613138461538462,5.7
9/15/2014,1.6027753846153845,5.7
9/16/2014,21.066738461538463,5.7
9/17/2014,5.214746153846154,5.7
9/18/2014,1.1235283846153845,5.7
9/19/2014,0.26167769230769233,5.7
9/20/2014,1.6337426153846157,5.7
9/21/2014,10.144286153846151,5.7
9/22/2014,14.452730769230765,5.7
9/23/2014,19.076726153846156,5.7
9/24/2014,0.3572984615384615,5.7
9/25/2014,0,5.7
9/26/2014,2.755750153846154,5.7
9/27/2014,0.4554923076923077,5
9/28/2014,0,5
9/29/2014,0,5
9/30/2014,0,5
10/1/2014,0,5
10/2/2014,0.053308769,5
10/3/2014,0.045160769230769233,5
10/4/2014,0.2734692307692308,5
10/5/2014,0,5
10/6/2014,0,5
10/7/2014,0.35032615384615384,5
10/8/2014,2.054010769230769,5
10/9/2014,1.2772483076923076,5
10/10/2014,0.008818462,5
10/11/2014,0.14732307692307692,5
10/12/2014,0.6241861538461537,5
10/13/2014,10.174769230769233,5
10/14/2014,79.15684615384615,5
10/15/2014,7.284269230769231,5
10/16/2014,0.4920423076923078,5
10/17/2014,0.8318846153846154,5
10/18/2014,7.650563461538462,5
10/19/2014,0.1459476923076923,5
10/20/2014,0,5
10/21/2014,0.016178461538461537,0.1
10/22/2014,0,0.1
10/23/2014,0,0.1
10/24/2014,0,0.1
10/25/2014,0,0.1
10/26/2014,0,0.1
10/27/2014,0.008480769,0.1
10/28/2014,0.9392623076923077,0.1
10/29/2014,0.1154576923076923,0.1
10/30/2014,0,0.1
10/31/2014,0,0.1
11/1/2014,0,0.1
11/2/2014,0,0.1
11/3/2014,0,0.1
11/4/2014,0,0.1
11/5/2014,0,0.1
11/6/2014,0,0.1
11/7/2014,0,0.1
11/8/2014,0,0.1
11/9/2014,0,0.1
11/10/2014,0,0.1
11/11/2014,0,0.1
11/12/2014,0,0.1
11/13/2014,0,0.1
11/14/2014,0,0.6
11/15/2014,0,0.6
11/16/2014,0,0.6
11/17/2014,0,0.6
11/18/2014,0,0.6
11/19/2014,0,0.6
11/20/2014,0,0.6
11/21/2014,0,0.6
11/22/2014,0,0.6
11/23/2014,0,0.6
11/24/2014,0,0.6
11/25/2014,0,0.6
11/26/2014,0,0.6
11/27/2014,0,0.6
11/28/2014,0,0.6
11/29/2014,0,0.6
11/30/2014,0,0.6
12/1/2014,0,0.6
12/2/2014,0,0.6
12/3/2014,0,0.6
12/4/2014,0,0.6
12/5/2014,0,0.6
12/6/2014,0,0.6
12/7/2014,0,0.6
12/8/2014,0,0
12/9/2014,0,0
12/10/2014,0,0
12/11/2014,0,0
12/12/2014,0,0
12/13/2014,0,0
12/14/2014,0,0
12/15/2014,0,0
12/16/2014,0,0
12/17/2014,0,0
12/18/2014,0,0
12/19/2014,0,0
12/20/2014,0,0
12/21/2014,0,0
12/22/2014,0,0
12/23/2014,0,0
12/24/2014,0,0
12/25/2014,0,0
12/26/2014,0,0
12/27/2014,0,0
12/28/2014,0,0
12/29/2014,0,0
12/30/2014,0,0
12/31/2014,0,0
1/1/2015,0.15596323076923074,12.9
1/2/2015,0.15737846153846152,12.9
1/3/2015,3.1991130769230764,12.9
1/4/2015,0.20295461538461537,12.9
1/5/2015,0.086913846,12.9
1/6/2015,0,12.9
1/7/2015,0,12.9
1/8/2015,0,12.9
1/9/2015,0,12.9
1/10/2015,0,12.9
1/11/2015,0,12.9
1/12/2015,0,12.9
1/13/2015,0,12.9
1/14/2015,0,12.9
1/15/2015,0,12.9
1/16/2015,0,12.9
1/17/2015,0,12.9
1/18/2015,0,12.9
1/19/2015,0,12.9
1/20/2015,0,12.9
1/21/2015,0,12.9
1/22/2015,0,12.9
1/23/2015,0,12.9
1/24/2015,0,12.9
1/25/2015,0,0.8
1/26/2015,0,0.8
1/27/2015,0,0.8
1/28/2015,0,0.8
1/29/2015,0,0.8
1/30/2015,0,0.8
1/31/2015,0,0.8
2/1/2015,0,0.8
2/2/2015,0,0.8
2/3/2015,0,0.8
2/4/2015,0,0.8
2/5/2015,0,0.8
2/6/2015,0,0.8
2/7/2015,0,0.8
2/8/2015,0,0.8
2/9/2015,0,0.8
2/10/2015,0,0.8
2/11/2015,0,0.8
2/12/2015,0,0.8
2/13/2015,1.4374615384615386,0.8
2/14/2015,1.0679784615384615,0.8
2/15/2015,0,0.8
2/16/2015,0,0.8
2/17/2015,0,0.8
2/18/2015,0,0
2/19/2015,0,0
2/20/2015,0,0
2/21/2015,0,0
2/22/2015,0,0
2/23/2015,0,0
2/24/2015,0,0
2/25/2015,0,0
2/26/2015,0,0
2/27/2015,0,0
2/28/2015,0,0
3/1/2015,0,0
3/2/2015,0,0
3/3/2015,0,0
3/4/2015,0,0
3/5/2015,3.2896253846153845,0
3/6/2015,0,0
3/7/2015,0,0
3/8/2015,0,0
3/9/2015,0,0
3/10/2015,0,0
3/11/2015,0,0
3/12/2015,0.15660769230769228,0
3/13/2015,0,0
3/14/2015,0,2.3
3/15/2015,0.026073846153846156,2.3
3/16/2015,0,2.3
3/17/2015,0,2.3
3/18/2015,0,2.3
3/19/2015,0,2.3
3/20/2015,0,2.3
3/21/2015,0,2.3
3/22/2015,0,2.3
3/23/2015,0,2.3
3/24/2015,0,2.3
3/25/2015,0,2.3
3/26/2015,0,2.3
3/27/2015,0.040586923,2.3
3/28/2015,0,2.3
3/29/2015,0,2.3
3/30/2015,0,2.3
3/31/2015,0,2.3
4/1/2015,0,2.3
4/2/2015,0,2.3
4/3/2015,0,2.3
4/4/2015,0,2.3
4/5/2015,0,2.3
4/6/2015,0,2.3
4/7/2015,0,0.4
4/8/2015,0,0.4
4/9/2015,2.0714176923076923,0.4
4/10/2015,19.274546153846156,0.4
4/11/2015,0,0.4
4/12/2015,0.007868462,0.4
4/13/2015,0.1697076923076923,0.4
4/14/2015,0.023116153846153845,0.4
4/15/2015,2.4734176923076925,0.4
4/16/2015,0.008961538,0.4
4/17/2015,1.0868915384615385,0.4
4/18/2015,0,0.4
4/19/2015,0.051580769,0.4
4/20/2015,0,0.4
4/21/2015,0,0.4
4/22/2015,0,0.4
4/23/2015,0,0.4
4/24/2015,0.9223292307692308,0.4
4/25/2015,0.2473007692307692,0.4
4/26/2015,0,0.4
4/27/2015,11.28633076923077,0.4
4/28/2015,0.049251538461538465,0.4
4/29/2015,0,0.4
4/30/2015,16.31890769230769,0.4
5/1/2015,1.0025807692307693,0.2
5/2/2015,0.1478376923076923,0.2
5/3/2015,0.4758076923076923,0.2
5/4/2015,0,0.2
5/5/2015,0,0.2
5/6/2015,2.0887000000000002,0.2
5/7/2015,0.11056923076923077,0.2
5/8/2015,2.9291753846153847,0.2
5/9/2015,0,0.2
5/10/2015,0,0.2
5/11/2015,0,0.2
5/12/2015,0,0.2
5/13/2015,0,0.2
5/14/2015,0,0.2
5/15/2015,0.44653615384615386,0.2
5/16/2015,0.008961538,0.2
5/17/2015,5.117155384615385,0.2
5/18/2015,2.844233846153846,0.2
5/19/2015,0,0.2
5/20/2015,0.31035384615384615,0.2
5/21/2015,0,0.2
5/22/2015,0,0.2
5/23/2015,0,0.2
5/24/2015,0,0.2
5/25/2015,0.045438462,9.8
5/26/2015,0,9.8
5/27/2015,0,9.8
5/28/2015,0,9.8
5/29/2015,0,9.8
5/30/2015,0.3698461538461538,9.8
5/31/2015,0,9.8
6/1/2015,0,9.8
6/2/2015,7.6143192307692305,9.8
6/3/2015,0,9.8
6/4/2015,0.42239153846153843,9.8
6/5/2015,7.863972307692307,9.8
6/6/2015,3.6852953846153844,9.8
6/7/2015,6.9722469230769235,9.8
6/8/2015,0.0518,9.8
6/9/2015,0,9.8
6/10/2015,0.33061538461538464,9.8
6/11/2015,0,9.8
6/12/2015,0.022719231,9.8
6/13/2015,20.211669230769232,9.8
6/14/2015,0,9.8
6/15/2015,23.111092307692306,9.8
6/16/2015,5.485953076923077,9.8
6/17/2015,4.343987692307691,9.8
6/18/2015,0.8676623076923076,1
6/19/2015,0.23483076923076923,1
6/20/2015,1.6483130769230772,1
6/21/2015,4.617274615384616,1
6/22/2015,9.706530769230769,1
6/23/2015,75.66676923076922,1
6/24/2015,34.365315384615386,1
6/25/2015,6.046270769230769,1
6/26/2015,0,1
6/27/2015,1.9413515384615383,1
6/28/2015,3.6031523076923073,1
6/29/2015,13.831815384615386,1
6/30/2015,12.680995384615384,1
7/1/2015,13.37229076923077,1
7/2/2015,4.777046923076923,1
7/3/2015,1.0942207692307693,1
7/4/2015,2.23434,1
7/5/2015,7.670057692307693,1
7/6/2015,3.3208530769230764,1
7/7/2015,4.321627692307692,1
7/8/2015,15.704608461538461,1
7/9/2015,10.597712307692309,1
7/10/2015,32.28353846153846,1
7/11/2015,57.45976923076922,1
7/12/2015,34.955615384615385,1.3
7/13/2015,0.47108,1.3
7/14/2015,1.1252723076923077,1.3
7/15/2015,0,1.3
7/16/2015,0.8285353846153847,1.3
7/17/2015,21.863638461538464,1.3
7/18/2015,0.078253846,1.3
7/19/2015,7.9362400000000015,1.3
7/20/2015,5.9067307692307685,1.3
7/21/2015,2.7770307692307696,1.3
7/22/2015,1.3191546153846152,1.3
7/23/2015,12.09723846153846,1.3
7/24/2015,15.729553846153847,1.3
7/25/2015,7.124933846153846,1.3
7/26/2015,16.86703076923077,1.3
7/27/2015,32.92361538461539,1.3
7/28/2015,51.46830769,1.3
7/29/2015,13.783352307692308,1.3
7/30/2015,0.13141538461538463,1.3
7/31/2015,0,1.3
8/1/2015,1.844770769230769,1.3
8/2/2015,22.91392307692308,1.3
8/3/2015,30.763923076923074,1.3
8/4/2015,28.5119,1.3
8/5/2015,2.632406153846154,2.8
8/6/2015,3.744484615384615,2.8
8/7/2015,0.41646615384615393,2.8
8/8/2015,0.16945615384615384,2.8
8/9/2015,0.18153692307692307,2.8
8/10/2015,0,2.8
8/11/2015,0.072160769,2.8
8/12/2015,2.3936307692307692,2.8
8/13/2015,4.946559230769231,2.8
8/14/2015,10.576976923076923,2.8
8/15/2015,2.1226007692307696,2.8
8/16/2015,1.7580453846153847,2.8
8/17/2015,0.8599615384615386,2.8
8/18/2015,12.015638461538462,2.8
8/19/2015,4.841736153846154,2.8
8/20/2015,11.069438461538462,2.8
8/21/2015,13.381323076923078,2.8
8/22/2015,0.076212308,2.8
8/23/2015,0.506133077,2.8
8/24/2015,0.9116076923076922,2.8
8/25/2015,14.83291153846154,2.8
8/26/2015,2.9881546153846155,2.8
8/27/2015,14.657561538461534,2.8
8/28/2015,22.546499999999998,2.8
8/29/2015,19.4386,11.3
8/30/2015,5.369113846153846,11.3
8/31/2015,13.660404615384616,11.3
9/1/2015,7.9536384615384605,11.3
9/2/2015,16.854466923076924,11.3
9/3/2015,1.6920038461538462,11.3
9/4/2015,3.8434984615384615,11.3
9/5/2015,5.78902,11.3
9/6/2015,2.0656292307692308,11.3
9/7/2015,1.5620869230769232,11.3
9/8/2015,1.6423346153846152,11.3
9/9/2015,0,11.3
9/10/2015,0.34768461538461537,11.3
9/11/2015,0,11.3
9/12/2015,0.7650699999999998,11.3
9/13/2015,2.201110769230769,11.3
9/14/2015,3.253669230769231,11.3
9/15/2015,4.706625384615385,11.3
9/16/2015,12.723132307692309,11.3
9/17/2015,13.221176923076927,11.3
9/18/2015,4.945053846153846,11.3
9/19/2015,6.710203846153846,11.3
9/20/2015,0.2172176923076923,11.3
9/21/2015,21.617676923076925,11.3
9/22/2015,22.183776923076923,0.2
9/23/2015,0.5794192307692307,0.2
9/24/2015,0.009246923,0.2
9/25/2015,0.073173077,0.2
9/26/2015,0,0.2
9/27/2015,0.38174461538461546,0.2
9/28/2015,0,0.2
9/29/2015,0,0.2
9/30/2015,0,0.2
10/1/2015,0,0.2
10/2/2015,3.1259965615384617,0.2
10/3/2015,0.5266623076923077,0.2
10/4/2015,0.0418127,0.2
10/5/2015,0.2934946153846154,0.2
10/6/2015,1.4776734846153847,0.2
10/7/2015,0.5902654461538461,0.2
10/8/2015,0.5268680769230769,0.2
10/9/2015,0.000337623,0.2
10/10/2015,0.13283415384615382,0.2
10/11/2015,1.1112531461538462,0.2
10/12/2015,0,0.2
10/13/2015,0.008436154,0.2
10/14/2015,0.007290231,0.2
10/15/2015,0.10717692307692307,0.2
10/16/2015,0.011986307692307692,0
10/17/2015,0,0
10/18/2015,0.4440965384615385,0
10/19/2015,0,0
10/20/2015,0.485705923,0
10/21/2015,0,0
10/22/2015,0.021502076923076922,0
10/23/2015,0,0
10/24/2015,1.2422146153846152,0
10/25/2015,0.015819523076923078,0
10/26/2015,0.006748923,0
10/27/2015,0,0
10/28/2015,0,0
10/29/2015,0.069385615,0
10/30/2015,0,0
10/31/2015,0.18988407692307693,0
11/1/2015,0.32123492307692303,0
11/2/2015,0.061630769,0
11/3/2015,0.010446923076923076,0
11/4/2015,0,0
11/5/2015,0,0
11/6/2015,0,0
11/7/2015,0,0
11/8/2015,0,0
11/9/2015,0,5.6
11/10/2015,0,5.6
11/11/2015,0,5.6
11/12/2015,0,5.6
11/13/2015,0,5.6
11/14/2015,0,5.6
11/15/2015,0,5.6
11/16/2015,0.7564676923076923,5.6
11/17/2015,0.018370769230769232,5.6
11/18/2015,0,5.6
11/19/2015,0.005287923,5.6
11/20/2015,0.22293846153846156,5.6
11/21/2015,0.7617292307692308,5.6
11/22/2015,0,5.6
11/23/2015,0,5.6
11/24/2015,0,5.6
11/25/2015,0,5.6
11/26/2015,0,5.6
11/27/2015,0.037967692307692306,5.6
11/28/2015,0.013121538461538462,5.6
11/29/2015,0.007759231,5.6
11/30/2015,0.018013846153846155,5.6
12/1/2015,0.062066154,5.6
12/2/2015,0.30480853846153844,5.6
12/3/2015,0.10272492307692309,8.1
12/4/2015,1.1402366923076923,8.1
12/5/2015,1.7295546153846157,8.1
12/6/2015,0,8.1
12/7/2015,0,8.1
12/8/2015,0.1838303076923077,8.1
12/9/2015,0.8841778461538462,8.1
12/10/2015,1.3413135384615382,8.1
12/11/2015,2.502896923076923,8.1
12/12/2015,0.30940515384615386,8.1
12/13/2015,0,8.1
12/14/2015,5.673927384615384,8.1
12/15/2015,4.4323989230769225,8.1
12/16/2015,1.4764566153846155,8.1
12/17/2015,0,8.1
12/18/2015,0,8.1
12/19/2015,0,8.1
12/20/2015,0,8.1
12/21/2015,0,8.1
12/22/2015,0,8.1
12/23/2015,0,8.1
12/24/2015,0,8.1
12/25/2015,0,8.1
12/26/2015,0.34126669230769224,8.1
12/27/2015,0.10495538461538462,25.4
12/28/2015,0,25.4
12/29/2015,0,25.4
12/30/2015,0.15073846153846154,25.4
12/31/2015,0.11587146153846153,25.4
1/1/2016,0.2911115384615385,25.4
1/2/2016,0,25.4
1/3/2016,0,25.4
1/4/2016,0,25.4
1/5/2016,0,25.4
1/6/2016,0,25.4
1/7/2016,0,25.4
1/8/2016,0,25.4
1/9/2016,0,25.4
1/10/2016,0,25.4
1/11/2016,0,25.4
1/12/2016,0,25.4
1/13/2016,0,25.4
1/14/2016,0,25.4
1/15/2016,0,25.4
1/16/2016,0,25.4
1/17/2016,0,25.4
1/18/2016,0,25.4
1/19/2016,0,25.4
1/20/2016,0,0.8
1/21/2016,0.7781569230769231,0.8
1/22/2016,0.029825230769230767,0.8
1/23/2016,0,0.8
1/24/2016,0,0.8
1/25/2016,0,0.8
1/26/2016,0,0.8
1/27/2016,0,0.8
1/28/2016,0,0.8
1/29/2016,0,0.8
1/30/2016,0,0.8
1/31/2016,0,0.8
2/1/2016,0,0.8
2/2/2016,0,0.8
2/3/2016,0,0.8
2/4/2016,0,0.8
2/5/2016,0,0.8
2/6/2016,0,0.8
2/7/2016,0,0.8
2/8/2016,0,0.8
2/9/2016,0,0.8
2/10/2016,0,0.8
2/11/2016,0,0.8
2/12/2016,0,0.8
2/13/2016,0.060081538,2.5
2/14/2016,0,2.5
2/15/2016,0,2.5
2/16/2016,0,2.5
2/17/2016,0,2.5
2/18/2016,0,2.5
2/19/2016,0,2.5
2/20/2016,0,2.5
2/21/2016,0,2.5
2/22/2016,0,2.5
2/23/2016,0,2.5
2/24/2016,0,2.5
2/25/2016,0,2.5
2/26/2016,0.068763154,2.5
2/27/2016,0.5370899999999998,2.5
2/28/2016,15.763138461538462,2.5
2/29/2016,2.0929976923076925,2.5
3/1/2016,0.048436923,2.5
3/2/2016,0.017366923,2.5
3/3/2016,0.008226154,2.5
3/4/2016,0,2.5
3/5/2016,0,2.5
3/6/2016,0,2.5
3/7/2016,0,2.5
3/8/2016,0,0.9
3/9/2016,0,0.9
3/10/2016,0,0.9
3/11/2016,0,0.9
3/12/2016,0,0.9
3/13/2016,0,0.9
3/14/2016,0,0.9
3/15/2016,0,0.9
3/16/2016,6.809669230769232,0.9
3/17/2016,6.405181692307693,0.9
3/18/2016,0,0.9
3/19/2016,0.24348307692307689,0.9
3/20/2016,0.011816153846153846,0.9
3/21/2016,0.040433846153846154,0.9
3/22/2016,0,0.9
3/23/2016,0,0.9
3/24/2016,0,0.9
3/25/2016,0,0.9
3/26/2016,0,0.9
3/27/2016,0,0.9
3/28/2016,0,0.9
3/29/2016,2.5495715384615383,0.9
3/30/2016,0,0.9
3/31/2016,0.030163076923076924,0.9
4/1/2016,7.908406538461539,3
4/2/2016,0.1809923076923077,3
4/3/2016,0.12160692307692308,3
4/4/2016,0,3
4/5/2016,0,3
4/6/2016,0.3844840769230769,3
4/7/2016,0,3
4/8/2016,0.033909231,3
4/9/2016,0,3
4/10/2016,0,3
4/11/2016,0,3
4/12/2016,0,3
4/13/2016,0,3
4/14/2016,0,3
4/15/2016,0,3
4/16/2016,0,3
4/17/2016,0,3
4/18/2016,0,3
4/19/2016,0,3
4/20/2016,0.031714615,3
4/21/2016,0,3
4/22/2016,0,3
4/23/2016,0,3
4/24/2016,0,3
4/25/2016,0,0.3
4/26/2016,0,0.3
4/27/2016,0.188135,0.3
4/28/2016,0,0.3
4/29/2016,0.1189373846153846,0.3
4/30/2016,0,0.3
5/1/2016,1.5883364615384616,0.3
5/2/2016,0,0.3
5/3/2016,0.063704615,0.3
5/4/2016,0,0.3
5/5/2016,0.42131,0.3
5/6/2016,0.18346184615384617,0.3
5/7/2016,0,0.3
5/8/2016,0.4281761538461538,0.3
5/9/2016,0.13221461538461537,0.3
5/10/2016,0.2100386923076923,0.3
5/11/2016,0.4417367692307692,0.3
5/12/2016,1.107216846153846,0.3
5/13/2016,1.9986207692307691,0.3
5/14/2016,0.4927692307692308,0.3
5/15/2016,0.003823846,0.3
5/16/2016,1.478394692307692,0.3
5/17/2016,0,0.3
5/18/2016,1.65485,0.3
5/19/2016,0,53
5/20/2016,0.054066923,53
5/21/2016,1.8831926923076923,53
5/22/2016,3.0130553846153845,53
5/23/2016,5.075537846153845,53
5/24/2016,0,53
5/25/2016,0.25698707692307693,53
5/26/2016,0,53
5/27/2016,0.86371,53
5/28/2016,0.16396407692307693,53
5/29/2016,2.469777692307692,53
5/30/2016,3.9440884615384615,53
5/31/2016,0.022763076923076924,53
6/1/2016,0.7916723076923076,53
6/2/2016,0.068555385,53
6/3/2016,6.30832,53
6/4/2016,2.7169522307692304,53
6/5/2016,4.3542819999999995,53
6/6/2016,0.9046623076923078,53
6/7/2016,1.2893714615384617,53
6/8/2016,0.20959192307692312,53
6/9/2016,3.341180769230768,53
6/10/2016,19.899876923076924,53
6/11/2016,2.153397,53
6/12/2016,0.009140769,1.6
6/13/2016,1.0682086923076923,1.6
6/14/2016,0,1.6
6/15/2016,1.6924623076923082,1.6
6/16/2016,0.8199907692307692,1.6
6/17/2016,2.3823492307692304,1.6
6/18/2016,10.593636923076922,1.6
6/19/2016,11.320415384615385,1.6
6/20/2016,5.071490769230769,1.6
6/21/2016,3.504847307692307,1.6
6/22/2016,0.2099576923076923,1.6
6/23/2016,0.7093458461538463,1.6
6/24/2016,0.1967976923076923,1.6
6/25/2016,20.65457692307692,1.6
6/26/2016,1.4285593846153843,1.6
6/27/2016,2.889255384615385,1.6
6/28/2016,3.265217076923077,1.6
6/29/2016,8.533953846153846,1.6
6/30/2016,12.301276923076925,1.6
7/1/2016,6.223946153846153,1.6
7/2/2016,7.1524230769230766,1.6
7/3/2016,10.431623076923078,1.6
7/4/2016,28.945615384615387,1.6
7/5/2016,8.877953846153845,1.6
7/6/2016,7.200623076923078,7.6
7/7/2016,1.9818969230769232,7.6
7/8/2016,0.8353527692307693,7.6
7/9/2016,9.237538461538461,7.6
7/10/2016,8.256253846153847,7.6
7/11/2016,4.997084615384616,7.6
7/12/2016,5.8833230769230775,7.6
7/13/2016,1.5032384615384613,7.6
7/14/2016,0.6939315384615384,7.6
7/15/2016,9.990892308,7.6
7/16/2016,5.723653846153846,7.6
7/17/2016,10.569407692307692,7.6
7/18/2016,6.257438461538461,7.6
7/19/2016,23.901461538461543,7.6
7/20/2016,13.353969230769232,7.6
7/21/2016,1.8340261538461542,7.6
7/22/2016,10.22358153846154,7.6
7/23/2016,9.607682307692308,7.6
7/24/2016,5.459508461538461,7.6
7/25/2016,4.087275153846154,7.6
7/26/2016,5.801821538461538,7.6
7/27/2016,9.815715384615384,7.6
7/28/2016,10.222707692307692,7.6
7/29/2016,6.718906153846153,7.6
7/30/2016,1.6997992307692305,0.8
7/31/2016,2.749480769,0.8
8/1/2016,7.002574846153845,0.8
8/2/2016,2.092349846153846,0.8
8/3/2016,27.173946153846153,0.8
8/4/2016,12.530100000000001,0.8
8/5/2016,48.96784615384616,0.8
8/6/2016,42.793769230769236,0.8
8/7/2016,44.86507692307692,0.8
8/8/2016,8.180984615384615,0.8
8/9/2016,1.038591307692308,0.8
8/10/2016,1.2733279999999998,0.8
8/11/2016,20.544446153846156,0.8
8/12/2016,23.229338461538457,0.8
8/13/2016,18.42799230769231,0.8
8/14/2016,3.852784615384615,0.8
8/15/2016,2.636096,0.8
8/16/2016,5.791810076923077,0.8
8/17/2016,22.549923076923076,0.8
8/18/2016,4.9354000000000005,0.8
8/19/2016,2.9082015384615385,0.8
8/20/2016,0.3931469230769231,0.8
8/21/2016,1.006264076923077,0.8
8/22/2016,0.060803846,0.8
8/23/2016,2.3878811538461537,7
8/24/2016,11.708230769230768,7
8/25/2016,8.073200769,7
8/26/2016,2.043353846153846,7
8/27/2016,12.102123076923078,7
8/28/2016,4.24027,7
8/29/2016,3.0198427692307694,7
8/30/2016,0.21532815384615386,7
8/31/2016,0.053660769230769234,7
9/1/2016,0.4331077692307693,7
9/2/2016,0.9893423076923077,7
9/3/2016,11.40186846153846,7
9/4/2016,11.328807692307693,7
9/5/2016,42.08730769230769,7
9/6/2016,24.473153846153846,7
9/7/2016,16.264,7
9/8/2016,2.4704361538461534,7
9/9/2016,4.960713846153846,7
9/10/2016,4.860669230769231,7
9/11/2016,23.42210769230769,7
9/12/2016,22.084615384615383,7
9/13/2016,3.914828692307693,7
9/14/2016,2.106077,7
9/15/2016,6.8189,7
9/16/2016,4.726797692307693,43.2
9/17/2016,4.494887692307693,43.2
9/18/2016,1.2469876923076921,43.2
9/19/2016,0.7227830769230769,43.2
9/20/2016,1.7596615384615382,43.2
9/21/2016,1.732873923076923,43.2
9/22/2016,1.4753430769230766,43.2
9/23/2016,7.521807692307693,43.2
9/24/2016,9.535238462,43.2
9/25/2016,8.191338461538463,43.2
9/26/2016,1.5256146153846153,43.2
9/27/2016,2.8082100000000003,43.2
9/28/2016,3.649729538461538,43.2
9/29/2016,2.649713076923077,43.2
9/30/2016,2.2356859230769226,43.2
10/1/2016,9.709353846153844,43.2
10/2/2016,7.394283846153845,43.2
10/3/2016,5.566101538461539,43.2
10/4/2016,0.46703,43.2
10/5/2016,3.571483846153846,43.2
10/6/2016,0.22130076923076925,43.2
10/7/2016,16.756130769230772,43.2
10/8/2016,22.566538461538457,43.2
10/9/2016,7.7492,43.2
10/10/2016,5.746247692307694,0
10/11/2016,3.650215384615385,0
10/12/2016,10.864338461538463,0
10/13/2016,0.3146230769230769,0
10/14/2016,0,0
10/15/2016,0,0
10/16/2016,0,0
10/17/2016,0,0
10/18/2016,0,0
10/19/2016,0,0
10/20/2016,0,0
10/21/2016,0,0
10/22/2016,0,0
10/23/2016,0,0
10/24/2016,0,0
10/25/2016,0,0
10/26/2016,0,0
10/27/2016,0,0
10/28/2016,0.9194423076923077,0
10/29/2016,0.030401231,0
10/30/2016,0.088790769,0
10/31/2016,0,0
11/1/2016,0,0
11/2/2016,0,0
11/3/2016,0,0
11/4/2016,0,0
11/5/2016,2.151647923076923,0
11/6/2016,1.3619069230769232,0
11/7/2016,0,0
11/8/2016,0,0
11/9/2016,0,0
11/10/2016,0,0
11/11/2016,0,0
11/12/2016,0,0
11/13/2016,0,0
11/14/2016,0,0
11/15/2016,0,0
11/16/2016,0,0
11/17/2016,0,0
11/18/2016,0,0
11/19/2016,0,0
11/20/2016,0,0
11/21/2016,0,0
11/22/2016,0,0
11/23/2016,0,0
11/24/2016,0,0
11/25/2016,0,0
11/26/2016,0,0
11/27/2016,0,0
11/28/2016,0,0
11/29/2016,0,0
11/30/2016,0,0
12/1/2016,0,0
12/2/2016,0,0
12/3/2016,0,0
12/4/2016,0,0
12/5/2016,0,0
12/6/2016,0,0
12/7/2016,0,0
12/8/2016,0,0
12/9/2016,0,0
12/10/2016,0,0
12/11/2016,0,0
12/12/2016,0,0
12/13/2016,0,0
12/14/2016,0,0
12/15/2016,0,0
12/16/2016,0,0
12/17/2016,0,0
12/18/2016,0,0
12/19/2016,0,0
12/20/2016,0,0
12/21/2016,0,0
12/22/2016,0,0
12/23/2016,0,0
12/24/2016,0,0
12/25/2016,0,0
12/26/2016,0,0
12/27/2016,0,0
12/28/2016,0,0
12/29/2016,0,0
12/30/2016,0,0
12/31/2016,0,0
1/1/2017,0,0
1/2/2017,0,0
1/3/2017,0,0
1/4/2017,8.482986153846152,0
1/5/2017,0,0
1/6/2017,0,0
1/7/2017,0,0
1/8/2017,0,0
1/9/2017,0,0
1/10/2017,0,0
1/11/2017,0,0
1/12/2017,0,0
1/13/2017,0,0
1/14/2017,0,0
1/15/2017,0,0
1/16/2017,0,0
1/17/2017,0,0
1/18/2017,0,0
1/19/2017,0,0
1/20/2017,0,0
1/21/2017,0,0
1/22/2017,0,0
1/23/2017,0,0
1/24/2017,0,0
1/25/2017,0,0
1/26/2017,0,0
1/27/2017,0,0
1/28/2017,0,0
1/29/2017,0,0
1/30/2017,0,0
1/31/2017,0,0
2/1/2017,0,0
2/2/2017,0,0
2/3/2017,0,0
2/4/2017,0,0
2/5/2017,0,0
2/6/2017,0,0
2/7/2017,0,0
2/8/2017,0,0
2/9/2017,0,0
2/10/2017,0,0
2/11/2017,0,0
2/12/2017,0,0
2/13/2017,0,0
2/14/2017,0,0
2/15/2017,0,0
2/16/2017,0,0
2/17/2017,0,0
2/18/2017,0,0
2/19/2017,0,0
2/20/2017,0,0
2/21/2017,0,0
2/22/2017,0,0
2/23/2017,0,0
2/24/2017,0,0
2/25/2017,0,0
2/26/2017,0,0
2/27/2017,0,0
2/28/2017,0,0
3/1/2017,0,0
3/2/2017,0,0
3/3/2017,0,0
3/4/2017,0,0
3/5/2017,0,0
3/6/2017,0,0
3/7/2017,0.016158000000000002,0
3/8/2017,0.010771923076923077,0
3/9/2017,12.16042769230769,0
3/10/2017,2.607048307692308,0
3/11/2017,0.6981620000000001,0
3/12/2017,9.841007692307691,0
3/13/2017,0.017592307692307692,0
3/14/2017,0,0
3/15/2017,0,0
3/16/2017,0,0
3/17/2017,0,0
3/18/2017,0,0
3/19/2017,0.021819231,0
3/20/2017,0,0
3/21/2017,1.6834529230769228,0
3/22/2017,0,0
3/23/2017,0,0
3/24/2017,0,0
3/25/2017,0,0
3/26/2017,0,0
3/27/2017,0,0
3/28/2017,0,0
3/29/2017,0,0
3/30/2017,0,0
3/31/2017,0,0
4/1/2017,0,0
4/2/2017,0,0
4/3/2017,0,0
4/4/2017,0.33484746153846157,0
4/5/2017,0,0
4/6/2017,0,0
4/7/2017,0.1300023076923077,0
4/8/2017,0.039181692307692306,0
4/9/2017,0,0
4/10/2017,0,0
4/11/2017,0.2037615384615385,0
4/12/2017,0,0
4/13/2017,0,0
4/14/2017,0,0
4/15/2017,0,0
4/16/2017,0,0
4/17/2017,0,0
4/18/2017,0,0
4/19/2017,0.2037615384615385,0
4/20/2017,0.16883384615384617,0
4/21/2017,1.1875304615384614,0
4/22/2017,0.13818869230769232,0
4/23/2017,0,0
4/24/2017,0,0
4/25/2017,0,0
4/26/2017,0,0
4/27/2017,0,0
4/28/2017,0,0
4/29/2017,0,0
4/30/2017,0.002626231,0
5/1/2017,0,0
5/2/2017,0,0
5/3/2017,0.8358313846153848,0
5/4/2017,0,0
5/5/2017,0.34858146153846153,0
5/6/2017,0,0
5/7/2017,0.2045867692307692,0
5/8/2017,1.9333869230769234,0
5/9/2017,0,0
5/10/2017,0,0
5/11/2017,5.912596153846154,0
5/12/2017,0,0
5/13/2017,1.0315107692307692,0
5/14/2017,0.8541899999999999,3.2
5/15/2017,1.7560921538461538,3.2
5/16/2017,1.2532607692307693,3.2
5/17/2017,0.060455,3.2
5/18/2017,0,3.2
5/19/2017,0,3.2
5/20/2017,6.493933846153846,3.2
5/21/2017,0.008992308,3.2
5/22/2017,2.671499230769231,3.2
5/23/2017,0,3.2
5/24/2017,0.3366069230769231,3.2
5/25/2017,0.007312077,3.2
5/26/2017,2.1691723076923077,3.2
5/27/2017,0.021324615384615386,3.2
5/28/2017,11.353467692307692,3.2
5/29/2017,0.15301153846153845,3.2
5/30/2017,0,3.2
5/31/2017,0,3.2
6/1/2017,0,3.2
6/2/2017,3.9446617692307693,3.2
6/3/2017,3.252380769230769,3.2
6/4/2017,5.933580769230767,3.2
6/5/2017,2.6876161538461543,3.2
6/6/2017,1.608923076923077,3.2
6/7/2017,8.012469231,2.1
6/8/2017,7.294265384615385,2.1
6/9/2017,0.020109230769230768,2.1
6/10/2017,0.46382538461538453,2.1
6/11/2017,7.087173076923076,2.1
6/12/2017,9.721676923076924,2.1
6/13/2017,1.0083375384615385,2.1
6/14/2017,0.8035153846153846,2.1
6/15/2017,1.9538016923076924,2.1
6/16/2017,0.1032893076923077,2.1
6/17/2017,40.65161538461538,2.1
6/18/2017,0,2.1
6/19/2017,0.4445315384615384,2.1
6/20/2017,1.0202619230769232,2.1
6/21/2017,0.10677692307692307,2.1
6/22/2017,2.375004615384616,2.1
6/23/2017,39.86439230769231,2.1
6/24/2017,0.9020799999999999,2.1
6/25/2017,0.19681692307692306,2.1
6/26/2017,21.37553846153846,2.1
6/27/2017,14.527099999999999,2.1
6/28/2017,25.351215384615386,2.1
6/29/2017,5.651766153846154,2.1
6/30/2017,7.692515384615385,2.1
7/1/2017,1.1934384615384614,1.4
7/2/2017,10.483407692307692,1.4
7/3/2017,1.5273390769230764,1.4
7/4/2017,5.293306923076923,1.4
7/5/2017,8.767846153846152,1.4
7/6/2017,2.2702353846153844,1.4
7/7/2017,0.8832484615384616,1.4
7/8/2017,3.8556546153846156,1.4
7/9/2017,23.679153846153845,1.4
7/10/2017,17.11206153846154,1.4
7/11/2017,12.170646923076927,1.4
7/12/2017,4.3179,1.4
7/13/2017,0.884828154,1.4
7/14/2017,15.320076923076925,1.4
7/15/2017,14.677,1.4
7/16/2017,6.1216461538461555,1.4
7/17/2017,7.048953846153847,1.4
7/18/2017,22.687846153846156,1.4
7/19/2017,19.604223076923077,1.4
7/20/2017,17.85077692307692,1.4
7/21/2017,9.232192307692308,1.4
7/22/2017,2.9599094615384614,1.4
7/23/2017,1.9789438461538462,1.4
7/24/2017,13.887999999999998,1.4
7/25/2017,23.609892307692306,0.5
7/26/2017,4.473967692307692,0.5
7/27/2017,5.2250700000000005,0.5
7/28/2017,7.594569231,0.5
7/29/2017,6.1945461538461535,0.5
7/30/2017,0.7883706153846154,0.5
7/31/2017,6.0282107692307685,0.5
8/1/2017,1.1717445384615384,0.5
8/2/2017,10.77343076923077,0.5
8/3/2017,10.379233076923075,0.5
8/4/2017,11.458030769230769,0.5
8/5/2017,5.050630769,0.5
8/6/2017,9.485407692307692,0.5
8/7/2017,11.46028923076923,0.5
8/8/2017,16.262584615384615,0.5
8/9/2017,4.552007692307693,0.5
8/10/2017,14.765699999999999,0.5
8/11/2017,5.615138461538461,0.5
8/12/2017,0.4911476923076924,0.5
8/13/2017,1.9510823076923076,0.5
8/14/2017,4.5493330769230775,0.5
8/15/2017,9.974615384615387,0.5
8/16/2017,2.3429046153846156,0.5
8/17/2017,2.2934146153846156,0.5
8/18/2017,4.833006923076923,0
8/19/2017,14.014323076923075,0
8/20/2017,7.744092307692307,0
8/21/2017,7.632290769230769,0
8/22/2017,3.914592307692309,0
8/23/2017,1.4291369230769233,0
8/24/2017,2.2840469230769234,0
8/25/2017,8.119123076923076,0
8/26/2017,21.616623076923076,0
8/27/2017,1.2102194615384614,0
8/28/2017,7.570695615384614,0
8/29/2017,13.343876923076923,0
8/30/2017,16.34176923076923,0
8/31/2017,0.8038348461538463,0
9/1/2017,1.8463853846153846,0
9/2/2017,4.965439230769231,0
9/3/2017,15.107453846153845,0
9/4/2017,14.06916153846154,0
9/5/2017,0.5525777692307693,0
9/6/2017,3.028785076923077,0
9/7/2017,3.7062446153846147,0
9/8/2017,1.2086152307692308,0
9/9/2017,4.752267692307693,0
9/10/2017,2.450496153846154,0
9/11/2017,8.693169231,0
9/12/2017,4.086269230769231,0
9/13/2017,1.9132235384615384,0
9/14/2017,12.152246153846153,0
9/15/2017,9.508923076923075,0
9/16/2017,0.795885846,0
9/17/2017,0.7158394615384616,0
9/18/2017,2.3357969230769235,0
9/19/2017,7.858346153846153,0
9/20/2017,39.93823076923077,0
9/21/2017,6.264984615384615,0
9/22/2017,2.486404846153846,0
9/23/2017,8.087922769230769,0
9/24/2017,0.4166876923076923,0
9/25/2017,4.624515384615385,0
9/26/2017,4.018311538461538,0
9/27/2017,4.853584615384616,0
9/28/2017,10.743176923076923,0
9/29/2017,0.8622789999999998,0
9/30/2017,7.446123076923077,0
10/1/2017,10.100007692307694,0
10/2/2017,13.539946153846152,0
10/3/2017,9.112316153846155,0
10/4/2017,11.645584615384617,0
10/5/2017,4.361317692307693,0.1
10/6/2017,1.8144730769230766,0.1
10/7/2017,1.968483076923077,0.1
10/8/2017,8.056377692307693,0.1
10/9/2017,4.128258538461539,0.1
10/10/2017,13.832523076923078,0.1
10/11/2017,1.771343846153846,0.1
10/12/2017,2.667619384615385,0.1
10/13/2017,5.228725384615384,0.1
10/14/2017,3.4180338461538464,0.1
10/15/2017,2.9799390769230767,0.1
10/16/2017,1.5528153846153845,0.1
10/17/2017,0.035796538,0.1
10/18/2017,0,0.1
10/19/2017,0,0.1
10/20/2017,3.763687692307692,0.1
10/21/2017,28.87950769230769,0.1
10/22/2017,19.7219,0.1
10/23/2017,0,0.1
10/24/2017,0.5159709230769232,0.1
10/25/2017,0,0.1
10/26/2017,0,0.1
10/27/2017,0,0.1
10/28/2017,0.2303715384615384,0.1
10/29/2017,0,0.1
10/30/2017,0,0.1
10/31/2017,0,0.1
11/1/2017,0,0.1
11/2/2017,0,0.1
11/3/2017,0,0.1
11/4/2017,0,0.1
11/5/2017,0,0.1
11/6/2017,0,0.1
11/7/2017,0,0.1
11/8/2017,0,0.1
11/9/2017,0,0.1
11/10/2017,0,0.1
11/11/2017,0,0.1
11/12/2017,0,0.1
11/13/2017,0,0.1
11/14/2017,0,0.1
11/15/2017,0,0.1
11/16/2017,0.5438667692307693,0.1
11/17/2017,14.785546923076925,0.1
11/18/2017,5.775276923076922,0.1
11/19/2017,4.093890000000001,0.1
11/20/2017,2.727834692307692,0.1
11/21/2017,0.7562132307692307,0.1
11/22/2017,0.14010461538461538,0
11/23/2017,0,0
11/24/2017,0,0
11/25/2017,0,0
11/26/2017,0,0
11/27/2017,0,0
11/28/2017,0,0
11/29/2017,0,0
11/30/2017,0,0
12/1/2017,0,0
12/2/2017,0.002992372,0
12/3/2017,0.000855611,0
12/4/2017,0.002784612,0
12/5/2017,0.008345146,0
12/6/2017,0.001217001,0
12/7/2017,0.001294516,0
12/8/2017,4.142838461538461e-05,0
12/9/2017,8.974076923076924e-05,0
12/10/2017,0.6557073076923078,0
12/11/2017,0.000113724,0
12/12/2017,5.132923076923077e-09,0
12/13/2017,1.2491538461538463e-06,0
12/14/2017,0,0
12/15/2017,4.419076923076923e-06,0
12/16/2017,0,0.1
12/17/2017,2.806769230769231e-06,0.1
12/18/2017,1.53182e-05,0.1
12/19/2017,2.0460769230769233e-06,0.1
12/20/2017,0.003345177,0.1
12/21/2017,0.002956652,0.1
12/22/2017,0.005137445,0.1
12/23/2017,0,0.1
12/24/2017,0.001546352,0.1
12/25/2017,0.003760313,0.1
12/26/2017,0,0.1
12/27/2017,7.492692307692308e-06,0.1
12/28/2017,3.6189923076923074e-05,0.1
12/29/2017,0.00256747,0.1
12/30/2017,0,0.1
12/31/2017,0.0007495,0.1
1/1/2018,5.920076923076923e-06,0.1
1/2/2018,0.001811904,0.1
1/3/2018,2.8150223846153845e-05,0.1
1/4/2018,3.081076923076923e-06,0.1
1/5/2018,3.7537923076923077e-06,0.1
1/6/2018,0.003617258,0.1
1/7/2018,0.001556418,0.1
1/8/2018,2.9928461538461537e-06,0.1
1/9/2018,0,0
1/10/2018,2.376938461538461e-05,0
1/11/2018,0.002570869,0
1/12/2018,0.003514406,0
1/13/2018,0.003570994,0
1/14/2018,0,0
1/15/2018,0,0
1/16/2018,3.063769230769231e-06,0
1/17/2018,0.017556985,0
1/18/2018,0.003022213,0
1/19/2018,0.004625935,0
1/20/2018,8.664230769230768e-05,0
1/21/2018,0.003187223,0
1/22/2018,0,0
1/23/2018,0,0
1/24/2018,0.025196133783846157,0
1/25/2018,0,0
1/26/2018,0,0
1/27/2018,0,0
1/28/2018,0,0
1/29/2018,0,0
1/30/2018,0,0
1/31/2018,0,0
2/1/2018,0,0
2/2/2018,0.009209508,0
2/3/2018,0,0
2/4/2018,0.009880194,0
2/5/2018,0.049153364,0
2/6/2018,3.9501476461538463e-05,0
2/7/2018,0,0
2/8/2018,6.171461538461538e-06,0
2/9/2018,0.30821741538461533,0
2/10/2018,0.047602627,0
2/11/2018,0,0
2/12/2018,0.926923077,0
2/13/2018,1.7061678461538463,0
2/14/2018,0.088860454,0
2/15/2018,0.020057317692307692,0
2/16/2018,1.4753846153846153e-06,0
2/17/2018,0.029847122,0
2/18/2018,1.5297692307692307e-05,0
2/19/2018,0.002584629,0
2/20/2018,1.5898384615384615e-05,0
2/21/2018,0,0
2/22/2018,1.2883076923076923e-06,0
2/23/2018,0.005593261,0
2/24/2018,3.0121923076923073e-05,0
2/25/2018,0.002282799,0
2/26/2018,0.000624806,0.1
2/27/2018,0.001925665,0.1
2/28/2018,3.898538461538461e-06,0.1
3/1/2018,0,0.1
3/2/2018,4.192582138461539e-05,0.1
3/3/2018,0.001938476,0.1
3/4/2018,0,0.1
3/5/2018,6.949230769230769e-08,0.1
3/6/2018,1.9836165323076923e-07,0.1
3/7/2018,0.000188013,0.1
3/8/2018,0.000126234,0.1
3/9/2018,0.00065386,0.1
3/10/2018,0.0029795,0.1
3/11/2018,0.000928207,0.1
3/12/2018,0.003506608,0.1
3/13/2018,0.032930235,0.1
3/14/2018,0.12804927184615386,0.1
3/15/2018,2.0331021648461536e-05,0.1
3/16/2018,0.003978137,0.1
3/17/2018,0.3001045384615385,0.1
3/18/2018,2.978019769230769,0.1
3/19/2018,0,0.1
3/20/2018,2.7893846153846153e-06,0.1
3/21/2018,4.751407692307693e-06,0.1
3/22/2018,0,0
3/23/2018,0,0
3/24/2018,0,0
3/25/2018,0,0
3/26/2018,1.5136923076923077e-06,0
3/27/2018,0.001059964,0
3/28/2018,0,0
3/29/2018,1.8873846153846154e-10,0
3/30/2018,3.703230769230769e-06,0
3/31/2018,0.00267564,0
4/1/2018,0.052681939230769234,0
4/2/2018,0.14248953615384619,0
4/3/2018,8.212876923076923,0
4/4/2018,4.8878461538461545e-05,0
4/5/2018,0.044961538,0
4/6/2018,0.2118599140753846,0
4/7/2018,0.000480114,0
4/8/2018,1.0916582307692306,0
4/9/2018,5.557423076923077,0
4/10/2018,0.3782401153846153,0
4/11/2018,3.9410430769230773,0
4/12/2018,0.053065432,0
4/13/2018,0.033987712,0
4/14/2018,0.94617,0
4/15/2018,0,0
4/16/2018,0.068290095,0
4/17/2018,0.000149793,0
4/18/2018,0.000132438,0
4/19/2018,2.477114769230769,0
4/20/2018,0.009935986,0
4/21/2018,0.004070695,0
4/22/2018,0.771858,0
4/23/2018,0,0
4/24/2018,0.074335915,0
4/25/2018,3.7862573846153844,0
4/26/2018,1.9329653246153846,0
4/27/2018,0,0
4/28/2018,0.40245379230769235,0
4/29/2018,0.00041663,0
4/30/2018,6.8037399230769235,0
5/1/2018,7.668338462,0
5/2/2018,29.61307692307692,0
5/3/2018,0.38781076923076924,0
5/4/2018,7.688154615384615,0
5/5/2018,0.000414305,0
5/6/2018,2.565153846153846e-10,0
5/7/2018,6.47146407e-05,0
5/8/2018,1.1334984615384616,0
5/9/2018,0.006156476,0
5/10/2018,0.089821292,0
5/11/2018,1.3559275384615388,0
5/12/2018,0.2330578153846154,0
5/13/2018,0.889844846,0
5/14/2018,0.5488306923076922,0
5/15/2018,0.008320077,0
5/16/2018,17.573092307692306,0
5/17/2018,0,0
5/18/2018,0.4916238076923076,0
5/19/2018,0.015426083230769229,0
5/20/2018,11.816993846153848,0
5/21/2018,0.5018818161538462,0
5/22/2018,44.76101538461538,0
5/23/2018,3.628303923076923e-06,0
5/24/2018,0.7709754,0
5/25/2018,0.5176983281383077,0
5/26/2018,1.1154403076923076,0
5/27/2018,0.11043260769230769,0
5/28/2018,0.29426916923076923,0
5/29/2018,0.017665438,0
5/30/2018,0.9931916199999999,0
5/31/2018,9.076003846153846,0
6/1/2018,3.07901,0
6/2/2018,0.8740260384615386,0.3
6/3/2018,0.744030877,0.3
6/4/2018,7.196724615384615,0.3
6/5/2018,5.215635384615384,0.3
6/6/2018,0.002474771,0.3
6/7/2018,0.648938077,0.3
6/8/2018,2.238914261538462,0.3
6/9/2018,8.486200923076924,0.3
6/10/2018,18.613038461538466,0.3
6/11/2018,12.817723076923077,0.3
6/12/2018,3.0531930769230775,0.3
6/13/2018,14.889946153846154,0.3
6/14/2018,16.64602307692308,0.3
6/15/2018,0.006181191,0.3
6/16/2018,0.000452823,0.3
6/17/2018,0.000499406,0.3
6/18/2018,0.13088358246153844,0.3
6/19/2018,0,0.3
6/20/2018,2.435230769230769e-05,0.3
6/21/2018,0.15618672886615384,0.3
6/22/2018,1.0554075461538461,0.3
6/23/2018,4.250839846153846,0.3
6/24/2018,0.023535228,0.3
6/25/2018,0.3926105769230769,0.3
6/26/2018,1.783774,0.1
6/27/2018,5.787500407692308,0.1
6/28/2018,8.797479230769229,0.1
6/29/2018,34.639307692307696,0.1
6/30/2018,11.466467692307692,0.1
7/1/2018,4.3120730769230775,0.1
7/2/2018,0.69338904,0.1
7/3/2018,6.587586153846154,0.1
7/4/2018,8.224015307692307,0.1
7/5/2018,4.109159231,0.1
7/6/2018,0.810434,0.1
7/7/2018,0.023275566923076918,0.1
7/8/2018,1.9891469230769232,0.1
7/9/2018,30.603007692307695,0.1
7/10/2018,11.365138461538463,0.1
7/11/2018,5.226214538461539,0.1
7/12/2018,0.7952613846153846,0.1
7/13/2018,5.6206622615384605,0.1
7/14/2018,8.784834615384614,0.1
7/15/2018,6.394473076923077,0.1
7/16/2018,19.849792307692304,0.1
7/17/2018,25.436507692307693,0.1
7/18/2018,13.518830769230771,0.1
7/19/2018,3.054463076923077,0.1
7/20/2018,1.0119598461538462,1.1
7/21/2018,19.492930769230775,1.1
7/22/2018,19.087016923076924,1.1
7/23/2018,167.299,1.1
7/24/2018,22.170323076923076,1.1
7/25/2018,0.48415789489230765,1.1
7/26/2018,0.9230684923076923,1.1
7/27/2018,0.30160159230769235,1.1
7/28/2018,0.5349980000000001,1.1
7/29/2018,4.33175,1.1
7/30/2018,3.1735006153846155,1.1
7/31/2018,10.039803076923079,1.1
8/1/2018,25.138769230769235,1.1
8/2/2018,13.652299999999999,1.1
8/3/2018,5.028149231,1.1
8/4/2018,8.573923076923077,1.1
8/5/2018,3.6922485384615387,1.1
8/6/2018,0.7061601538461537,1.1
8/7/2018,5.315022307692307,1.1
8/8/2018,29.073176923076918,1.1
8/9/2018,20.509476923076924,1.1
8/10/2018,3.710056769,1.1
8/11/2018,1.0558547422307691,1.1
8/12/2018,0.7749004615384616,1.1
8/13/2018,9.924858923076924,0
8/14/2018,3.2576792307692304,0
8/15/2018,35.84486923076923,0
8/16/2018,22.362138461538464,0
8/17/2018,17.15853076923077,0
8/18/2018,6.711003846153847,0
8/19/2018,8.595915384615385,0
8/20/2018,42.42142307692307,0
8/21/2018,17.33687692307692,0
8/22/2018,4.983047692307693,0
8/23/2018,0.34925676923076926,0
8/24/2018,0.6545291692307693,0
8/25/2018,1.054815746153846,0
8/26/2018,53.809461538461534,0
8/27/2018,24.17363076923077,0
8/28/2018,30.250553846153846,0
8/29/2018,1.072433076923077,0
8/30/2018,3.206147692307692,0
8/31/2018,0.6140615384615384,0
9/1/2018,14.061775384615386,0
9/2/2018,34.63344615384615,0
9/3/2018,14.467474615384614,0
9/4/2018,2.3900515384615386,0
9/5/2018,7.411683076923077,0
9/6/2018,3.4424306153846156,0
9/7/2018,43.98253846153846,0
9/8/2018,80.74992307692308,0
9/9/2018,1.2495855384615384,0
9/10/2018,0,0
9/11/2018,0.093099193,0
9/12/2018,4.170487692307693,0
9/13/2018,0.2165423076923077,0
9/14/2018,0.001094469,0
9/15/2018,0.041436649230769236,0
9/16/2018,0.042964231,0
9/17/2018,1.739189,0
9/18/2018,23.437218461538464,0
9/19/2018,11.014176923076924,0
9/20/2018,2.1242099999999997,0
9/21/2018,7.625323846153847,0
9/22/2018,34.522253846153845,0
9/23/2018,1.8888685384615385,0
9/24/2018,1.364685769230769,0
9/25/2018,0.3513703307692308,0
9/26/2018,1.049466076923077,0
9/27/2018,1.5474997692307693,0
9/28/2018,0.37114379999999997,0
9/29/2018,1.3598626153846154,0
9/30/2018,0.008142938,0
10/1/2018,0.8209466923076923,0
10/2/2018,0.022250266999999997,0
10/3/2018,0.001649395,0
10/4/2018,0,0
10/5/2018,9.733076923076923e-12,0
10/6/2018,0,0
10/7/2018,0.12378163076923077,0
10/8/2018,0.006819308,0
10/9/2018,0,0
10/10/2018,0,0
10/11/2018,0.055091669,0
10/12/2018,19.101153846153846,0
10/13/2018,109.74076923076922,0
10/14/2018,3.985832307692308,0
10/15/2018,4.0793846153846154e-09,0
10/16/2018,0.001102231,0
10/17/2018,0.002839813,0
10/18/2018,0.006047842,0
10/19/2018,1.7918461538461538e-08,0
10/20/2018,4.764153846153846e-07,0
10/21/2018,0,0
10/22/2018,0.00047904,0
10/23/2018,0,0
10/24/2018,4.5339352230769224e-05,0
10/25/2018,0.037693076923076926,0
10/26/2018,8.935143649923075e-05,0
10/27/2018,0.000602282,0
10/28/2018,0,0
10/29/2018,0.00346833,0
10/30/2018,0.000141778,0
10/31/2018,0,0
11/1/2018,0.001724608,0
11/2/2018,0.6503007692307693,0
11/3/2018,0.8515782223076923,0
11/4/2018,0,0
11/5/2018,0.000217278,0
11/6/2018,0,0
11/7/2018,0.000874527,0
11/8/2018,0,0
11/9/2018,0.001160021,0
11/10/2018,0,0
11/11/2018,0,0
11/12/2018,0,0
11/13/2018,0.002210292,0
11/14/2018,0,0
11/15/2018,0,0
11/16/2018,0.000328897,0
11/17/2018,0.000820191,0
11/18/2018,0,0
11/19/2018,0,0
11/20/2018,0.001258199,0
11/21/2018,0.001564237,0
11/22/2018,0,0
11/23/2018,2.2479999999999997e-08,0
11/24/2018,0.001225837,0
11/25/2018,0.001525565,0
11/26/2018,0,0
11/27/2018,0,0
11/28/2018,1.2180769230769232e-08,0
11/29/2018,2.4535384615384616e-09,0
11/30/2018,0,0
12/1/2018,0,0
12/2/2018,0.001594631,0
12/3/2018,2.137e-06,0
12/4/2018,0,0
12/5/2018,2.6814876923076923e-05,0
12/6/2018,3.546538461538462e-05,0
12/7/2018,3.2211853846153848e-06,0
12/8/2018,2.114466e-05,0
12/9/2018,0.000137724,0
12/10/2018,1.533e-07,0
12/11/2018,0.007408123,0
12/12/2018,0.040171209,0
12/13/2018,0.000836885,0
12/14/2018,0.024260712,0
12/15/2018,0.37964076923076917,0
12/16/2018,3.146e-08,0
12/17/2018,0.069741585,0
12/18/2018,9.616775153846154,0
12/19/2018,41.73161538461538,0
12/20/2018,6.482626923076923,0
12/21/2018,0,0
12/22/2018,0,0
12/23/2018,0,0
12/24/2018,0,0
12/25/2018,0,0
12/26/2018,0,0
12/27/2018,0,0
12/28/2018,0,0
12/29/2018,0.000790442,0
12/30/2018,1.1805138461538462e-05,0
12/31/2018,0,0
1/1/2019,0,0
1/2/2019,0,0
1/3/2019,0,0
1/4/2019,0,0
1/5/2019,0,0
1/6/2019,0,0
1/7/2019,3.395481682307693e-05,0
1/8/2019,0,0
1/9/2019,0,0
1/10/2019,0,0
1/11/2019,0,0
1/12/2019,0,0
1/13/2019,0,0
1/14/2019,0,0
1/15/2019,0,0
1/16/2019,9.585384615384615e-07,0
1/17/2019,0,0
1/18/2019,0,0
1/19/2019,2.8397692307692306e-05,0
1/20/2019,1.685846153846154e-06,0
1/21/2019,0,0
1/22/2019,2.4054692307692306e-07,0
1/23/2019,0,0
1/24/2019,0,0
1/25/2019,0,0
1/26/2019,0.009980632,0
1/27/2019,0.021193555681538464,0
1/28/2019,0.5647181307692307,0
1/29/2019,1.3063953076923078,0
1/30/2019,0.14016155846153847,0
1/31/2019,0,0
2/1/2019,0,0
2/2/2019,0,0
2/3/2019,0,0
2/4/2019,0,0
2/5/2019,0,0
2/6/2019,1.1146153846153847e-06,0
2/7/2019,0,0
2/8/2019,0,0
2/9/2019,0,0
2/10/2019,0.005998526,0
2/11/2019,0,0
2/12/2019,0.036285796846153844,0
2/13/2019,0.036285796846153844,0
2/14/2019,0.002684965,0
2/15/2019,0,0
2/16/2019,0,0
2/17/2019,11.09246923076923,0
2/18/2019,0.18487815384615386,0
2/19/2019,0,0
2/20/2019,0.054558708,0
2/21/2019,0,0
2/22/2019,0.065638781,0
2/23/2019,0.044874651538461534,0
2/24/2019,0.021978068023076922,0
2/25/2019,0.002021398,0
2/26/2019,4.621538461538462,0
2/27/2019,0.077388086,0
2/28/2019,0.034529738461538464,0
3/1/2019,5.296132384615385,0
3/2/2019,0.000156415,0
3/3/2019,7.150105615384616e-05,0
3/4/2019,6.2045384615384615e-06,0
3/5/2019,0.30765438461538464,0
3/6/2019,0.007012438,0
3/7/2019,1.0718060538461538,0
3/8/2019,1.0315384615384615e-07,0
3/9/2019,0.000464728,0
3/10/2019,1.0660769230769231e-07,0
3/11/2019,9.171918176923078e-05,0
3/12/2019,0.000626834,0
3/13/2019,0.001267462,0
3/14/2019,0.049774218769230764,0
3/15/2019,0.008118614,0
3/16/2019,0.9277729638461536,0
3/17/2019,0.4502293892307693,0
3/18/2019,0.024029811,0
3/19/2019,22.093438461538465,0
3/20/2019,0.33244546153846155,0
3/21/2019,1.3752307692307694e-06,0
3/22/2019,9.749087615384616,0
3/23/2019,0.000472146,0
3/24/2019,0.033025397,0
3/25/2019,4.774740153846155e-06,0
3/26/2019,0.000578076,0
3/27/2019,1.9414615384615385e-06,0
3/28/2019,0,0
3/29/2019,0,0
3/30/2019,0,0
3/31/2019,0.001064686,0
4/1/2019,0,0
4/2/2019,2.409448461538462,0
4/3/2019,0.37412267692307694,0
4/4/2019,0.001337736,0
4/5/2019,0.000291027,0
4/6/2019,0.003941192,0
4/7/2019,0.009020131,0
4/8/2019,0.090623823,0
4/9/2019,0.030873882,0
4/10/2019,0.725140054,0
4/11/2019,1.920500769230769,0
4/12/2019,0.000314943,0
4/13/2019,0.06217569,0
4/14/2019,2.544422307692308e-10,0
4/15/2019,0.014392399369230768,0
4/16/2019,0.007921923,0
4/17/2019,0.002375251,0
4/18/2019,0.020060380907692306,0
4/19/2019,0,0
4/20/2019,10.144640076923075,0
4/21/2019,10.712523076923079,0
4/22/2019,0.1038075076923077,0
4/23/2019,0.2579917692307693,0
4/24/2019,0.010361803076923078,0
4/25/2019,0.013548814615384616,0
4/26/2019,0,0
4/27/2019,3.7552307692307687e-07,0
4/28/2019,6.8479615384615385e-06,0
4/29/2019,0.000670665,0
4/30/2019,0.003473197,0
5/1/2019,0.00028424,0
5/2/2019,0.003869102,0
5/3/2019,0.011912288423076924,0
5/4/2019,33.848461538461535,0
5/5/2019,22.24615384615385,0
5/6/2019,0.20230769230769227,0
5/7/2019,0.9869230769230768,0
5/8/2019,0,0
5/9/2019,0,0
5/10/2019,0,0
5/11/2019,0.007268974,0
5/12/2019,0.000844599,0
5/13/2019,0.8805096153846154,0
5/14/2019,0.7883967692307693,0
5/15/2019,0.045065284,0
5/16/2019,0.43384615384615377,0
5/17/2019,1.0785662307692307,0
5/18/2019,3.263005384615385,0
5/19/2019,0.097482676,0
5/20/2019,0.002444193,0
5/21/2019,0.003014733,0
5/22/2019,0.27001153846153847,0
5/23/2019,0.24960145384615384,0
5/24/2019,0.3432676230769231,0
5/25/2019,1.9615807692307692,0
5/26/2019,0.011379507692307693,0
5/27/2019,0.00025457,0
5/28/2019,0.3451294615384616,0
5/29/2019,0.44255169230769237,0
5/30/2019,16.70129230769231,0
5/31/2019,0.044893892,0
6/1/2019,0.5561141274615384,0
6/2/2019,6.166724615384617,0
6/3/2019,0.091427246,0
6/4/2019,19.355269230769228,0
6/5/2019,3.144699030769231,0
6/6/2019,0.055213231,0
6/7/2019,1.6589724615384613,0
6/8/2019,4.093529230769231,0
6/9/2019,0.6644831307692307,0
6/10/2019,1.821179230769231,0
6/11/2019,0.001213813,0
6/12/2019,0.6289041923076923,0
6/13/2019,0.010317184615384615,0
6/14/2019,31.9487,0
6/15/2019,9.705977692307695,0
6/16/2019,0.19420714307692308,0
6/17/2019,22.606199999999998,0
6/18/2019,0.6594840000000001,0
6/19/2019,0.27236821538461536,0
6/20/2019,4.2834076923076925,0
6/21/2019,0.035455454,0
6/22/2019,37.66615384615385,0
6/23/2019,2.5540211538461537,0
6/24/2019,0.18068276923076926,0
6/25/2019,8.782463076923076,0
6/26/2019,0.26722546153846155,0
6/27/2019,0.006924251,0
6/28/2019,0.10963484538461536,0
6/29/2019,19.905386923076925,0
6/30/2019,1.5895664461538463,0
7/1/2019,3.5761585153846154,0
7/2/2019,17.311984615384613,0
7/3/2019,60.697461538461546,0
7/4/2019,7.325376153846154,0
7/5/2019,3.5987592307692307,0
7/6/2019,4.373788846153847,0
7/7/2019,17.686946153846154,0
7/8/2019,6.571782307692307,0
7/9/2019,0.6936253307692308,0
7/10/2019,0.4221639230769231,0
7/11/2019,2.528628615384616,0
7/12/2019,1.8549415384615386,0
7/13/2019,1.0930686692307694,0
7/14/2019,1.193205076923077,0
7/15/2019,1.0568501,1.4
7/16/2019,0.033976236886646166,1.4
7/17/2019,0.8172340392307691,1.4
7/18/2019,0.12338413220000001,1.4
7/19/2019,12.018881538461537,1.4
7/20/2019,8.588935384615386,1.4
7/21/2019,3.6788661538461533,1.4
7/22/2019,1.4165118461538464,1.4
7/23/2019,1.3139371307692307,1.4
7/24/2019,2.040039676923077,1.4
7/25/2019,2.6880357692307686,1.4
7/26/2019,3.628528461538461,1.4
7/27/2019,28.94184615384615,1.4
7/28/2019,23.67699231,1.4
7/29/2019,8.393794615384614,1.4
7/30/2019,42.41223076923076,1.4
7/31/2019,7.797530769230769,1.4
8/1/2019,0.3723305384615384,1.4
8/2/2019,1.1775424615384615,1.4
8/3/2019,0.47853531538461536,1.4
8/4/2019,13.360661538461537,1.4
8/5/2019,2.676928423076923,1.4
8/6/2019,0.2332238555615385,1.4
8/7/2019,6.350523076923078,1.4
8/8/2019,67.8815,2.9
8/9/2019,44.46484615384616,2.9
8/10/2019,6.5362846153846155,2.9
8/11/2019,1.366445769230769,2.9
8/12/2019,1.050320923076923,2.9
8/13/2019,26.398276923076917,2.9
8/14/2019,82.68823076923076,2.9
8/15/2019,27.82676923076923,2.9
8/16/2019,0.18234276923076922,2.9
8/17/2019,1.556944,2.9
8/18/2019,3.7697169230769227,2.9
8/19/2019,29.083861538461537,2.9
8/20/2019,9.916651538461538,2.9
8/21/2019,8.922476923076921,2.9
8/22/2019,6.974894615384615,2.9
8/23/2019,2.389323076923077,2.9
8/24/2019,4.681817538461539,2.9
8/25/2019,6.839407692307692,2.9
8/26/2019,15.535776923076922,2.9
8/27/2019,31.09021538461538,2.9
8/28/2019,9.057328461538463,2.9
8/29/2019,0.4790973769230768,2.9
8/30/2019,12.776245384615386,2.9
8/31/2019,3.4005138461538467,2.9
9/1/2019,4.1249400000000005,7.8
9/2/2019,7.335896153846152,7.8
9/3/2019,7.144683846153845,7.8
9/4/2019,5.086233846153846,7.8
9/5/2019,27.67794615384615,7.8
9/6/2019,8.843338461538462,7.8
9/7/2019,24.966815384615384,7.8
9/8/2019,59.873769230769234,7.8
9/9/2019,36.48928461538461,7.8
9/10/2019,3.114195384615385,7.8
9/11/2019,1.1310846153846155,7.8
9/12/2019,6.170806923076922,7.8
9/13/2019,20.92673846153846,7.8
9/14/2019,3.8382,7.8
9/15/2019,3.267711538461538,7.8
9/16/2019,0.9560166153846151,7.8
9/17/2019,3.0863084615384606,7.8
9/18/2019,2.9025038461538464,7.8
9/19/2019,0.4920540230769231,7.8
9/20/2019,5.709191538461538,7.8
9/21/2019,3.0137446153846152,7.8
9/22/2019,0.7667558307692308,7.8
9/23/2019,0.086552336,7.8
9/24/2019,2.1699234615384615,7.8
9/25/2019,7.328753076923078,0.1
9/26/2019,23.694807692307695,0.1
9/27/2019,5.224038461538461,0.1
9/28/2019,0.8492410769230769,0.1
9/29/2019,4.490696153846153,0.1
9/30/2019,36.044176923076925,0.1
10/1/2019,24.089692307692307,0.1
10/2/2019,3.405499769230769,0.1
10/3/2019,1.1885628461538462,0.1
10/4/2019,5.352673538461539,0.1
10/5/2019,0.024511171207692306,0.1
10/6/2019,0.12193574923076923,0.1
10/7/2019,8.904519330769231,0.1
10/8/2019,2.1964084615384616,0.1
10/9/2019,21.485723076923076,0.1
10/10/2019,8.270284615384615,0.1
10/11/2019,0.9772650769230771,0.1
10/12/2019,1.083742876923077,0.1
10/13/2019,0.8463314461538461,0.1
10/14/2019,0.8463314461538461,0.1
10/15/2019,0.9653606153846155,0.1
10/16/2019,0.000101802,0.1
10/17/2019,6.955934263076923e-05,0.1
10/18/2019,0.028989395,0.1
10/19/2019,0.5158264923076922,0
10/20/2019,0.022264218,0
10/21/2019,0.099406002,0
10/22/2019,0.333138,0
10/23/2019,1.1260728000000002,0
10/24/2019,0.8453342307692308,0
10/25/2019,35.739538461538466,0
10/26/2019,23.951769230769234,0
10/27/2019,1.2208214153846155,0
10/28/2019,3.762915699230769,0
10/29/2019,0.7467802060769232,0
10/30/2019,0.000161934,0
10/31/2019,0,0
11/1/2019,0.001862759,0
11/2/2019,1.1178504615384612,0
11/3/2019,0,0
11/4/2019,0,0
11/5/2019,0.000477393,0
11/6/2019,0.000750884,0
11/7/2019,0.036332862,0
11/8/2019,0.050170635,0
11/9/2019,0.10564488446153844,0
11/10/2019,0.019343612,0
11/11/2019,0.44851546153846156,0
11/12/2019,0,0.1
11/13/2019,0.001003964,0.1
11/14/2019,0.000775588,0.1
11/15/2019,1.5842769230769231e-06,0.1
11/16/2019,1.6264615384615383e-06,0.1
11/17/2019,0.000636469,0.1
11/18/2019,0,0.1
11/19/2019,9.690075692307692e-07,0.1
11/20/2019,0.000992872,0.1
11/21/2019,0,0.1
11/22/2019,0,0.1
11/23/2019,0.003250125,0.1
11/24/2019,0.001823141,0.1
11/25/2019,0.00041938,0.1
11/26/2019,7.528284615384616e-07,0.1
11/27/2019,0.003293799,0.1
11/28/2019,2.3795400000000005e-06,0.1
11/29/2019,0.000722914,0.1
11/30/2019,0.003159193,0.1
,,0.1
,,0.1
,,0.1
,,0.1
,,0.1
,,0
,,0
,,0
,,0
,,0
,,0
,,0
,,0
,,0
,,0
,,0
,,0
,,0
,,0
,,0
,,0
,,0
,,0
,,0
,,0
,,0
,,0
,,0
,,0
,,0
,,0
